2026-08-15 08:38:27,062 │ INFO    │ Core infrastructure online — CALM-Net.
2026-08-15 08:38:27,064 │ INFO    │ Device: cuda │ Log file: /content/drive/MyDrive/CALM_Net/logs/calmnet_20260815.log
2026-08-15 08:38:27,067 │ INFO    │ Startup: RAM 0.77 GB │ GPU 0.00/0.00 GB
2026-08-15 08:38:55,840 │ INFO    │ AFC reader ready (4 dialects).
2026-08-15 08:39:02,853 │ INFO    │ ▶ running [file_manifest] …
2026-08-15 08:40:35,821 │ INFO    │ ✔ done    [file_manifest] in 93.0s → file_manifest__2023__7fda0833bf.parquet
2026-08-15 08:44:03,265 │ INFO    │ Ingestion [2023] — 17 done, 0 pending (5.08 GB total)  │  cache: reused from TDAG_Net (17 flow parquet files)
2026-08-15 08:44:03,267 │ INFO    │ Nothing to ingest. ✓
2026-08-15 08:44:36,096 │ INFO    │ ▶ running [day_source_map] …
2026-08-15 08:44:36,172 │ INFO    │ ✔ done    [day_source_map] in 0.1s → day_source_map__2023__9fe854d7ee.parquet
2026-08-15 08:44:45,264 │ INFO    │ ▶ running [tensors] …
2026-08-15 08:46:06,196 │ INFO    │ ✔ done    [tensors] in 80.9s → tensors__2023__084ad33c34.pkl
2026-08-15 08:46:18,946 │ INFO    │ After tensors: RAM 1.10 GB │ GPU 0.00/0.00 GB
2026-08-15 08:46:24,092 │ INFO    │ ▶ running [card_signatures] …
2026-08-15 08:46:24,892 │ INFO    │ ✔ done    [card_signatures] in 0.8s → card_signatures__2023__b08eb4f084.pkl
2026-08-15 08:46:35,773 │ INFO    │ ▶ running [persona_prior] …
2026-08-15 08:46:35,873 │ INFO    │ ✔ done    [persona_prior] in 0.1s → persona_prior__2023__4d0870a6c1.pkl
2026-08-15 08:46:51,385 │ INFO    │ ▶ running [spatial_probe] …
2026-08-15 08:47:41,174 │ INFO    │ ✔ done    [spatial_probe] in 49.8s → spatial_probe__2023__ec43276801.pkl
2026-08-15 08:47:52,310 │ INFO    │ ▶ running [A_topo] …
2026-08-15 08:47:52,330 │ INFO    │ ✔ done    [A_topo] in 0.0s → A_topo__2023__d6587516ea.pkl
2026-08-15 08:47:59,823 │ INFO    │ ▶ running [graph_mask] …
2026-08-15 08:48:00,138 │ INFO    │ ✔ done    [graph_mask] in 0.3s → graph_mask__2023__e163a6c92d.pkl
2026-08-15 08:48:18,344 │ INFO    │ ▶ running [delay_support] …
2026-08-15 08:48:18,504 │ INFO    │ ✔ done    [delay_support] in 0.2s → delay_support__2023__0b147800fc.pkl
2026-08-15 08:48:31,817 │ INFO    │ ▶ running [events] …
2026-08-15 08:48:31,891 │ INFO    │ ✔ done    [events] in 0.1s → events__2023__759bb12f03.pkl
2026-08-15 08:48:41,339 │ INFO    │ ▶ running [C_venue] …
2026-08-15 08:48:41,371 │ INFO    │ ✔ done    [C_venue] in 0.0s → C_venue__2023__c38cca5bff.pkl
2026-08-15 08:48:59,644 │ INFO    │ ▶ running [exogenous] …
2026-08-15 08:48:59,751 │ INFO    │ ✔ done    [exogenous] in 0.1s → exogenous__2023__c29b8b64eb.pkl
2026-08-15 08:49:08,489 │ INFO    │ IEEE × M3 plot style configured (single 3.5in / double 7.16in, 600 dpi, Type-42 fonts).
2026-08-15 08:50:09,561 │ INFO    │ 🖼  figure  [F01] Ingestion audit and data retention across source files → F01_fig_ingestion_audit.png
2026-08-15 08:50:11,336 │ INFO    │ 🖼  figure  [F02] Longitudinal network ridership by direction with flagged event days → F02_fig_daily_ridership.png
2026-08-15 08:50:14,483 │ INFO    │ 🖼  figure  [F03] Service-hour completeness and data availability → F03_fig_coverage_calendar.png
2026-08-15 08:50:16,444 │ INFO    │ 🖼  figure  [F04] Ticket-code volume distribution and cumulative coverage → F04_fig_card_pareto.png
2026-08-15 08:50:20,055 │ INFO    │ 🖼  figure  [F05] Diurnal temporal signature of each ticket code → F05_fig_card_signature_heatmap.png
2026-08-15 08:50:21,991 │ INFO    │ 🖼  figure  [F06] Spatial demand concentration across the network → F06_fig_demand_concentration.png
2026-08-15 08:50:23,770 │ INFO    │ 🖼  figure  [F07] Entry-to-exit propagation: empirical basis for the BFC delay kernel → F07_fig_delay_evidence.png
2026-08-15 08:50:24,831 │ INFO    │ 🖼  figure  [F08] Passenger personas in behavioural feature space → F08_fig_persona_space.png
2026-08-15 08:50:26,190 │ INFO    │ 🖼  figure  [F09] Diurnal persona profiles, weekday versus weekend → F09_fig_persona_profiles.png
2026-08-15 08:50:29,402 │ INFO    │ 🖼  figure  [F10] Soft-assignment prior matrix P0 inherited from Paper 3 → F10_fig_prior_matrix.png
2026-08-15 08:50:31,365 │ INFO    │ 🖼  figure  [F11] The PMC conditioning signal: persona mix trajectory → F11_fig_pi_trajectory.png
2026-08-15 08:50:32,591 │ INFO    │ 🖼  figure  [F12] Exogenous context vector z_t and its regime partition → F12_fig_context_vector.png
2026-08-15 08:50:33,884 │ INFO    │ 🖼  figure  [F13] Inferred metro topology coloured by line and sized by ridership → F13_fig_network_graph.png
2026-08-15 08:50:35,849 │ INFO    │ 🖼  figure  [F14] Correlation topology and the CDG sparsity mask M → F14_fig_mask_panel.png
2026-08-15 08:50:37,380 │ INFO    │ 🖼  figure  [F15] Empirical delay-lagged adjacency A(delta) supporting the BFC kernel → F15_fig_delta_adjacency.png
2026-08-15 08:50:40,246 │ INFO    │ 🖼  figure  [F16] Spatio-temporal flow heatmap by direction → F16_fig_flow_heatmap.png
2026-08-15 08:50:44,509 │ INFO    │ 🖼  figure  [F17] Station-level robust z-score surge scan → F17_fig_event_scan.png
2026-08-15 08:50:46,232 │ INFO    │ 🖼  figure  [F18] Anatomy of the largest detected surge → F18_fig_event_anatomy.png
2026-08-15 08:50:47,470 │ INFO    │ 🖼  figure  [F19] Event days versus normal days: demand and mix → F19_fig_event_vs_normal.png
2026-08-15 08:50:47,474 │ INFO    │ Descriptive figures rendered/verified: 19/19
2026-08-15 08:51:05,297 │ INFO    │ ▶ running [windows] …
2026-08-15 08:51:05,314 │ INFO    │ ✔ done    [windows] in 0.0s → windows__2023__5b7a3a5529.pkl
2026-08-15 08:51:20,791 │ INFO    │ CALM-Net components defined: CDG · BFC · PMC · quantile heads (+ inherited TCN / GAT / attention-LSTM backbone).
2026-08-15 08:51:29,841 │ INFO    │ CALM-Net assembled.
2026-08-15 08:51:38,448 │ INFO    │ Baselines part 1 defined (LSTM · TCN · ConvLSTM · SVR-LSTM · TGALSTM · TDAG-Net · TDAG-Net Input-Splitter).
2026-08-15 08:51:48,241 │ INFO    │ Baselines part 2 defined (STGCN · DCRNN · Graph WaveNet · AGCRN).
2026-08-15 08:51:58,246 │ INFO    │ Uncertainty baselines defined (MC-Dropout · Deep Ensemble · Quantile Regression).
2026-08-15 08:53:10,629 │ INFO    │ Trainer ready — resumable to the batch, Huber + pinball objective.
2026-08-15 08:53:26,304 │ INFO    │ ▶ training [LSTM] — 3,640 train / 364 tune windows, 114 batches/epoch, from epoch 0
2026-08-15 08:53:28,596 │ INFO    │   e  0  train 0.23054  val 0.16930  ★  lr 3.00e-04  2s  patience 0/15
2026-08-15 08:53:30,267 │ INFO    │   e  1  train 0.15730  val 0.13243  ★  lr 3.00e-04  2s  patience 0/15
2026-08-15 08:53:31,865 │ INFO    │   e  2  train 0.14094  val 0.12626  ★  lr 3.00e-04  2s  patience 0/15
2026-08-15 08:53:33,434 │ INFO    │   e  3  train 0.13626  val 0.12511  ★  lr 3.00e-04  2s  patience 0/15
2026-08-15 08:53:35,009 │ INFO    │   e  4  train 0.13439  val 0.12270  ★  lr 3.00e-04  2s  patience 0/15
2026-08-15 08:53:36,597 │ INFO    │   e  5  train 0.13317  val 0.11991  ★  lr 3.00e-04  2s  patience 0/15
2026-08-15 08:53:38,183 │ INFO    │   e  6  train 0.13237  val 0.11901  ★  lr 3.00e-04  2s  patience 0/15
2026-08-15 08:53:39,737 │ INFO    │   e  7  train 0.13116  val 0.12045     lr 3.00e-04  2s  patience 1/15
2026-08-15 08:53:41,465 │ INFO    │   e  8  train 0.13045  val 0.11934     lr 3.00e-04  2s  patience 2/15
2026-08-15 08:53:43,217 │ INFO    │   e  9  train 0.13018  val 0.11670  ★  lr 3.00e-04  2s  patience 0/15
2026-08-15 08:53:44,831 │ INFO    │   e 10  train 0.12936  val 0.11749     lr 3.00e-04  2s  patience 1/15
2026-08-15 08:53:46,444 │ INFO    │   e 11  train 0.12881  val 0.11562  ★  lr 3.00e-04  2s  patience 0/15
2026-08-15 08:53:48,013 │ INFO    │   e 12  train 0.12872  val 0.11584     lr 3.00e-04  2s  patience 1/15
2026-08-15 08:53:49,622 │ INFO    │   e 13  train 0.12801  val 0.11544  ★  lr 3.00e-04  2s  patience 0/15
2026-08-15 08:53:51,219 │ INFO    │   e 14  train 0.12747  val 0.11416  ★  lr 3.00e-04  2s  patience 0/15
2026-08-15 08:53:52,826 │ INFO    │   e 15  train 0.12806  val 0.11411  ★  lr 3.00e-04  2s  patience 0/15
2026-08-15 08:53:54,469 │ INFO    │   e 16  train 0.12713  val 0.11411  ★  lr 3.00e-04  2s  patience 0/15
2026-08-15 08:53:56,191 │ INFO    │   e 17  train 0.12661  val 0.11254  ★  lr 3.00e-04  2s  patience 0/15
2026-08-15 08:53:57,913 │ INFO    │   e 18  train 0.12642  val 0.11285     lr 3.00e-04  2s  patience 1/15
2026-08-15 08:53:59,516 │ INFO    │   e 19  train 0.12633  val 0.11438     lr 3.00e-04  2s  patience 2/15
2026-08-15 08:54:01,127 │ INFO    │   e 20  train 0.12597  val 0.11237  ★  lr 3.00e-04  2s  patience 0/15
2026-08-15 08:54:02,731 │ INFO    │   e 21  train 0.12564  val 0.11385     lr 3.00e-04  2s  patience 1/15
2026-08-15 08:54:04,346 │ INFO    │   e 22  train 0.12545  val 0.11220  ★  lr 3.00e-04  2s  patience 0/15
2026-08-15 08:54:05,923 │ INFO    │   e 23  train 0.12531  val 0.11360     lr 3.00e-04  2s  patience 1/15
2026-08-15 08:54:07,536 │ INFO    │   e 24  train 0.12516  val 0.11082  ★  lr 3.00e-04  2s  patience 0/15
2026-08-15 08:54:09,207 │ INFO    │   e 25  train 0.12472  val 0.11283     lr 3.00e-04  2s  patience 1/15
2026-08-15 08:54:10,922 │ INFO    │   e 26  train 0.12465  val 0.11163     lr 3.00e-04  2s  patience 2/15
2026-08-15 08:54:12,660 │ INFO    │   e 27  train 0.12430  val 0.11182     lr 3.00e-04  2s  patience 3/15
2026-08-15 08:54:14,265 │ INFO    │   e 28  train 0.12408  val 0.11120     lr 3.00e-04  2s  patience 4/15
2026-08-15 08:54:15,888 │ INFO    │   e 29  train 0.12400  val 0.11004  ★  lr 3.00e-04  2s  patience 0/15
2026-08-15 08:54:17,490 │ INFO    │   e 30  train 0.12362  val 0.11132     lr 3.00e-04  2s  patience 1/15
2026-08-15 08:54:19,105 │ INFO    │   e 31  train 0.12348  val 0.10963  ★  lr 3.00e-04  2s  patience 0/15
2026-08-15 08:54:20,701 │ INFO    │   e 32  train 0.12321  val 0.11108     lr 3.00e-04  2s  patience 1/15
2026-08-15 08:54:22,332 │ INFO    │   e 33  train 0.12300  val 0.10818  ★  lr 3.00e-04  2s  patience 0/15
2026-08-15 08:54:24,070 │ INFO    │   e 34  train 0.12287  val 0.10950     lr 3.00e-04  2s  patience 1/15
2026-08-15 08:54:25,777 │ INFO    │   e 35  train 0.12268  val 0.10901     lr 3.00e-04  2s  patience 2/15
2026-08-15 08:54:27,478 │ INFO    │   e 36  train 0.12268  val 0.10803  ★  lr 3.00e-04  2s  patience 0/15
2026-08-15 08:54:29,085 │ INFO    │   e 37  train 0.12226  val 0.10846     lr 3.00e-04  2s  patience 1/15
2026-08-15 08:54:30,714 │ INFO    │   e 38  train 0.12210  val 0.10828     lr 3.00e-04  2s  patience 2/15
2026-08-15 08:54:32,311 │ INFO    │   e 39  train 0.12168  val 0.10937     lr 3.00e-04  2s  patience 3/15
2026-08-15 08:54:33,954 │ INFO    │   e 40  train 0.12177  val 0.10798  ★  lr 3.00e-04  2s  patience 0/15
2026-08-15 08:54:35,592 │ INFO    │   e 41  train 0.12145  val 0.10789  ★  lr 3.00e-04  2s  patience 0/15
2026-08-15 08:54:37,269 │ INFO    │   e 42  train 0.12135  val 0.10906     lr 3.00e-04  2s  patience 1/15
2026-08-15 08:54:39,034 │ INFO    │   e 43  train 0.12104  val 0.10729  ★  lr 3.00e-04  2s  patience 0/15
2026-08-15 08:54:40,780 │ INFO    │   e 44  train 0.12072  val 0.10693  ★  lr 3.00e-04  2s  patience 0/15
2026-08-15 08:54:42,405 │ INFO    │   e 45  train 0.12039  val 0.10729     lr 3.00e-04  2s  patience 1/15
2026-08-15 08:54:44,025 │ INFO    │   e 46  train 0.12044  val 0.10769     lr 3.00e-04  2s  patience 2/15
2026-08-15 08:54:45,704 │ INFO    │   e 47  train 0.12020  val 0.10687  ★  lr 3.00e-04  2s  patience 0/15
2026-08-15 08:54:47,385 │ INFO    │   e 48  train 0.12013  val 0.10594  ★  lr 3.00e-04  2s  patience 0/15
2026-08-15 08:54:49,012 │ INFO    │   e 49  train 0.12010  val 0.10654     lr 3.00e-04  2s  patience 1/15
2026-08-15 08:54:50,669 │ INFO    │   e 50  train 0.11971  val 0.10672     lr 3.00e-04  2s  patience 2/15
2026-08-15 08:54:52,400 │ INFO    │   e 51  train 0.11956  val 0.10592  ★  lr 3.00e-04  2s  patience 0/15
2026-08-15 08:54:54,163 │ INFO    │   e 52  train 0.11934  val 0.10623     lr 3.00e-04  2s  patience 1/15
2026-08-15 08:54:55,865 │ INFO    │   e 53  train 0.11940  val 0.10590  ★  lr 3.00e-04  2s  patience 0/15
2026-08-15 08:54:57,524 │ INFO    │   e 54  train 0.11941  val 0.10693     lr 3.00e-04  2s  patience 1/15
2026-08-15 08:54:59,176 │ INFO    │   e 55  train 0.11917  val 0.10577  ★  lr 3.00e-04  2s  patience 0/15
2026-08-15 08:55:00,852 │ INFO    │   e 56  train 0.11902  val 0.10494  ★  lr 3.00e-04  2s  patience 0/15
2026-08-15 08:55:02,526 │ INFO    │   e 57  train 0.11907  val 0.10393  ★  lr 3.00e-04  2s  patience 0/15
2026-08-15 08:55:04,166 │ INFO    │   e 58  train 0.11920  val 0.10657     lr 3.00e-04  2s  patience 1/15
2026-08-15 08:55:05,876 │ INFO    │   e 59  train 0.11896  val 0.10446     lr 3.00e-04  2s  patience 2/15
2026-08-15 08:55:07,612 │ INFO    │   e 60  train 0.11896  val 0.10658     lr 3.00e-04  2s  patience 3/15
2026-08-15 08:55:09,305 │ INFO    │   e 61  train 0.11864  val 0.10554     lr 3.00e-04  2s  patience 4/15
2026-08-15 08:55:10,968 │ INFO    │   e 62  train 0.11880  val 0.10677     lr 3.00e-04  2s  patience 5/15
2026-08-15 08:55:12,611 │ INFO    │   e 63  train 0.11840  val 0.10533     lr 3.00e-04  2s  patience 6/15
2026-08-15 08:55:14,261 │ INFO    │   e 64  train 0.11826  val 0.10468     lr 1.50e-04  2s  patience 7/15
2026-08-15 08:55:15,908 │ INFO    │   e 65  train 0.11801  val 0.10483     lr 1.50e-04  2s  patience 8/15
2026-08-15 08:55:17,604 │ INFO    │   e 66  train 0.11799  val 0.10377  ★  lr 1.50e-04  2s  patience 0/15
2026-08-15 08:55:19,311 │ INFO    │   e 67  train 0.11791  val 0.10422     lr 1.50e-04  2s  patience 1/15
2026-08-15 08:55:21,065 │ INFO    │   e 68  train 0.11782  val 0.10383     lr 1.50e-04  2s  patience 2/15
2026-08-15 08:55:22,839 │ INFO    │   e 69  train 0.11782  val 0.10308  ★  lr 1.50e-04  2s  patience 0/15
2026-08-15 08:55:24,495 │ INFO    │   e 70  train 0.11766  val 0.10477     lr 1.50e-04  2s  patience 1/15
2026-08-15 08:55:26,138 │ INFO    │   e 71  train 0.11755  val 0.10378     lr 1.50e-04  2s  patience 2/15
2026-08-15 08:55:27,781 │ INFO    │   e 72  train 0.11764  val 0.10372     lr 1.50e-04  2s  patience 3/15
2026-08-15 08:55:29,428 │ INFO    │   e 73  train 0.11773  val 0.10417     lr 1.50e-04  2s  patience 4/15
2026-08-15 08:55:31,075 │ INFO    │   e 74  train 0.11754  val 0.10550     lr 1.50e-04  2s  patience 5/15
2026-08-15 08:55:32,739 │ INFO    │   e 75  train 0.11748  val 0.10333     lr 1.50e-04  2s  patience 6/15
2026-08-15 08:55:34,495 │ INFO    │   e 76  train 0.11754  val 0.10342     lr 7.50e-05  2s  patience 7/15
2026-08-15 08:55:36,246 │ INFO    │   e 77  train 0.11720  val 0.10371     lr 7.50e-05  2s  patience 8/15
2026-08-15 08:55:37,969 │ INFO    │   e 78  train 0.11720  val 0.10272  ★  lr 7.50e-05  2s  patience 0/15
2026-08-15 08:55:39,629 │ INFO    │   e 79  train 0.11712  val 0.10344     lr 7.50e-05  2s  patience 1/15
2026-08-15 08:55:39,721 │ INFO    │ ✔ finished [LSTM] best_val=0.10272 @ epoch 78
2026-08-15 08:55:42,175 │ INFO    │ ▶ training [TCN] — 3,640 train / 364 tune windows, 114 batches/epoch, from epoch 0
2026-08-15 08:55:45,990 │ INFO    │   e  0  train 0.21070  val 0.13132  ★  lr 3.00e-04  4s  patience 0/15
2026-08-15 08:55:48,931 │ INFO    │   e  1  train 0.15450  val 0.12115  ★  lr 3.00e-04  3s  patience 0/15
2026-08-15 08:55:51,916 │ INFO    │   e  2  train 0.14481  val 0.11820  ★  lr 3.00e-04  3s  patience 0/15
2026-08-15 08:55:54,820 │ INFO    │   e  3  train 0.13938  val 0.11675  ★  lr 3.00e-04  3s  patience 0/15
2026-08-15 08:55:57,735 │ INFO    │   e  4  train 0.13552  val 0.11346  ★  lr 3.00e-04  3s  patience 0/15
2026-08-15 08:56:00,644 │ INFO    │   e  5  train 0.13226  val 0.11142  ★  lr 3.00e-04  3s  patience 0/15
2026-08-15 08:56:03,583 │ INFO    │   e  6  train 0.13036  val 0.11187     lr 3.00e-04  3s  patience 1/15
2026-08-15 08:56:06,518 │ INFO    │   e  7  train 0.12856  val 0.11035  ★  lr 3.00e-04  3s  patience 0/15
2026-08-15 08:56:09,421 │ INFO    │   e  8  train 0.12694  val 0.10860  ★  lr 3.00e-04  3s  patience 0/15
2026-08-15 08:56:12,322 │ INFO    │   e  9  train 0.12577  val 0.10693  ★  lr 3.00e-04  3s  patience 0/15
2026-08-15 08:56:15,258 │ INFO    │   e 10  train 0.12498  val 0.10600  ★  lr 3.00e-04  3s  patience 0/15
2026-08-15 08:56:18,202 │ INFO    │   e 11  train 0.12414  val 0.10682     lr 3.00e-04  3s  patience 1/15
2026-08-15 08:56:21,132 │ INFO    │   e 12  train 0.12362  val 0.10543  ★  lr 3.00e-04  3s  patience 0/15
2026-08-15 08:56:23,995 │ INFO    │   e 13  train 0.12281  val 0.10563     lr 3.00e-04  3s  patience 1/15
2026-08-15 08:56:26,898 │ INFO    │   e 14  train 0.12212  val 0.10472  ★  lr 3.00e-04  3s  patience 0/15
2026-08-15 08:56:29,842 │ INFO    │   e 15  train 0.12208  val 0.10450  ★  lr 3.00e-04  3s  patience 0/15
2026-08-15 08:56:32,834 │ INFO    │   e 16  train 0.12115  val 0.10410  ★  lr 3.00e-04  3s  patience 0/15
2026-08-15 08:56:35,746 │ INFO    │   e 17  train 0.12093  val 0.10285  ★  lr 3.00e-04  3s  patience 0/15
2026-08-15 08:56:38,625 │ INFO    │   e 18  train 0.12058  val 0.10296     lr 3.00e-04  3s  patience 1/15
2026-08-15 08:56:41,500 │ INFO    │   e 19  train 0.12037  val 0.10501     lr 3.00e-04  3s  patience 2/15
2026-08-15 08:56:44,481 │ INFO    │   e 20  train 0.11999  val 0.10223  ★  lr 3.00e-04  3s  patience 0/15
2026-08-15 08:56:47,419 │ INFO    │   e 21  train 0.11942  val 0.10379     lr 3.00e-04  3s  patience 1/15
2026-08-15 08:56:50,294 │ INFO    │   e 22  train 0.11930  val 0.10237     lr 3.00e-04  3s  patience 2/15
2026-08-15 08:56:53,217 │ INFO    │   e 23  train 0.11932  val 0.10138  ★  lr 3.00e-04  3s  patience 0/15
2026-08-15 08:56:56,113 │ INFO    │   e 24  train 0.11875  val 0.10308     lr 3.00e-04  3s  patience 1/15
2026-08-15 08:56:59,079 │ INFO    │   e 25  train 0.11860  val 0.10249     lr 3.00e-04  3s  patience 2/15
2026-08-15 08:57:02,061 │ INFO    │   e 26  train 0.11841  val 0.10089  ★  lr 3.00e-04  3s  patience 0/15
2026-08-15 08:57:04,939 │ INFO    │   e 27  train 0.11807  val 0.10122     lr 3.00e-04  3s  patience 1/15
2026-08-15 08:57:07,826 │ INFO    │   e 28  train 0.11808  val 0.10161     lr 3.00e-04  3s  patience 2/15
2026-08-15 08:57:10,752 │ INFO    │   e 29  train 0.11781  val 0.09952  ★  lr 3.00e-04  3s  patience 0/15
2026-08-15 08:57:13,730 │ INFO    │   e 30  train 0.11756  val 0.10246     lr 3.00e-04  3s  patience 1/15
2026-08-15 08:57:16,645 │ INFO    │   e 31  train 0.11769  val 0.10082     lr 3.00e-04  3s  patience 2/15
2026-08-15 08:57:19,539 │ INFO    │   e 32  train 0.11739  val 0.10047     lr 3.00e-04  3s  patience 3/15
2026-08-15 08:57:22,475 │ INFO    │   e 33  train 0.11700  val 0.09857  ★  lr 3.00e-04  3s  patience 0/15
2026-08-15 08:57:25,419 │ INFO    │   e 34  train 0.11695  val 0.10159     lr 3.00e-04  3s  patience 1/15
2026-08-15 08:57:28,434 │ INFO    │   e 35  train 0.11672  val 0.09864     lr 3.00e-04  3s  patience 2/15
2026-08-15 08:57:31,349 │ INFO    │   e 36  train 0.11660  val 0.10022     lr 3.00e-04  3s  patience 3/15
2026-08-15 08:57:34,259 │ INFO    │   e 37  train 0.11654  val 0.09985     lr 3.00e-04  3s  patience 4/15
2026-08-15 08:57:37,158 │ INFO    │   e 38  train 0.11651  val 0.10068     lr 3.00e-04  3s  patience 5/15
2026-08-15 08:57:40,126 │ INFO    │   e 39  train 0.11633  val 0.09962     lr 3.00e-04  3s  patience 6/15
2026-08-15 08:57:43,125 │ INFO    │   e 40  train 0.11613  val 0.09928     lr 1.50e-04  3s  patience 7/15
2026-08-15 08:57:46,024 │ INFO    │   e 41  train 0.11562  val 0.09914     lr 1.50e-04  3s  patience 8/15
2026-08-15 08:57:48,934 │ INFO    │   e 42  train 0.11542  val 0.09900     lr 1.50e-04  3s  patience 9/15
2026-08-15 08:57:51,836 │ INFO    │   e 43  train 0.11528  val 0.09896     lr 1.50e-04  3s  patience 10/15
2026-08-15 08:57:54,806 │ INFO    │   e 44  train 0.11544  val 0.09877     lr 1.50e-04  3s  patience 11/15
2026-08-15 08:57:57,772 │ INFO    │   e 45  train 0.11537  val 0.09904     lr 1.50e-04  3s  patience 12/15
2026-08-15 08:58:00,673 │ INFO    │   e 46  train 0.11520  val 0.09918     lr 1.50e-04  3s  patience 13/15
2026-08-15 08:58:03,601 │ INFO    │   e 47  train 0.11525  val 0.09863     lr 7.50e-05  3s  patience 14/15
2026-08-15 08:58:06,506 │ INFO    │   e 48  train 0.11489  val 0.09861     lr 7.50e-05  3s  patience 15/15
2026-08-15 08:58:06,560 │ INFO    │   ⏹ early stop at epoch 49 (best 0.09857 @ epoch 33)
2026-08-15 08:58:06,619 │ INFO    │ ✔ finished [TCN] best_val=0.09857 @ epoch 33
2026-08-15 08:58:08,815 │ INFO    │ ▶ training [ConvLSTM] — 3,640 train / 364 tune windows, 114 batches/epoch, from epoch 0
2026-08-15 08:58:14,116 │ INFO    │   e  0  train 0.23730  val 0.17259  ★  lr 3.00e-04  5s  patience 0/15
2026-08-15 08:58:15,682 │ INFO    │   e  1  train 0.16528  val 0.13130  ★  lr 3.00e-04  2s  patience 0/15
2026-08-15 08:58:17,135 │ INFO    │   e  2  train 0.13746  val 0.11993  ★  lr 3.00e-04  1s  patience 0/15
2026-08-15 08:58:18,685 │ INFO    │   e  3  train 0.12985  val 0.11615  ★  lr 3.00e-04  2s  patience 0/15
2026-08-15 08:58:20,248 │ INFO    │   e  4  train 0.12643  val 0.11330  ★  lr 3.00e-04  2s  patience 0/15
2026-08-15 08:58:22,154 │ INFO    │   e  5  train 0.12442  val 0.11064  ★  lr 3.00e-04  2s  patience 0/15
2026-08-15 08:58:24,066 │ INFO    │   e  6  train 0.12268  val 0.10946  ★  lr 3.00e-04  2s  patience 0/15
2026-08-15 08:58:25,649 │ INFO    │   e  7  train 0.12168  val 0.10888  ★  lr 3.00e-04  2s  patience 0/15
2026-08-15 08:58:27,101 │ INFO    │   e  8  train 0.12053  val 0.10778  ★  lr 3.00e-04  1s  patience 0/15
2026-08-15 08:58:28,531 │ INFO    │   e  9  train 0.11972  val 0.10592  ★  lr 3.00e-04  1s  patience 0/15
2026-08-15 08:58:29,985 │ INFO    │   e 10  train 0.11882  val 0.10545  ★  lr 3.00e-04  1s  patience 0/15
2026-08-15 08:58:31,441 │ INFO    │   e 11  train 0.11830  val 0.10472  ★  lr 3.00e-04  1s  patience 0/15
2026-08-15 08:58:32,893 │ INFO    │   e 12  train 0.11802  val 0.10411  ★  lr 3.00e-04  1s  patience 0/15
2026-08-15 08:58:34,350 │ INFO    │   e 13  train 0.11739  val 0.10420     lr 3.00e-04  1s  patience 1/15
2026-08-15 08:58:36,226 │ INFO    │   e 14  train 0.11668  val 0.10332  ★  lr 3.00e-04  2s  patience 0/15
2026-08-15 08:58:38,247 │ INFO    │   e 15  train 0.11642  val 0.10379     lr 3.00e-04  2s  patience 1/15
2026-08-15 08:58:39,696 │ INFO    │   e 16  train 0.11615  val 0.10369     lr 3.00e-04  1s  patience 2/15
2026-08-15 08:58:41,132 │ INFO    │   e 17  train 0.11559  val 0.10135  ★  lr 3.00e-04  1s  patience 0/15
2026-08-15 08:58:42,568 │ INFO    │   e 18  train 0.11519  val 0.10181     lr 3.00e-04  1s  patience 1/15
2026-08-15 08:58:44,079 │ INFO    │   e 19  train 0.11520  val 0.10190     lr 3.00e-04  1s  patience 2/15
2026-08-15 08:58:45,520 │ INFO    │   e 20  train 0.11454  val 0.10074  ★  lr 3.00e-04  1s  patience 0/15
2026-08-15 08:58:46,992 │ INFO    │   e 21  train 0.11428  val 0.10098     lr 3.00e-04  1s  patience 1/15
2026-08-15 08:58:48,567 │ INFO    │   e 22  train 0.11379  val 0.10022  ★  lr 3.00e-04  2s  patience 0/15
2026-08-15 08:58:50,444 │ INFO    │   e 23  train 0.11340  val 0.10358     lr 3.00e-04  2s  patience 1/15
2026-08-15 08:58:52,342 │ INFO    │   e 24  train 0.11334  val 0.09907  ★  lr 3.00e-04  2s  patience 0/15
2026-08-15 08:58:53,867 │ INFO    │   e 25  train 0.11297  val 0.10243     lr 3.00e-04  1s  patience 1/15
2026-08-15 08:58:55,353 │ INFO    │   e 26  train 0.11274  val 0.09972     lr 3.00e-04  1s  patience 2/15
2026-08-15 08:58:56,861 │ INFO    │   e 27  train 0.11203  val 0.09880  ★  lr 3.00e-04  1s  patience 0/15
2026-08-15 08:58:58,321 │ INFO    │   e 28  train 0.11184  val 0.09867  ★  lr 3.00e-04  1s  patience 0/15
2026-08-15 08:58:59,833 │ INFO    │   e 29  train 0.11178  val 0.09755  ★  lr 3.00e-04  1s  patience 0/15
2026-08-15 08:59:01,250 │ INFO    │   e 30  train 0.11112  val 0.09843     lr 3.00e-04  1s  patience 1/15
2026-08-15 08:59:02,952 │ INFO    │   e 31  train 0.11125  val 0.09762     lr 3.00e-04  2s  patience 2/15
2026-08-15 08:59:04,888 │ INFO    │   e 32  train 0.11068  val 0.09902     lr 3.00e-04  2s  patience 3/15
2026-08-15 08:59:06,805 │ INFO    │   e 33  train 0.11041  val 0.09593  ★  lr 3.00e-04  2s  patience 0/15
2026-08-15 08:59:08,273 │ INFO    │   e 34  train 0.11021  val 0.09657     lr 3.00e-04  1s  patience 1/15
2026-08-15 08:59:09,696 │ INFO    │   e 35  train 0.11003  val 0.09635     lr 3.00e-04  1s  patience 2/15
2026-08-15 08:59:11,194 │ INFO    │   e 36  train 0.10985  val 0.09606     lr 3.00e-04  1s  patience 3/15
2026-08-15 08:59:12,748 │ INFO    │   e 37  train 0.10935  val 0.09575  ★  lr 3.00e-04  2s  patience 0/15
2026-08-15 08:59:14,240 │ INFO    │   e 38  train 0.10927  val 0.09572  ★  lr 3.00e-04  1s  patience 0/15
2026-08-15 08:59:15,700 │ INFO    │   e 39  train 0.10906  val 0.09637     lr 3.00e-04  1s  patience 1/15
2026-08-15 08:59:17,450 │ INFO    │   e 40  train 0.10867  val 0.09455  ★  lr 3.00e-04  2s  patience 0/15
2026-08-15 08:59:19,290 │ INFO    │   e 41  train 0.10859  val 0.09461     lr 3.00e-04  2s  patience 1/15
2026-08-15 08:59:20,977 │ INFO    │   e 42  train 0.10834  val 0.09458     lr 3.00e-04  2s  patience 2/15
2026-08-15 08:59:22,397 │ INFO    │   e 43  train 0.10799  val 0.09388  ★  lr 3.00e-04  1s  patience 0/15
2026-08-15 08:59:23,892 │ INFO    │   e 44  train 0.10780  val 0.09409     lr 3.00e-04  1s  patience 1/15
2026-08-15 08:59:25,305 │ INFO    │   e 45  train 0.10743  val 0.09458     lr 3.00e-04  1s  patience 2/15
2026-08-15 08:59:26,820 │ INFO    │   e 46  train 0.10743  val 0.09374  ★  lr 3.00e-04  1s  patience 0/15
2026-08-15 08:59:28,296 │ INFO    │   e 47  train 0.10708  val 0.09547     lr 3.00e-04  1s  patience 1/15
2026-08-15 08:59:29,783 │ INFO    │   e 48  train 0.10729  val 0.09268  ★  lr 3.00e-04  1s  patience 0/15
2026-08-15 08:59:31,566 │ INFO    │   e 49  train 0.10696  val 0.09551     lr 3.00e-04  2s  patience 1/15
2026-08-15 08:59:33,476 │ INFO    │   e 50  train 0.10678  val 0.09266  ★  lr 3.00e-04  2s  patience 0/15
2026-08-15 08:59:35,001 │ INFO    │   e 51  train 0.10630  val 0.09261  ★  lr 3.00e-04  1s  patience 0/15
2026-08-15 08:59:36,423 │ INFO    │   e 52  train 0.10615  val 0.09275     lr 3.00e-04  1s  patience 1/15
2026-08-15 08:59:37,966 │ INFO    │   e 53  train 0.10670  val 0.09356     lr 3.00e-04  2s  patience 2/15
2026-08-15 08:59:39,481 │ INFO    │   e 54  train 0.10607  val 0.09316     lr 3.00e-04  1s  patience 3/15
2026-08-15 08:59:41,034 │ INFO    │   e 55  train 0.10627  val 0.09241  ★  lr 3.00e-04  2s  patience 0/15
2026-08-15 08:59:42,632 │ INFO    │   e 56  train 0.10563  val 0.09239  ★  lr 3.00e-04  2s  patience 0/15
2026-08-15 08:59:44,318 │ INFO    │   e 57  train 0.10553  val 0.09117  ★  lr 3.00e-04  2s  patience 0/15
2026-08-15 08:59:46,220 │ INFO    │   e 58  train 0.10544  val 0.09451     lr 3.00e-04  2s  patience 1/15
2026-08-15 08:59:48,084 │ INFO    │   e 59  train 0.10538  val 0.09209     lr 3.00e-04  2s  patience 2/15
2026-08-15 08:59:49,481 │ INFO    │   e 60  train 0.10506  val 0.09221     lr 3.00e-04  1s  patience 3/15
2026-08-15 08:59:50,947 │ INFO    │   e 61  train 0.10479  val 0.09239     lr 3.00e-04  1s  patience 4/15
2026-08-15 08:59:52,384 │ INFO    │   e 62  train 0.10541  val 0.09086  ★  lr 3.00e-04  1s  patience 0/15
2026-08-15 08:59:53,849 │ INFO    │   e 63  train 0.10492  val 0.09319     lr 3.00e-04  1s  patience 1/15
2026-08-15 08:59:55,304 │ INFO    │   e 64  train 0.10463  val 0.09035  ★  lr 3.00e-04  1s  patience 0/15
2026-08-15 08:59:56,753 │ INFO    │   e 65  train 0.10441  val 0.09338     lr 3.00e-04  1s  patience 1/15
2026-08-15 08:59:58,397 │ INFO    │   e 66  train 0.10443  val 0.08980  ★  lr 3.00e-04  2s  patience 0/15
2026-08-15 09:00:00,258 │ INFO    │   e 67  train 0.10412  val 0.09017     lr 3.00e-04  2s  patience 1/15
2026-08-15 09:00:02,029 │ INFO    │   e 68  train 0.10409  val 0.08980  ★  lr 3.00e-04  2s  patience 0/15
2026-08-15 09:00:03,469 │ INFO    │   e 69  train 0.10387  val 0.08950  ★  lr 3.00e-04  1s  patience 0/15
2026-08-15 09:00:04,908 │ INFO    │   e 70  train 0.10361  val 0.08930  ★  lr 3.00e-04  1s  patience 0/15
2026-08-15 09:00:06,344 │ INFO    │   e 71  train 0.10347  val 0.09063     lr 3.00e-04  1s  patience 1/15
2026-08-15 09:00:07,863 │ INFO    │   e 72  train 0.10350  val 0.09056     lr 3.00e-04  1s  patience 2/15
2026-08-15 09:00:09,259 │ INFO    │   e 73  train 0.10364  val 0.09085     lr 3.00e-04  1s  patience 3/15
2026-08-15 09:00:10,762 │ INFO    │   e 74  train 0.10330  val 0.09005     lr 3.00e-04  1s  patience 4/15
2026-08-15 09:00:12,523 │ INFO    │   e 75  train 0.10308  val 0.08955     lr 3.00e-04  2s  patience 5/15
2026-08-15 09:00:14,386 │ INFO    │   e 76  train 0.10317  val 0.08961     lr 3.00e-04  2s  patience 6/15
2026-08-15 09:00:16,124 │ INFO    │   e 77  train 0.10324  val 0.09011     lr 1.50e-04  2s  patience 7/15
2026-08-15 09:00:17,554 │ INFO    │   e 78  train 0.10239  val 0.08828  ★  lr 1.50e-04  1s  patience 0/15
2026-08-15 09:00:19,000 │ INFO    │   e 79  train 0.10233  val 0.09028     lr 1.50e-04  1s  patience 1/15
2026-08-15 09:00:19,078 │ INFO    │ ✔ finished [ConvLSTM] best_val=0.08828 @ epoch 78
2026-08-15 09:00:21,374 │ INFO    │     SVR-LSTM: SVR fitted on 20,000 station-windows
2026-08-15 09:00:21,375 │ INFO    │ ▶ training [SVR-LSTM] — 3,640 train / 364 tune windows, 114 batches/epoch, from epoch 0
2026-08-15 09:00:24,492 │ INFO    │   e  0  train 0.22733  val 0.16842  ★  lr 3.00e-04  3s  patience 0/15
2026-08-15 09:00:30,448 │ INFO    │   e  1  train 0.15930  val 0.13635  ★  lr 3.00e-04  6s  patience 0/15
2026-08-15 09:00:33,676 │ INFO    │   e  2  train 0.14366  val 0.12791  ★  lr 3.00e-04  3s  patience 0/15
2026-08-15 09:00:36,788 │ INFO    │   e  3  train 0.13821  val 0.12545  ★  lr 3.00e-04  3s  patience 0/15
2026-08-15 09:00:39,981 │ INFO    │   e  4  train 0.13575  val 0.12423  ★  lr 3.00e-04  3s  patience 0/15
2026-08-15 09:00:46,167 │ INFO    │   e  5  train 0.13418  val 0.12256  ★  lr 3.00e-04  6s  patience 0/15
2026-08-15 09:00:49,310 │ INFO    │   e  6  train 0.13308  val 0.12175  ★  lr 3.00e-04  3s  patience 0/15
2026-08-15 09:00:52,453 │ INFO    │   e  7  train 0.13217  val 0.12210     lr 3.00e-04  3s  patience 1/15
2026-08-15 09:00:55,566 │ INFO    │   e  8  train 0.13147  val 0.11958  ★  lr 3.00e-04  3s  patience 0/15
2026-08-15 09:01:01,746 │ INFO    │   e  9  train 0.13083  val 0.11884  ★  lr 3.00e-04  6s  patience 0/15
2026-08-15 09:01:04,893 │ INFO    │   e 10  train 0.13030  val 0.11832  ★  lr 3.00e-04  3s  patience 0/15
2026-08-15 09:01:08,048 │ INFO    │   e 11  train 0.12984  val 0.11767  ★  lr 3.00e-04  3s  patience 0/15
2026-08-15 09:01:11,600 │ INFO    │   e 12  train 0.12955  val 0.11713  ★  lr 3.00e-04  4s  patience 0/15
2026-08-15 09:01:17,473 │ INFO    │   e 13  train 0.12910  val 0.11772     lr 3.00e-04  6s  patience 1/15
2026-08-15 09:01:20,593 │ INFO    │   e 14  train 0.12866  val 0.11670  ★  lr 3.00e-04  3s  patience 0/15
2026-08-15 09:01:23,795 │ INFO    │   e 15  train 0.12850  val 0.11627  ★  lr 3.00e-04  3s  patience 0/15
2026-08-15 09:01:28,286 │ INFO    │   e 16  train 0.12812  val 0.11632     lr 3.00e-04  4s  patience 1/15
2026-08-15 09:01:33,120 │ INFO    │   e 17  train 0.12782  val 0.11496  ★  lr 3.00e-04  5s  patience 0/15
2026-08-15 09:01:36,258 │ INFO    │   e 18  train 0.12755  val 0.11539     lr 3.00e-04  3s  patience 1/15
2026-08-15 09:01:39,419 │ INFO    │   e 19  train 0.12739  val 0.11599     lr 3.00e-04  3s  patience 2/15
2026-08-15 09:01:44,790 │ INFO    │   e 20  train 0.12711  val 0.11441  ★  lr 3.00e-04  5s  patience 0/15
2026-08-15 09:01:48,758 │ INFO    │   e 21  train 0.12675  val 0.11485     lr 3.00e-04  4s  patience 1/15
2026-08-15 09:01:51,917 │ INFO    │   e 22  train 0.12656  val 0.11428  ★  lr 3.00e-04  3s  patience 0/15
2026-08-15 09:01:55,092 │ INFO    │   e 23  train 0.12630  val 0.11448     lr 3.00e-04  3s  patience 1/15
2026-08-15 09:02:00,660 │ INFO    │   e 24  train 0.12608  val 0.11337  ★  lr 3.00e-04  6s  patience 0/15
2026-08-15 09:02:04,249 │ INFO    │   e 25  train 0.12592  val 0.11349     lr 3.00e-04  4s  patience 1/15
2026-08-15 09:02:07,412 │ INFO    │   e 26  train 0.12568  val 0.11295  ★  lr 3.00e-04  3s  patience 0/15
2026-08-15 09:02:10,640 │ INFO    │   e 27  train 0.12529  val 0.11351     lr 3.00e-04  3s  patience 1/15
2026-08-15 09:02:16,361 │ INFO    │   e 28  train 0.12523  val 0.11370     lr 3.00e-04  6s  patience 2/15
2026-08-15 09:02:20,017 │ INFO    │   e 29  train 0.12498  val 0.11176  ★  lr 3.00e-04  4s  patience 0/15
2026-08-15 09:02:23,086 │ INFO    │   e 30  train 0.12464  val 0.11445     lr 3.00e-04  3s  patience 1/15
2026-08-15 09:02:26,182 │ INFO    │   e 31  train 0.12473  val 0.11178     lr 3.00e-04  3s  patience 2/15
2026-08-15 09:02:32,267 │ INFO    │   e 32  train 0.12430  val 0.11180     lr 3.00e-04  6s  patience 3/15
2026-08-15 09:02:35,431 │ INFO    │   e 33  train 0.12407  val 0.11042  ★  lr 3.00e-04  3s  patience 0/15
2026-08-15 09:02:38,542 │ INFO    │   e 34  train 0.12396  val 0.11174     lr 3.00e-04  3s  patience 1/15
2026-08-15 09:02:41,662 │ INFO    │   e 35  train 0.12376  val 0.11173     lr 3.00e-04  3s  patience 2/15
2026-08-15 09:02:47,868 │ INFO    │   e 36  train 0.12366  val 0.11085     lr 3.00e-04  6s  patience 3/15
2026-08-15 09:02:50,945 │ INFO    │   e 37  train 0.12346  val 0.11097     lr 3.00e-04  3s  patience 4/15
2026-08-15 09:02:54,085 │ INFO    │   e 38  train 0.12333  val 0.11063     lr 3.00e-04  3s  patience 5/15
2026-08-15 09:02:57,283 │ INFO    │   e 39  train 0.12315  val 0.11059     lr 3.00e-04  3s  patience 6/15
2026-08-15 09:03:03,478 │ INFO    │   e 40  train 0.12314  val 0.11013  ★  lr 3.00e-04  6s  patience 0/15
2026-08-15 09:03:06,610 │ INFO    │   e 41  train 0.12295  val 0.11052     lr 3.00e-04  3s  patience 1/15
2026-08-15 09:03:09,737 │ INFO    │   e 42  train 0.12282  val 0.11023     lr 3.00e-04  3s  patience 2/15
2026-08-15 09:03:13,051 │ INFO    │   e 43  train 0.12254  val 0.10969  ★  lr 3.00e-04  3s  patience 0/15
2026-08-15 09:03:19,037 │ INFO    │   e 44  train 0.12251  val 0.10987     lr 3.00e-04  6s  patience 1/15
2026-08-15 09:03:22,178 │ INFO    │   e 45  train 0.12225  val 0.10927  ★  lr 3.00e-04  3s  patience 0/15
2026-08-15 09:03:25,267 │ INFO    │   e 46  train 0.12217  val 0.10944     lr 3.00e-04  3s  patience 1/15
2026-08-15 09:03:28,574 │ INFO    │   e 47  train 0.12216  val 0.10938     lr 3.00e-04  3s  patience 2/15
2026-08-15 09:03:34,454 │ INFO    │   e 48  train 0.12200  val 0.10859  ★  lr 3.00e-04  6s  patience 0/15
2026-08-15 09:03:37,569 │ INFO    │   e 49  train 0.12198  val 0.10913     lr 3.00e-04  3s  patience 1/15
2026-08-15 09:03:40,648 │ INFO    │   e 50  train 0.12156  val 0.10882     lr 3.00e-04  3s  patience 2/15
2026-08-15 09:03:43,854 │ INFO    │   e 51  train 0.12155  val 0.10879     lr 3.00e-04  3s  patience 3/15
2026-08-15 09:03:49,738 │ INFO    │   e 52  train 0.12138  val 0.10919     lr 3.00e-04  6s  patience 4/15
2026-08-15 09:03:52,866 │ INFO    │   e 53  train 0.12136  val 0.10918     lr 3.00e-04  3s  patience 5/15
2026-08-15 09:03:55,992 │ INFO    │   e 54  train 0.12126  val 0.10893     lr 3.00e-04  3s  patience 6/15
2026-08-15 09:03:59,962 │ INFO    │   e 55  train 0.12099  val 0.10824  ★  lr 3.00e-04  4s  patience 0/15
2026-08-15 09:04:05,221 │ INFO    │   e 56  train 0.12098  val 0.10896     lr 3.00e-04  5s  patience 1/15
2026-08-15 09:04:08,403 │ INFO    │   e 57  train 0.12091  val 0.10737  ★  lr 3.00e-04  3s  patience 0/15
2026-08-15 09:04:11,554 │ INFO    │   e 58  train 0.12065  val 0.10916     lr 3.00e-04  3s  patience 1/15
2026-08-15 09:04:15,702 │ INFO    │   e 59  train 0.12062  val 0.10723  ★  lr 3.00e-04  4s  patience 0/15
2026-08-15 09:04:21,003 │ INFO    │   e 60  train 0.12053  val 0.10845     lr 3.00e-04  5s  patience 1/15
2026-08-15 09:04:24,157 │ INFO    │   e 61  train 0.12039  val 0.10791     lr 3.00e-04  3s  patience 2/15
2026-08-15 09:04:27,298 │ INFO    │   e 62  train 0.12040  val 0.10801     lr 3.00e-04  3s  patience 3/15
2026-08-15 09:04:31,814 │ INFO    │   e 63  train 0.12014  val 0.10808     lr 3.00e-04  4s  patience 4/15
2026-08-15 09:04:36,554 │ INFO    │   e 64  train 0.11988  val 0.10671  ★  lr 3.00e-04  5s  patience 0/15
2026-08-15 09:04:39,693 │ INFO    │   e 65  train 0.12011  val 0.10807     lr 3.00e-04  3s  patience 1/15
2026-08-15 09:04:42,846 │ INFO    │   e 66  train 0.11999  val 0.10655  ★  lr 3.00e-04  3s  patience 0/15
2026-08-15 09:04:47,611 │ INFO    │   e 67  train 0.11986  val 0.10721     lr 3.00e-04  5s  patience 1/15
2026-08-15 09:04:52,163 │ INFO    │   e 68  train 0.11973  val 0.10628  ★  lr 3.00e-04  4s  patience 0/15
2026-08-15 09:04:55,283 │ INFO    │   e 69  train 0.11958  val 0.10564  ★  lr 3.00e-04  3s  patience 0/15
2026-08-15 09:04:58,426 │ INFO    │   e 70  train 0.11940  val 0.10757     lr 3.00e-04  3s  patience 1/15
2026-08-15 09:05:03,791 │ INFO    │   e 71  train 0.11917  val 0.10631     lr 3.00e-04  5s  patience 2/15
2026-08-15 09:05:07,648 │ INFO    │   e 72  train 0.11921  val 0.10640     lr 3.00e-04  4s  patience 3/15
2026-08-15 09:05:10,764 │ INFO    │   e 73  train 0.11938  val 0.10633     lr 3.00e-04  3s  patience 4/15
2026-08-15 09:05:13,966 │ INFO    │   e 74  train 0.11910  val 0.10722     lr 3.00e-04  3s  patience 5/15
2026-08-15 09:05:19,749 │ INFO    │   e 75  train 0.11901  val 0.10587     lr 3.00e-04  6s  patience 6/15
2026-08-15 09:05:23,372 │ INFO    │   e 76  train 0.11891  val 0.10560  ★  lr 3.00e-04  4s  patience 0/15
2026-08-15 09:05:26,464 │ INFO    │   e 77  train 0.11875  val 0.10695     lr 3.00e-04  3s  patience 1/15
2026-08-15 09:05:29,611 │ INFO    │   e 78  train 0.11872  val 0.10479  ★  lr 3.00e-04  3s  patience 0/15
2026-08-15 09:05:35,330 │ INFO    │   e 79  train 0.11867  val 0.10741     lr 3.00e-04  6s  patience 1/15
2026-08-15 09:05:35,457 │ INFO    │ ✔ finished [SVR-LSTM] best_val=0.10479 @ epoch 78
2026-08-15 09:05:37,968 │ INFO    │ ▶ training [STGCN] — 3,640 train / 364 tune windows, 114 batches/epoch, from epoch 0
2026-08-15 09:05:39,460 │ INFO    │   e  0  train 0.16070  val 0.11802  ★  lr 3.00e-04  1s  patience 0/15
2026-08-15 09:05:40,745 │ INFO    │   e  1  train 0.13012  val 0.11452  ★  lr 3.00e-04  1s  patience 0/15
2026-08-15 09:05:42,041 │ INFO    │   e  2  train 0.12707  val 0.10969  ★  lr 3.00e-04  1s  patience 0/15
2026-08-15 09:05:43,317 │ INFO    │   e  3  train 0.12564  val 0.11054     lr 3.00e-04  1s  patience 1/15
2026-08-15 09:05:44,618 │ INFO    │   e  4  train 0.12481  val 0.10766  ★  lr 3.00e-04  1s  patience 0/15
2026-08-15 09:05:45,917 │ INFO    │   e  5  train 0.12327  val 0.10627  ★  lr 3.00e-04  1s  patience 0/15
2026-08-15 09:05:47,244 │ INFO    │   e  6  train 0.12280  val 0.10709     lr 3.00e-04  1s  patience 1/15
2026-08-15 09:05:48,576 │ INFO    │   e  7  train 0.12197  val 0.10918     lr 3.00e-04  1s  patience 2/15
2026-08-15 09:05:49,995 │ INFO    │   e  8  train 0.12147  val 0.10628     lr 3.00e-04  1s  patience 3/15
2026-08-15 09:05:51,315 │ INFO    │   e  9  train 0.12081  val 0.10415  ★  lr 3.00e-04  1s  patience 0/15
2026-08-15 09:05:52,591 │ INFO    │   e 10  train 0.12100  val 0.10506     lr 3.00e-04  1s  patience 1/15
2026-08-15 09:05:53,868 │ INFO    │   e 11  train 0.12032  val 0.10464     lr 3.00e-04  1s  patience 2/15
2026-08-15 09:05:55,153 │ INFO    │   e 12  train 0.12003  val 0.10494     lr 3.00e-04  1s  patience 3/15
2026-08-15 09:05:56,454 │ INFO    │   e 13  train 0.11983  val 0.10296  ★  lr 3.00e-04  1s  patience 0/15
2026-08-15 09:05:57,732 │ INFO    │   e 14  train 0.11835  val 0.10506     lr 3.00e-04  1s  patience 1/15
2026-08-15 09:05:59,014 │ INFO    │   e 15  train 0.11995  val 0.10481     lr 3.00e-04  1s  patience 2/15
2026-08-15 09:06:00,316 │ INFO    │   e 16  train 0.11822  val 0.10382     lr 3.00e-04  1s  patience 3/15
2026-08-15 09:06:01,690 │ INFO    │   e 17  train 0.11873  val 0.10175  ★  lr 3.00e-04  1s  patience 0/15
2026-08-15 09:06:03,028 │ INFO    │   e 18  train 0.11850  val 0.10213     lr 3.00e-04  1s  patience 1/15
2026-08-15 09:06:04,374 │ INFO    │   e 19  train 0.11776  val 0.10293     lr 3.00e-04  1s  patience 2/15
2026-08-15 09:06:05,687 │ INFO    │   e 20  train 0.11746  val 0.10015  ★  lr 3.00e-04  1s  patience 0/15
2026-08-15 09:06:06,990 │ INFO    │   e 21  train 0.11692  val 0.10102     lr 3.00e-04  1s  patience 1/15
2026-08-15 09:06:08,274 │ INFO    │   e 22  train 0.11650  val 0.10367     lr 3.00e-04  1s  patience 2/15
2026-08-15 09:06:09,564 │ INFO    │   e 23  train 0.11802  val 0.10064     lr 3.00e-04  1s  patience 3/15
2026-08-15 09:06:10,874 │ INFO    │   e 24  train 0.11702  val 0.10949     lr 3.00e-04  1s  patience 4/15
2026-08-15 09:06:12,172 │ INFO    │   e 25  train 0.11668  val 0.10093     lr 3.00e-04  1s  patience 5/15
2026-08-15 09:06:13,474 │ INFO    │   e 26  train 0.11599  val 0.10338     lr 3.00e-04  1s  patience 6/15
2026-08-15 09:06:14,816 │ INFO    │   e 27  train 0.11597  val 0.10017     lr 1.50e-04  1s  patience 7/15
2026-08-15 09:06:16,171 │ INFO    │   e 28  train 0.11543  val 0.10181     lr 1.50e-04  1s  patience 8/15
2026-08-15 09:06:17,522 │ INFO    │   e 29  train 0.11536  val 0.10097     lr 1.50e-04  1s  patience 9/15
2026-08-15 09:06:18,864 │ INFO    │   e 30  train 0.11492  val 0.10113     lr 1.50e-04  1s  patience 10/15
2026-08-15 09:06:20,200 │ INFO    │   e 31  train 0.11519  val 0.09939  ★  lr 1.50e-04  1s  patience 0/15
2026-08-15 09:06:21,498 │ INFO    │   e 32  train 0.11534  val 0.10179     lr 1.50e-04  1s  patience 1/15
2026-08-15 09:06:22,829 │ INFO    │   e 33  train 0.11447  val 0.09912  ★  lr 1.50e-04  1s  patience 0/15
2026-08-15 09:06:24,128 │ INFO    │   e 34  train 0.11466  val 0.10012     lr 1.50e-04  1s  patience 1/15
2026-08-15 09:06:25,433 │ INFO    │   e 35  train 0.11435  val 0.09934     lr 1.50e-04  1s  patience 2/15
2026-08-15 09:06:26,788 │ INFO    │   e 36  train 0.11451  val 0.09859  ★  lr 1.50e-04  1s  patience 0/15
2026-08-15 09:06:28,120 │ INFO    │   e 37  train 0.11477  val 0.10269     lr 1.50e-04  1s  patience 1/15
2026-08-15 09:06:29,476 │ INFO    │   e 38  train 0.11443  val 0.10062     lr 1.50e-04  1s  patience 2/15
2026-08-15 09:06:30,855 │ INFO    │   e 39  train 0.11439  val 0.10045     lr 1.50e-04  1s  patience 3/15
2026-08-15 09:06:32,218 │ INFO    │   e 40  train 0.11402  val 0.09969     lr 1.50e-04  1s  patience 4/15
2026-08-15 09:06:33,514 │ INFO    │   e 41  train 0.11416  val 0.09915     lr 1.50e-04  1s  patience 5/15
2026-08-15 09:06:34,812 │ INFO    │   e 42  train 0.11371  val 0.09943     lr 1.50e-04  1s  patience 6/15
2026-08-15 09:06:36,139 │ INFO    │   e 43  train 0.11356  val 0.09853  ★  lr 1.50e-04  1s  patience 0/15
2026-08-15 09:06:37,454 │ INFO    │   e 44  train 0.11406  val 0.09977     lr 1.50e-04  1s  patience 1/15
2026-08-15 09:06:38,759 │ INFO    │   e 45  train 0.11367  val 0.10002     lr 1.50e-04  1s  patience 2/15
2026-08-15 09:06:40,066 │ INFO    │   e 46  train 0.11359  val 0.10024     lr 1.50e-04  1s  patience 3/15
2026-08-15 09:06:41,407 │ INFO    │   e 47  train 0.11332  val 0.09836  ★  lr 1.50e-04  1s  patience 0/15
2026-08-15 09:06:42,750 │ INFO    │   e 48  train 0.11320  val 0.09872     lr 1.50e-04  1s  patience 1/15
2026-08-15 09:06:44,104 │ INFO    │   e 49  train 0.11344  val 0.09838     lr 1.50e-04  1s  patience 2/15
2026-08-15 09:06:45,476 │ INFO    │   e 50  train 0.11295  val 0.09906     lr 1.50e-04  1s  patience 3/15
2026-08-15 09:06:46,849 │ INFO    │   e 51  train 0.11331  val 0.09805  ★  lr 1.50e-04  1s  patience 0/15
2026-08-15 09:06:48,153 │ INFO    │   e 52  train 0.11317  val 0.10072     lr 1.50e-04  1s  patience 1/15
2026-08-15 09:06:49,469 │ INFO    │   e 53  train 0.11309  val 0.09901     lr 1.50e-04  1s  patience 2/15
2026-08-15 09:06:50,773 │ INFO    │   e 54  train 0.11279  val 0.09934     lr 1.50e-04  1s  patience 3/15
2026-08-15 09:06:52,087 │ INFO    │   e 55  train 0.11316  val 0.09831     lr 1.50e-04  1s  patience 4/15
2026-08-15 09:06:53,392 │ INFO    │   e 56  train 0.11344  val 0.10035     lr 1.50e-04  1s  patience 5/15
2026-08-15 09:06:54,738 │ INFO    │   e 57  train 0.11272  val 0.09727  ★  lr 1.50e-04  1s  patience 0/15
2026-08-15 09:06:56,068 │ INFO    │   e 58  train 0.11243  val 0.09840     lr 1.50e-04  1s  patience 1/15
2026-08-15 09:06:57,435 │ INFO    │   e 59  train 0.11263  val 0.09738     lr 1.50e-04  1s  patience 2/15
2026-08-15 09:06:58,813 │ INFO    │   e 60  train 0.11286  val 0.09734     lr 1.50e-04  1s  patience 3/15
2026-08-15 09:07:00,216 │ INFO    │   e 61  train 0.11252  val 0.09797     lr 1.50e-04  1s  patience 4/15
2026-08-15 09:07:01,540 │ INFO    │   e 62  train 0.11267  val 0.09776     lr 1.50e-04  1s  patience 5/15
2026-08-15 09:07:02,851 │ INFO    │   e 63  train 0.11229  val 0.09943     lr 1.50e-04  1s  patience 6/15
2026-08-15 09:07:04,157 │ INFO    │   e 64  train 0.11241  val 0.09818     lr 7.50e-05  1s  patience 7/15
2026-08-15 09:07:05,472 │ INFO    │   e 65  train 0.11218  val 0.09918     lr 7.50e-05  1s  patience 8/15
2026-08-15 09:07:06,820 │ INFO    │   e 66  train 0.11188  val 0.09684  ★  lr 7.50e-05  1s  patience 0/15
2026-08-15 09:07:08,122 │ INFO    │   e 67  train 0.11155  val 0.09779     lr 7.50e-05  1s  patience 1/15
2026-08-15 09:07:09,445 │ INFO    │   e 68  train 0.11147  val 0.09720     lr 7.50e-05  1s  patience 2/15
2026-08-15 09:07:10,837 │ INFO    │   e 69  train 0.11203  val 0.09662  ★  lr 7.50e-05  1s  patience 0/15
2026-08-15 09:07:12,210 │ INFO    │   e 70  train 0.11243  val 0.09782     lr 7.50e-05  1s  patience 1/15
2026-08-15 09:07:13,603 │ INFO    │   e 71  train 0.11179  val 0.09777     lr 7.50e-05  1s  patience 2/15
2026-08-15 09:07:14,968 │ INFO    │   e 72  train 0.11167  val 0.09713     lr 7.50e-05  1s  patience 3/15
2026-08-15 09:07:16,291 │ INFO    │   e 73  train 0.11176  val 0.09663     lr 7.50e-05  1s  patience 4/15
2026-08-15 09:07:17,614 │ INFO    │   e 74  train 0.11184  val 0.09699     lr 7.50e-05  1s  patience 5/15
2026-08-15 09:07:18,934 │ INFO    │   e 75  train 0.11134  val 0.09731     lr 7.50e-05  1s  patience 6/15
2026-08-15 09:07:20,289 │ INFO    │   e 76  train 0.11189  val 0.09735     lr 3.75e-05  1s  patience 7/15
2026-08-15 09:07:21,605 │ INFO    │   e 77  train 0.11155  val 0.09746     lr 3.75e-05  1s  patience 8/15
2026-08-15 09:07:22,954 │ INFO    │   e 78  train 0.11131  val 0.09623  ★  lr 3.75e-05  1s  patience 0/15
2026-08-15 09:07:24,299 │ INFO    │   e 79  train 0.11128  val 0.09670     lr 3.75e-05  1s  patience 1/15
2026-08-15 09:07:24,401 │ INFO    │ ✔ finished [STGCN] best_val=0.09623 @ epoch 78
2026-08-15 09:07:26,370 │ INFO    │ ▶ training [DCRNN] — 3,640 train / 364 tune windows, 114 batches/epoch, from epoch 0
2026-08-15 09:07:31,674 │ INFO    │   e  0  train 0.20689  val 0.14499  ★  lr 3.00e-04  5s  patience 0/15
2026-08-15 09:07:36,430 │ INFO    │   e  1  train 0.15002  val 0.12425  ★  lr 3.00e-04  5s  patience 0/15
2026-08-15 09:07:42,309 │ INFO    │   e  2  train 0.13289  val 0.11585  ★  lr 3.00e-04  6s  patience 0/15
2026-08-15 09:07:47,061 │ INFO    │   e  3  train 0.12688  val 0.11373  ★  lr 3.00e-04  5s  patience 0/15
2026-08-15 09:07:52,019 │ INFO    │   e  4  train 0.12418  val 0.11269  ★  lr 3.00e-04  5s  patience 0/15
2026-08-15 09:07:57,978 │ INFO    │   e  5  train 0.12236  val 0.10877  ★  lr 3.00e-04  6s  patience 0/15
2026-08-15 09:08:02,747 │ INFO    │   e  6  train 0.12109  val 0.10781  ★  lr 3.00e-04  5s  patience 0/15
2026-08-15 09:08:08,095 │ INFO    │   e  7  train 0.11981  val 0.10609  ★  lr 3.00e-04  5s  patience 0/15
2026-08-15 09:08:13,657 │ INFO    │   e  8  train 0.11878  val 0.10665     lr 3.00e-04  6s  patience 1/15
2026-08-15 09:08:18,397 │ INFO    │   e  9  train 0.11800  val 0.10487  ★  lr 3.00e-04  5s  patience 0/15
2026-08-15 09:08:24,613 │ INFO    │   e 10  train 0.11729  val 0.10512     lr 3.00e-04  6s  patience 1/15
2026-08-15 09:08:29,442 │ INFO    │   e 11  train 0.11660  val 0.10345  ★  lr 3.00e-04  5s  patience 0/15
2026-08-15 09:08:34,318 │ INFO    │   e 12  train 0.11611  val 0.10354     lr 3.00e-04  5s  patience 1/15
2026-08-15 09:08:40,314 │ INFO    │   e 13  train 0.11547  val 0.10398     lr 3.00e-04  6s  patience 2/15
2026-08-15 09:08:45,204 │ INFO    │   e 14  train 0.11498  val 0.10221  ★  lr 3.00e-04  5s  patience 0/15
2026-08-15 09:08:50,856 │ INFO    │   e 15  train 0.11508  val 0.10473     lr 3.00e-04  6s  patience 1/15
2026-08-15 09:08:56,208 │ INFO    │   e 16  train 0.11437  val 0.10213  ★  lr 3.00e-04  5s  patience 0/15
2026-08-15 09:09:01,042 │ INFO    │   e 17  train 0.11374  val 0.10134  ★  lr 3.00e-04  5s  patience 0/15
2026-08-15 09:09:06,879 │ INFO    │   e 18  train 0.11345  val 0.10226     lr 3.00e-04  6s  patience 1/15
2026-08-15 09:09:11,682 │ INFO    │   e 19  train 0.11325  val 0.10312     lr 3.00e-04  5s  patience 2/15
2026-08-15 09:09:16,772 │ INFO    │   e 20  train 0.11284  val 0.10112  ★  lr 3.00e-04  5s  patience 0/15
2026-08-15 09:09:22,336 │ INFO    │   e 21  train 0.11238  val 0.10021  ★  lr 3.00e-04  6s  patience 0/15
2026-08-15 09:09:27,130 │ INFO    │   e 22  train 0.11190  val 0.10010  ★  lr 3.00e-04  5s  patience 0/15
2026-08-15 09:09:33,193 │ INFO    │   e 23  train 0.11175  val 0.10117     lr 3.00e-04  6s  patience 1/15
2026-08-15 09:09:38,039 │ INFO    │   e 24  train 0.11182  val 0.10072     lr 3.00e-04  5s  patience 2/15
2026-08-15 09:09:42,965 │ INFO    │   e 25  train 0.11126  val 0.10155     lr 3.00e-04  5s  patience 3/15
2026-08-15 09:09:48,996 │ INFO    │   e 26  train 0.11090  val 0.09874  ★  lr 3.00e-04  6s  patience 0/15
2026-08-15 09:09:54,041 │ INFO    │   e 27  train 0.11052  val 0.10093     lr 3.00e-04  5s  patience 1/15
2026-08-15 09:09:59,533 │ INFO    │   e 28  train 0.11044  val 0.09886     lr 3.00e-04  5s  patience 2/15
2026-08-15 09:10:04,774 │ INFO    │   e 29  train 0.11027  val 0.09890     lr 3.00e-04  5s  patience 3/15
2026-08-15 09:10:09,613 │ INFO    │   e 30  train 0.11013  val 0.09831  ★  lr 3.00e-04  5s  patience 0/15
2026-08-15 09:10:15,581 │ INFO    │   e 31  train 0.10994  val 0.09731  ★  lr 3.00e-04  6s  patience 0/15
2026-08-15 09:10:20,740 │ INFO    │   e 32  train 0.10934  val 0.09973     lr 3.00e-04  5s  patience 1/15
2026-08-15 09:10:26,127 │ INFO    │   e 33  train 0.10932  val 0.09758     lr 3.00e-04  5s  patience 2/15
2026-08-15 09:10:31,570 │ INFO    │   e 34  train 0.10928  val 0.09799     lr 3.00e-04  5s  patience 3/15
2026-08-15 09:10:36,369 │ INFO    │   e 35  train 0.10904  val 0.09650  ★  lr 3.00e-04  5s  patience 0/15
2026-08-15 09:10:42,240 │ INFO    │   e 36  train 0.10877  val 0.09688     lr 3.00e-04  6s  patience 1/15
2026-08-15 09:10:46,954 │ INFO    │   e 37  train 0.10859  val 0.09583  ★  lr 3.00e-04  5s  patience 0/15
2026-08-15 09:10:51,751 │ INFO    │   e 38  train 0.10845  val 0.09741     lr 3.00e-04  5s  patience 1/15
2026-08-15 09:10:57,664 │ INFO    │   e 39  train 0.10842  val 0.09556  ★  lr 3.00e-04  6s  patience 0/15
2026-08-15 09:11:02,343 │ INFO    │   e 40  train 0.10822  val 0.09565     lr 3.00e-04  5s  patience 1/15
2026-08-15 09:11:07,461 │ INFO    │   e 41  train 0.10814  val 0.09648     lr 3.00e-04  5s  patience 2/15
2026-08-15 09:11:13,015 │ INFO    │   e 42  train 0.10801  val 0.09612     lr 3.00e-04  6s  patience 3/15
2026-08-15 09:11:17,724 │ INFO    │   e 43  train 0.10786  val 0.09589     lr 3.00e-04  5s  patience 4/15
2026-08-15 09:11:23,588 │ INFO    │   e 44  train 0.10760  val 0.09456  ★  lr 3.00e-04  6s  patience 0/15
2026-08-15 09:11:28,361 │ INFO    │   e 45  train 0.10756  val 0.09544     lr 3.00e-04  5s  patience 1/15
2026-08-15 09:11:33,450 │ INFO    │   e 46  train 0.10727  val 0.09609     lr 3.00e-04  5s  patience 2/15
2026-08-15 09:11:39,325 │ INFO    │   e 47  train 0.10735  val 0.09574     lr 3.00e-04  6s  patience 3/15
2026-08-15 09:11:44,222 │ INFO    │   e 48  train 0.10702  val 0.09475     lr 3.00e-04  5s  patience 4/15
2026-08-15 09:11:50,187 │ INFO    │   e 49  train 0.10700  val 0.09626     lr 3.00e-04  6s  patience 5/15
2026-08-15 09:11:55,704 │ INFO    │   e 50  train 0.10676  val 0.09368  ★  lr 3.00e-04  5s  patience 0/15
2026-08-15 09:12:00,562 │ INFO    │   e 51  train 0.10644  val 0.09459     lr 3.00e-04  5s  patience 1/15
2026-08-15 09:12:06,398 │ INFO    │   e 52  train 0.10644  val 0.09399     lr 3.00e-04  6s  patience 2/15
2026-08-15 09:12:11,241 │ INFO    │   e 53  train 0.10629  val 0.09477     lr 3.00e-04  5s  patience 3/15
2026-08-15 09:12:16,377 │ INFO    │   e 54  train 0.10622  val 0.09412     lr 3.00e-04  5s  patience 4/15
2026-08-15 09:12:21,908 │ INFO    │   e 55  train 0.10616  val 0.09479     lr 3.00e-04  5s  patience 5/15
2026-08-15 09:12:26,687 │ INFO    │   e 56  train 0.10588  val 0.09373     lr 3.00e-04  5s  patience 6/15
2026-08-15 09:12:32,878 │ INFO    │   e 57  train 0.10578  val 0.09290  ★  lr 3.00e-04  6s  patience 0/15
2026-08-15 09:12:37,870 │ INFO    │   e 58  train 0.10580  val 0.09726     lr 3.00e-04  5s  patience 1/15
2026-08-15 09:12:42,868 │ INFO    │   e 59  train 0.10570  val 0.09332     lr 3.00e-04  5s  patience 2/15
2026-08-15 09:12:48,761 │ INFO    │   e 60  train 0.10561  val 0.09332     lr 3.00e-04  6s  patience 3/15
2026-08-15 09:12:53,519 │ INFO    │   e 61  train 0.10545  val 0.09533     lr 3.00e-04  5s  patience 4/15
2026-08-15 09:12:59,608 │ INFO    │   e 62  train 0.10569  val 0.09273  ★  lr 3.00e-04  6s  patience 0/15
2026-08-15 09:13:05,207 │ INFO    │   e 63  train 0.10547  val 0.09538     lr 3.00e-04  6s  patience 1/15
2026-08-15 09:13:10,430 │ INFO    │   e 64  train 0.10542  val 0.09373     lr 3.00e-04  5s  patience 2/15
2026-08-15 09:13:16,345 │ INFO    │   e 65  train 0.10501  val 0.09275     lr 3.00e-04  6s  patience 3/15
2026-08-15 09:13:21,364 │ INFO    │   e 66  train 0.10488  val 0.09186  ★  lr 3.00e-04  5s  patience 0/15
2026-08-15 09:13:26,836 │ INFO    │   e 67  train 0.10474  val 0.09404     lr 3.00e-04  5s  patience 1/15
2026-08-15 09:13:32,194 │ INFO    │   e 68  train 0.10486  val 0.09400     lr 3.00e-04  5s  patience 2/15
2026-08-15 09:13:36,968 │ INFO    │   e 69  train 0.10465  val 0.09136  ★  lr 3.00e-04  5s  patience 0/15
2026-08-15 09:13:42,884 │ INFO    │   e 70  train 0.10460  val 0.09169     lr 3.00e-04  6s  patience 1/15
2026-08-15 09:13:47,645 │ INFO    │   e 71  train 0.10441  val 0.09338     lr 3.00e-04  5s  patience 2/15
2026-08-15 09:13:52,984 │ INFO    │   e 72  train 0.10437  val 0.09253     lr 3.00e-04  5s  patience 3/15
2026-08-15 09:13:58,855 │ INFO    │   e 73  train 0.10472  val 0.09347     lr 3.00e-04  6s  patience 4/15
2026-08-15 09:14:03,708 │ INFO    │   e 74  train 0.10417  val 0.09199     lr 3.00e-04  5s  patience 5/15
2026-08-15 09:14:09,308 │ INFO    │   e 75  train 0.10416  val 0.09357     lr 3.00e-04  6s  patience 6/15
2026-08-15 09:14:14,656 │ INFO    │   e 76  train 0.10436  val 0.09331     lr 1.50e-04  5s  patience 7/15
2026-08-15 09:14:19,689 │ INFO    │   e 77  train 0.10361  val 0.09173     lr 1.50e-04  5s  patience 8/15
2026-08-15 09:14:26,025 │ INFO    │   e 78  train 0.10343  val 0.09097  ★  lr 1.50e-04  6s  patience 0/15
2026-08-15 09:14:31,083 │ INFO    │   e 79  train 0.10344  val 0.09418     lr 1.50e-04  5s  patience 1/15
2026-08-15 09:14:31,181 │ INFO    │ ✔ finished [DCRNN] best_val=0.09097 @ epoch 78
2026-08-15 09:14:32,929 │ INFO    │ ▶ training [Graph WaveNet] — 3,640 train / 364 tune windows, 114 batches/epoch, from epoch 0
2026-08-15 09:14:39,417 │ INFO    │   e  0  train 0.18693  val 0.12600  ★  lr 3.00e-04  6s  patience 0/15
2026-08-15 09:14:42,021 │ INFO    │   e  1  train 0.12984  val 0.11117  ★  lr 3.00e-04  3s  patience 0/15
2026-08-15 09:14:44,623 │ INFO    │   e  2  train 0.12058  val 0.10541  ★  lr 3.00e-04  3s  patience 0/15
2026-08-15 09:14:47,220 │ INFO    │   e  3  train 0.11717  val 0.10526  ★  lr 3.00e-04  3s  patience 0/15
2026-08-15 09:14:49,879 │ INFO    │   e  4  train 0.11521  val 0.10242  ★  lr 3.00e-04  3s  patience 0/15
2026-08-15 09:14:52,630 │ INFO    │   e  5  train 0.11398  val 0.10072  ★  lr 3.00e-04  3s  patience 0/15
2026-08-15 09:14:55,229 │ INFO    │   e  6  train 0.11287  val 0.10006  ★  lr 3.00e-04  3s  patience 0/15
2026-08-15 09:14:57,819 │ INFO    │   e  7  train 0.11208  val 0.09897  ★  lr 3.00e-04  3s  patience 0/15
2026-08-15 09:15:00,422 │ INFO    │   e  8  train 0.11112  val 0.09861  ★  lr 3.00e-04  3s  patience 0/15
2026-08-15 09:15:03,080 │ INFO    │   e  9  train 0.11042  val 0.09717  ★  lr 3.00e-04  3s  patience 0/15
2026-08-15 09:15:05,775 │ INFO    │   e 10  train 0.11002  val 0.09669  ★  lr 3.00e-04  3s  patience 0/15
2026-08-15 09:15:08,396 │ INFO    │   e 11  train 0.10956  val 0.09616  ★  lr 3.00e-04  3s  patience 0/15
2026-08-15 09:15:10,958 │ INFO    │   e 12  train 0.10903  val 0.09647     lr 3.00e-04  3s  patience 1/15
2026-08-15 09:15:13,554 │ INFO    │   e 13  train 0.10869  val 0.09592  ★  lr 3.00e-04  3s  patience 0/15
2026-08-15 09:15:16,152 │ INFO    │   e 14  train 0.10818  val 0.09570  ★  lr 3.00e-04  3s  patience 0/15
2026-08-15 09:15:18,817 │ INFO    │   e 15  train 0.10780  val 0.09484  ★  lr 3.00e-04  3s  patience 0/15
2026-08-15 09:15:21,453 │ INFO    │   e 16  train 0.10762  val 0.09526     lr 3.00e-04  3s  patience 1/15
2026-08-15 09:15:24,063 │ INFO    │   e 17  train 0.10737  val 0.09372  ★  lr 3.00e-04  3s  patience 0/15
2026-08-15 09:15:26,618 │ INFO    │   e 18  train 0.10674  val 0.09385     lr 3.00e-04  3s  patience 1/15
2026-08-15 09:15:29,175 │ INFO    │   e 19  train 0.10674  val 0.09376     lr 3.00e-04  3s  patience 2/15
2026-08-15 09:15:31,849 │ INFO    │   e 20  train 0.10644  val 0.09346  ★  lr 3.00e-04  3s  patience 0/15
2026-08-15 09:15:34,546 │ INFO    │   e 21  train 0.10602  val 0.09303  ★  lr 3.00e-04  3s  patience 0/15
2026-08-15 09:15:37,147 │ INFO    │   e 22  train 0.10579  val 0.09209  ★  lr 3.00e-04  3s  patience 0/15
2026-08-15 09:15:39,713 │ INFO    │   e 23  train 0.10528  val 0.09250     lr 3.00e-04  3s  patience 1/15
2026-08-15 09:15:42,276 │ INFO    │   e 24  train 0.10508  val 0.09282     lr 3.00e-04  2s  patience 2/15
2026-08-15 09:15:44,871 │ INFO    │   e 25  train 0.10472  val 0.09235     lr 3.00e-04  3s  patience 3/15
2026-08-15 09:15:47,555 │ INFO    │   e 26  train 0.10433  val 0.09058  ★  lr 3.00e-04  3s  patience 0/15
2026-08-15 09:15:50,190 │ INFO    │   e 27  train 0.10407  val 0.09035  ★  lr 3.00e-04  3s  patience 0/15
2026-08-15 09:15:52,771 │ INFO    │   e 28  train 0.10390  val 0.09078     lr 3.00e-04  3s  patience 1/15
2026-08-15 09:15:55,374 │ INFO    │   e 29  train 0.10357  val 0.08968  ★  lr 3.00e-04  3s  patience 0/15
2026-08-15 09:15:57,940 │ INFO    │   e 30  train 0.10327  val 0.09206     lr 3.00e-04  3s  patience 1/15
2026-08-15 09:16:00,640 │ INFO    │   e 31  train 0.10339  val 0.08939  ★  lr 3.00e-04  3s  patience 0/15
2026-08-15 09:16:03,308 │ INFO    │   e 32  train 0.10282  val 0.08913  ★  lr 3.00e-04  3s  patience 0/15
2026-08-15 09:16:05,912 │ INFO    │   e 33  train 0.10280  val 0.08894  ★  lr 3.00e-04  3s  patience 0/15
2026-08-15 09:16:08,474 │ INFO    │   e 34  train 0.10250  val 0.09028     lr 3.00e-04  3s  patience 1/15
2026-08-15 09:16:11,085 │ INFO    │   e 35  train 0.10239  val 0.08886  ★  lr 3.00e-04  3s  patience 0/15
2026-08-15 09:16:13,751 │ INFO    │   e 36  train 0.10209  val 0.08861  ★  lr 3.00e-04  3s  patience 0/15
2026-08-15 09:16:16,474 │ INFO    │   e 37  train 0.10208  val 0.08847  ★  lr 3.00e-04  3s  patience 0/15
2026-08-15 09:16:19,075 │ INFO    │   e 38  train 0.10190  val 0.08823  ★  lr 3.00e-04  3s  patience 0/15
2026-08-15 09:16:21,687 │ INFO    │   e 39  train 0.10165  val 0.08790  ★  lr 3.00e-04  3s  patience 0/15
2026-08-15 09:16:24,258 │ INFO    │   e 40  train 0.10146  val 0.08842     lr 3.00e-04  3s  patience 1/15
2026-08-15 09:16:26,906 │ INFO    │   e 41  train 0.10142  val 0.08778  ★  lr 3.00e-04  3s  patience 0/15
2026-08-15 09:16:29,626 │ INFO    │   e 42  train 0.10108  val 0.08713  ★  lr 3.00e-04  3s  patience 0/15
2026-08-15 09:16:32,266 │ INFO    │   e 43  train 0.10079  val 0.08687  ★  lr 3.00e-04  3s  patience 0/15
2026-08-15 09:16:34,860 │ INFO    │   e 44  train 0.10107  val 0.08681  ★  lr 3.00e-04  3s  patience 0/15
2026-08-15 09:16:37,433 │ INFO    │   e 45  train 0.10079  val 0.08709     lr 3.00e-04  3s  patience 1/15
2026-08-15 09:16:40,005 │ INFO    │   e 46  train 0.10063  val 0.08681     lr 3.00e-04  3s  patience 2/15
2026-08-15 09:16:42,730 │ INFO    │   e 47  train 0.10031  val 0.08636  ★  lr 3.00e-04  3s  patience 0/15
2026-08-15 09:16:45,349 │ INFO    │   e 48  train 0.10037  val 0.08695     lr 3.00e-04  3s  patience 1/15
2026-08-15 09:16:47,916 │ INFO    │   e 49  train 0.10010  val 0.08691     lr 3.00e-04  3s  patience 2/15
2026-08-15 09:16:50,519 │ INFO    │   e 50  train 0.10033  val 0.08604  ★  lr 3.00e-04  3s  patience 0/15
2026-08-15 09:16:53,143 │ INFO    │   e 51  train 0.10004  val 0.08593  ★  lr 3.00e-04  3s  patience 0/15
2026-08-15 09:16:55,790 │ INFO    │   e 52  train 0.09993  val 0.08624     lr 3.00e-04  3s  patience 1/15
2026-08-15 09:16:58,471 │ INFO    │   e 53  train 0.09988  val 0.08561  ★  lr 3.00e-04  3s  patience 0/15
2026-08-15 09:17:01,047 │ INFO    │   e 54  train 0.09989  val 0.08565     lr 3.00e-04  3s  patience 1/15
2026-08-15 09:17:03,619 │ INFO    │   e 55  train 0.09993  val 0.08580     lr 3.00e-04  3s  patience 2/15
2026-08-15 09:17:06,192 │ INFO    │   e 56  train 0.09952  val 0.08564     lr 3.00e-04  3s  patience 3/15
2026-08-15 09:17:08,841 │ INFO    │   e 57  train 0.09934  val 0.08509  ★  lr 3.00e-04  3s  patience 0/15
2026-08-15 09:17:11,535 │ INFO    │   e 58  train 0.09931  val 0.08540     lr 3.00e-04  3s  patience 1/15
2026-08-15 09:17:14,164 │ INFO    │   e 59  train 0.09899  val 0.08520     lr 3.00e-04  3s  patience 2/15
2026-08-15 09:17:16,784 │ INFO    │   e 60  train 0.09915  val 0.08504  ★  lr 3.00e-04  3s  patience 0/15
2026-08-15 09:17:19,359 │ INFO    │   e 61  train 0.09899  val 0.08581     lr 3.00e-04  3s  patience 1/15
2026-08-15 09:17:21,987 │ INFO    │   e 62  train 0.09902  val 0.08477  ★  lr 3.00e-04  3s  patience 0/15
2026-08-15 09:17:24,638 │ INFO    │   e 63  train 0.09928  val 0.08563     lr 3.00e-04  3s  patience 1/15
2026-08-15 09:17:27,344 │ INFO    │   e 64  train 0.09886  val 0.08476  ★  lr 3.00e-04  3s  patience 0/15
2026-08-15 09:17:29,903 │ INFO    │   e 65  train 0.09904  val 0.08549     lr 3.00e-04  3s  patience 1/15
2026-08-15 09:17:32,470 │ INFO    │   e 66  train 0.09866  val 0.08507     lr 3.00e-04  3s  patience 2/15
2026-08-15 09:17:35,056 │ INFO    │   e 67  train 0.09895  val 0.08530     lr 3.00e-04  3s  patience 3/15
2026-08-15 09:17:37,736 │ INFO    │   e 68  train 0.09871  val 0.08519     lr 3.00e-04  3s  patience 4/15
2026-08-15 09:17:40,464 │ INFO    │   e 69  train 0.09838  val 0.08489     lr 1.50e-04  3s  patience 5/15
2026-08-15 09:17:43,089 │ INFO    │   e 70  train 0.09803  val 0.08417  ★  lr 1.50e-04  3s  patience 0/15
2026-08-15 09:17:45,714 │ INFO    │   e 71  train 0.09793  val 0.08414  ★  lr 1.50e-04  3s  patience 0/15
2026-08-15 09:17:48,333 │ INFO    │   e 72  train 0.09797  val 0.08401  ★  lr 1.50e-04  3s  patience 0/15
2026-08-15 09:17:50,941 │ INFO    │   e 73  train 0.09804  val 0.08402     lr 1.50e-04  3s  patience 1/15
2026-08-15 09:17:53,597 │ INFO    │   e 74  train 0.09796  val 0.08409     lr 1.50e-04  3s  patience 2/15
2026-08-15 09:17:56,234 │ INFO    │   e 75  train 0.09786  val 0.08443     lr 1.50e-04  3s  patience 3/15
2026-08-15 09:17:58,836 │ INFO    │   e 76  train 0.09783  val 0.08408     lr 1.50e-04  3s  patience 4/15
2026-08-15 09:18:01,416 │ INFO    │   e 77  train 0.09788  val 0.08414     lr 1.50e-04  3s  patience 5/15
2026-08-15 09:18:04,046 │ INFO    │   e 78  train 0.09774  val 0.08380  ★  lr 1.50e-04  3s  patience 0/15
2026-08-15 09:18:06,724 │ INFO    │   e 79  train 0.09778  val 0.08452     lr 1.50e-04  3s  patience 1/15
2026-08-15 09:18:06,855 │ INFO    │ ✔ finished [Graph WaveNet] best_val=0.08380 @ epoch 78
2026-08-15 09:18:08,768 │ INFO    │ ▶ training [AGCRN] — 3,640 train / 364 tune windows, 114 batches/epoch, from epoch 0
2026-08-15 09:18:15,966 │ INFO    │   e  0  train 0.27614  val 0.21961  ★  lr 3.00e-04  7s  patience 0/15
2026-08-15 09:18:24,208 │ INFO    │   e  1  train 0.20012  val 0.16605  ★  lr 3.00e-04  8s  patience 0/15
2026-08-15 09:18:31,413 │ INFO    │   e  2  train 0.15414  val 0.13193  ★  lr 3.00e-04  7s  patience 0/15
2026-08-15 09:18:40,305 │ INFO    │   e  3  train 0.13340  val 0.11930  ★  lr 3.00e-04  9s  patience 0/15
2026-08-15 09:18:48,121 │ INFO    │   e  4  train 0.12562  val 0.11232  ★  lr 3.00e-04  8s  patience 0/15
2026-08-15 09:18:55,703 │ INFO    │   e  5  train 0.12095  val 0.10775  ★  lr 3.00e-04  8s  patience 0/15
2026-08-15 09:19:04,610 │ INFO    │   e  6  train 0.11734  val 0.10336  ★  lr 3.00e-04  9s  patience 0/15
2026-08-15 09:19:12,174 │ INFO    │   e  7  train 0.11424  val 0.10099  ★  lr 3.00e-04  8s  patience 0/15
2026-08-15 09:19:20,873 │ INFO    │   e  8  train 0.11159  val 0.09734  ★  lr 3.00e-04  9s  patience 0/15
2026-08-15 09:19:28,253 │ INFO    │   e  9  train 0.10916  val 0.09370  ★  lr 3.00e-04  7s  patience 0/15
2026-08-15 09:19:36,376 │ INFO    │   e 10  train 0.10729  val 0.09114  ★  lr 3.00e-04  8s  patience 0/15
2026-08-15 09:19:44,537 │ INFO    │   e 11  train 0.10547  val 0.08925  ★  lr 3.00e-04  8s  patience 0/15
2026-08-15 09:19:52,102 │ INFO    │   e 12  train 0.10387  val 0.08857  ★  lr 3.00e-04  8s  patience 0/15
2026-08-15 09:20:00,466 │ INFO    │   e 13  train 0.10238  val 0.08713  ★  lr 3.00e-04  8s  patience 0/15
2026-08-15 09:20:07,872 │ INFO    │   e 14  train 0.10125  val 0.08578  ★  lr 3.00e-04  7s  patience 0/15
2026-08-15 09:20:16,618 │ INFO    │   e 15  train 0.10017  val 0.08542  ★  lr 3.00e-04  9s  patience 0/15
2026-08-15 09:20:23,990 │ INFO    │   e 16  train 0.09910  val 0.08275  ★  lr 3.00e-04  7s  patience 0/15
2026-08-15 09:20:32,029 │ INFO    │   e 17  train 0.09821  val 0.08182  ★  lr 3.00e-04  8s  patience 0/15
2026-08-15 09:20:40,862 │ INFO    │   e 18  train 0.09723  val 0.08127  ★  lr 3.00e-04  9s  patience 0/15
2026-08-15 09:20:48,004 │ INFO    │   e 19  train 0.09660  val 0.08100  ★  lr 3.00e-04  7s  patience 0/15
2026-08-15 09:20:56,142 │ INFO    │   e 20  train 0.09590  val 0.07978  ★  lr 3.00e-04  8s  patience 0/15
2026-08-15 09:21:03,293 │ INFO    │   e 21  train 0.09509  val 0.07962  ★  lr 3.00e-04  7s  patience 0/15
2026-08-15 09:21:11,902 │ INFO    │   e 22  train 0.09449  val 0.07701  ★  lr 3.00e-04  9s  patience 0/15
2026-08-15 09:21:19,044 │ INFO    │   e 23  train 0.09387  val 0.07861     lr 3.00e-04  7s  patience 1/15
2026-08-15 09:21:27,207 │ INFO    │   e 24  train 0.09336  val 0.07681  ★  lr 3.00e-04  8s  patience 0/15
2026-08-15 09:21:35,060 │ INFO    │   e 25  train 0.09281  val 0.07633  ★  lr 3.00e-04  8s  patience 0/15
2026-08-15 09:21:42,651 │ INFO    │   e 26  train 0.09219  val 0.07498  ★  lr 3.00e-04  8s  patience 0/15
2026-08-15 09:21:50,863 │ INFO    │   e 27  train 0.09168  val 0.07407  ★  lr 3.00e-04  8s  patience 0/15
2026-08-15 09:21:58,184 │ INFO    │   e 28  train 0.09125  val 0.07483     lr 3.00e-04  7s  patience 1/15
2026-08-15 09:22:06,516 │ INFO    │   e 29  train 0.09074  val 0.07318  ★  lr 3.00e-04  8s  patience 0/15
2026-08-15 09:22:14,428 │ INFO    │   e 30  train 0.09011  val 0.07287  ★  lr 3.00e-04  8s  patience 0/15
2026-08-15 09:22:22,511 │ INFO    │   e 31  train 0.08977  val 0.07221  ★  lr 3.00e-04  8s  patience 0/15
2026-08-15 09:22:30,661 │ INFO    │   e 32  train 0.08924  val 0.07168  ★  lr 3.00e-04  8s  patience 0/15
2026-08-15 09:22:37,976 │ INFO    │   e 33  train 0.08885  val 0.07125  ★  lr 3.00e-04  7s  patience 0/15
2026-08-15 09:22:46,361 │ INFO    │   e 34  train 0.08866  val 0.07214     lr 3.00e-04  8s  patience 1/15
2026-08-15 09:22:53,465 │ INFO    │   e 35  train 0.08824  val 0.07080  ★  lr 3.00e-04  7s  patience 0/15
2026-08-15 09:23:02,030 │ INFO    │   e 36  train 0.08798  val 0.07104     lr 3.00e-04  9s  patience 1/15
2026-08-15 09:23:09,217 │ INFO    │   e 37  train 0.08742  val 0.06979  ★  lr 3.00e-04  7s  patience 0/15
2026-08-15 09:23:17,448 │ INFO    │   e 38  train 0.08716  val 0.07190     lr 3.00e-04  8s  patience 1/15
2026-08-15 09:23:25,516 │ INFO    │   e 39  train 0.08693  val 0.06986     lr 3.00e-04  8s  patience 2/15
2026-08-15 09:23:33,187 │ INFO    │   e 40  train 0.08652  val 0.06924  ★  lr 3.00e-04  8s  patience 0/15
2026-08-15 09:23:42,041 │ INFO    │   e 41  train 0.08656  val 0.06903  ★  lr 3.00e-04  9s  patience 0/15
2026-08-15 09:23:49,623 │ INFO    │   e 42  train 0.08626  val 0.06937     lr 3.00e-04  8s  patience 1/15
2026-08-15 09:23:58,043 │ INFO    │   e 43  train 0.08598  val 0.06965     lr 3.00e-04  8s  patience 2/15
2026-08-15 09:24:05,613 │ INFO    │   e 44  train 0.08580  val 0.06964     lr 3.00e-04  8s  patience 3/15
2026-08-15 09:24:13,850 │ INFO    │   e 45  train 0.08565  val 0.06946     lr 3.00e-04  8s  patience 4/15
2026-08-15 09:24:21,624 │ INFO    │   e 46  train 0.08538  val 0.06887  ★  lr 3.00e-04  8s  patience 0/15
2026-08-15 09:24:29,177 │ INFO    │   e 47  train 0.08534  val 0.06916     lr 3.00e-04  7s  patience 1/15
2026-08-15 09:24:37,360 │ INFO    │   e 48  train 0.08516  val 0.07046     lr 3.00e-04  8s  patience 2/15
2026-08-15 09:24:44,504 │ INFO    │   e 49  train 0.08504  val 0.07021     lr 3.00e-04  7s  patience 3/15
2026-08-15 09:24:52,801 │ INFO    │   e 50  train 0.08509  val 0.06907     lr 3.00e-04  8s  patience 4/15
2026-08-15 09:25:00,102 │ INFO    │   e 51  train 0.08521  val 0.06753  ★  lr 3.00e-04  7s  patience 0/15
2026-08-15 09:25:08,413 │ INFO    │   e 52  train 0.08448  val 0.06787     lr 3.00e-04  8s  patience 1/15
2026-08-15 09:25:16,103 │ INFO    │   e 53  train 0.08444  val 0.07021     lr 3.00e-04  8s  patience 2/15
2026-08-15 09:25:24,285 │ INFO    │   e 54  train 0.08446  val 0.06783     lr 3.00e-04  8s  patience 3/15
2026-08-15 09:25:32,696 │ INFO    │   e 55  train 0.08435  val 0.06792     lr 3.00e-04  8s  patience 4/15
2026-08-15 09:25:39,973 │ INFO    │   e 56  train 0.08425  val 0.06836     lr 3.00e-04  7s  patience 5/15
2026-08-15 09:25:48,372 │ INFO    │   e 57  train 0.08396  val 0.06796     lr 3.00e-04  8s  patience 6/15
2026-08-15 09:25:55,425 │ INFO    │   e 58  train 0.08406  val 0.06937     lr 1.50e-04  7s  patience 7/15
2026-08-15 09:26:03,768 │ INFO    │   e 59  train 0.08353  val 0.06736  ★  lr 1.50e-04  8s  patience 0/15
2026-08-15 09:26:11,335 │ INFO    │   e 60  train 0.08339  val 0.06733  ★  lr 1.50e-04  8s  patience 0/15
2026-08-15 09:26:19,142 │ INFO    │   e 61  train 0.08333  val 0.06892     lr 1.50e-04  8s  patience 1/15
2026-08-15 09:26:27,307 │ INFO    │   e 62  train 0.08343  val 0.06810     lr 1.50e-04  8s  patience 2/15
2026-08-15 09:26:34,339 │ INFO    │   e 63  train 0.08324  val 0.06839     lr 1.50e-04  7s  patience 3/15
2026-08-15 09:26:42,764 │ INFO    │   e 64  train 0.08338  val 0.06800     lr 1.50e-04  8s  patience 4/15
2026-08-15 09:26:49,706 │ INFO    │   e 65  train 0.08314  val 0.06788     lr 1.50e-04  7s  patience 5/15
2026-08-15 09:26:57,838 │ INFO    │   e 66  train 0.08315  val 0.06708  ★  lr 1.50e-04  8s  patience 0/15
2026-08-15 09:27:05,961 │ INFO    │   e 67  train 0.08314  val 0.06744     lr 1.50e-04  8s  patience 1/15
2026-08-15 09:27:14,356 │ INFO    │   e 68  train 0.08299  val 0.06712     lr 1.50e-04  8s  patience 2/15
2026-08-15 09:27:22,541 │ INFO    │   e 69  train 0.08292  val 0.06710     lr 1.50e-04  8s  patience 3/15
2026-08-15 09:27:29,537 │ INFO    │   e 70  train 0.08288  val 0.06788     lr 1.50e-04  7s  patience 4/15
2026-08-15 09:27:37,859 │ INFO    │   e 71  train 0.08288  val 0.06730     lr 1.50e-04  8s  patience 5/15
2026-08-15 09:27:45,129 │ INFO    │   e 72  train 0.08284  val 0.06728     lr 1.50e-04  7s  patience 6/15
2026-08-15 09:27:53,808 │ INFO    │   e 73  train 0.08283  val 0.06763     lr 7.50e-05  9s  patience 7/15
2026-08-15 09:28:01,092 │ INFO    │   e 74  train 0.08256  val 0.06710     lr 7.50e-05  7s  patience 8/15
2026-08-15 09:28:09,149 │ INFO    │   e 75  train 0.08252  val 0.06756     lr 7.50e-05  8s  patience 9/15
2026-08-15 09:28:17,119 │ INFO    │   e 76  train 0.08253  val 0.06707  ★  lr 7.50e-05  8s  patience 0/15
2026-08-15 09:28:24,494 │ INFO    │   e 77  train 0.08249  val 0.06703  ★  lr 7.50e-05  7s  patience 0/15
2026-08-15 09:28:32,761 │ INFO    │   e 78  train 0.08246  val 0.06667  ★  lr 7.50e-05  8s  patience 0/15
2026-08-15 09:28:39,863 │ INFO    │   e 79  train 0.08247  val 0.06690     lr 7.50e-05  7s  patience 1/15
2026-08-15 09:28:39,968 │ INFO    │ ✔ finished [AGCRN] best_val=0.06667 @ epoch 78
2026-08-15 09:28:41,713 │ INFO    │ ▶ training [TGALSTM] — 3,640 train / 364 tune windows, 114 batches/epoch, from epoch 0
2026-08-15 09:28:45,837 │ INFO    │   e  0  train 0.20200  val 0.13624  ★  lr 3.00e-04  4s  patience 0/15
2026-08-15 09:28:49,903 │ INFO    │   e  1  train 0.13430  val 0.11278  ★  lr 3.00e-04  4s  patience 0/15
2026-08-15 09:28:54,005 │ INFO    │   e  2  train 0.12503  val 0.10673  ★  lr 3.00e-04  4s  patience 0/15
2026-08-15 09:28:58,106 │ INFO    │   e  3  train 0.12199  val 0.10696     lr 3.00e-04  4s  patience 1/15
2026-08-15 09:29:02,261 │ INFO    │   e  4  train 0.11968  val 0.10259  ★  lr 3.00e-04  4s  patience 0/15
2026-08-15 09:29:06,359 │ INFO    │   e  5  train 0.11777  val 0.10008  ★  lr 3.00e-04  4s  patience 0/15
2026-08-15 09:29:10,454 │ INFO    │   e  6  train 0.11692  val 0.10093     lr 3.00e-04  4s  patience 1/15
2026-08-15 09:29:14,637 │ INFO    │   e  7  train 0.11580  val 0.09768  ★  lr 3.00e-04  4s  patience 0/15
2026-08-15 09:29:18,761 │ INFO    │   e  8  train 0.11455  val 0.09632  ★  lr 3.00e-04  4s  patience 0/15
2026-08-15 09:29:22,851 │ INFO    │   e  9  train 0.11376  val 0.09509  ★  lr 3.00e-04  4s  patience 0/15
2026-08-15 09:29:26,946 │ INFO    │   e 10  train 0.11311  val 0.09586     lr 3.00e-04  4s  patience 1/15
2026-08-15 09:29:31,058 │ INFO    │   e 11  train 0.11263  val 0.09403  ★  lr 3.00e-04  4s  patience 0/15
2026-08-15 09:29:35,112 │ INFO    │   e 12  train 0.11206  val 0.09517     lr 3.00e-04  4s  patience 1/15
2026-08-15 09:29:39,193 │ INFO    │   e 13  train 0.11161  val 0.09461     lr 3.00e-04  4s  patience 2/15
2026-08-15 09:29:43,394 │ INFO    │   e 14  train 0.11064  val 0.09293  ★  lr 3.00e-04  4s  patience 0/15
2026-08-15 09:29:47,464 │ INFO    │   e 15  train 0.11115  val 0.09301     lr 3.00e-04  4s  patience 1/15
2026-08-15 09:29:51,590 │ INFO    │   e 16  train 0.10995  val 0.09234  ★  lr 3.00e-04  4s  patience 0/15
2026-08-15 09:29:55,793 │ INFO    │   e 17  train 0.10966  val 0.09221  ★  lr 3.00e-04  4s  patience 0/15
2026-08-15 09:29:59,902 │ INFO    │   e 18  train 0.10940  val 0.09297     lr 3.00e-04  4s  patience 1/15
2026-08-15 09:30:04,013 │ INFO    │   e 19  train 0.10898  val 0.09244     lr 3.00e-04  4s  patience 2/15
2026-08-15 09:30:08,209 │ INFO    │   e 20  train 0.10863  val 0.08969  ★  lr 3.00e-04  4s  patience 0/15
2026-08-15 09:30:12,389 │ INFO    │   e 21  train 0.10796  val 0.09051     lr 3.00e-04  4s  patience 1/15
2026-08-15 09:30:16,497 │ INFO    │   e 22  train 0.10822  val 0.08994     lr 3.00e-04  4s  patience 2/15
2026-08-15 09:30:20,616 │ INFO    │   e 23  train 0.10780  val 0.09028     lr 3.00e-04  4s  patience 3/15
2026-08-15 09:30:24,787 │ INFO    │   e 24  train 0.10738  val 0.09107     lr 3.00e-04  4s  patience 4/15
2026-08-15 09:30:28,902 │ INFO    │   e 25  train 0.10725  val 0.09035     lr 3.00e-04  4s  patience 5/15
2026-08-15 09:30:33,072 │ INFO    │   e 26  train 0.10696  val 0.08847  ★  lr 3.00e-04  4s  patience 0/15
2026-08-15 09:30:37,248 │ INFO    │   e 27  train 0.10656  val 0.08880     lr 3.00e-04  4s  patience 1/15
2026-08-15 09:30:41,396 │ INFO    │   e 28  train 0.10642  val 0.09067     lr 3.00e-04  4s  patience 2/15
2026-08-15 09:30:45,519 │ INFO    │   e 29  train 0.10642  val 0.08940     lr 3.00e-04  4s  patience 3/15
2026-08-15 09:30:49,690 │ INFO    │   e 30  train 0.10619  val 0.09076     lr 3.00e-04  4s  patience 4/15
2026-08-15 09:30:53,908 │ INFO    │   e 31  train 0.10610  val 0.08780  ★  lr 3.00e-04  4s  patience 0/15
2026-08-15 09:30:58,086 │ INFO    │   e 32  train 0.10540  val 0.08717  ★  lr 3.00e-04  4s  patience 0/15
2026-08-15 09:31:02,221 │ INFO    │   e 33  train 0.10553  val 0.08759     lr 3.00e-04  4s  patience 1/15
2026-08-15 09:31:06,443 │ INFO    │   e 34  train 0.10546  val 0.08951     lr 3.00e-04  4s  patience 2/15
2026-08-15 09:31:10,581 │ INFO    │   e 35  train 0.10523  val 0.08833     lr 3.00e-04  4s  patience 3/15
2026-08-15 09:31:14,773 │ INFO    │   e 36  train 0.10491  val 0.08684  ★  lr 3.00e-04  4s  patience 0/15
2026-08-15 09:31:18,968 │ INFO    │   e 37  train 0.10476  val 0.08686     lr 3.00e-04  4s  patience 1/15
2026-08-15 09:31:23,178 │ INFO    │   e 38  train 0.10456  val 0.09020     lr 3.00e-04  4s  patience 2/15
2026-08-15 09:31:27,377 │ INFO    │   e 39  train 0.10478  val 0.08653  ★  lr 3.00e-04  4s  patience 0/15
2026-08-15 09:31:31,598 │ INFO    │   e 40  train 0.10438  val 0.08650  ★  lr 3.00e-04  4s  patience 0/15
2026-08-15 09:31:35,839 │ INFO    │   e 41  train 0.10439  val 0.08632  ★  lr 3.00e-04  4s  patience 0/15
2026-08-15 09:31:39,999 │ INFO    │   e 42  train 0.10421  val 0.08696     lr 3.00e-04  4s  patience 1/15
2026-08-15 09:31:44,154 │ INFO    │   e 43  train 0.10372  val 0.08673     lr 3.00e-04  4s  patience 2/15
2026-08-15 09:31:48,381 │ INFO    │   e 44  train 0.10382  val 0.08678     lr 3.00e-04  4s  patience 3/15
2026-08-15 09:31:52,533 │ INFO    │   e 45  train 0.10345  val 0.08891     lr 3.00e-04  4s  patience 4/15
2026-08-15 09:31:56,701 │ INFO    │   e 46  train 0.10323  val 0.08641     lr 3.00e-04  4s  patience 5/15
2026-08-15 09:32:00,915 │ INFO    │   e 47  train 0.10363  val 0.08658     lr 3.00e-04  4s  patience 6/15
2026-08-15 09:32:05,149 │ INFO    │   e 48  train 0.10309  val 0.08598  ★  lr 3.00e-04  4s  patience 0/15
2026-08-15 09:32:09,310 │ INFO    │   e 49  train 0.10311  val 0.08631     lr 3.00e-04  4s  patience 1/15
2026-08-15 09:32:13,578 │ INFO    │   e 50  train 0.10280  val 0.08551  ★  lr 3.00e-04  4s  patience 0/15
2026-08-15 09:32:17,795 │ INFO    │   e 51  train 0.10321  val 0.08597     lr 3.00e-04  4s  patience 1/15
2026-08-15 09:32:22,016 │ INFO    │   e 52  train 0.10252  val 0.08494  ★  lr 3.00e-04  4s  patience 0/15
2026-08-15 09:32:26,238 │ INFO    │   e 53  train 0.10238  val 0.08494  ★  lr 3.00e-04  4s  patience 0/15
2026-08-15 09:32:30,478 │ INFO    │   e 54  train 0.10246  val 0.08543     lr 3.00e-04  4s  patience 1/15
2026-08-15 09:32:34,656 │ INFO    │   e 55  train 0.10261  val 0.08593     lr 3.00e-04  4s  patience 2/15
2026-08-15 09:32:38,834 │ INFO    │   e 56  train 0.10224  val 0.08673     lr 3.00e-04  4s  patience 3/15
2026-08-15 09:32:43,141 │ INFO    │   e 57  train 0.10200  val 0.08411  ★  lr 3.00e-04  4s  patience 0/15
2026-08-15 09:32:47,361 │ INFO    │   e 58  train 0.10221  val 0.08709     lr 3.00e-04  4s  patience 1/15
2026-08-15 09:32:51,583 │ INFO    │   e 59  train 0.10198  val 0.08331  ★  lr 3.00e-04  4s  patience 0/15
2026-08-15 09:32:55,793 │ INFO    │   e 60  train 0.10194  val 0.08461     lr 3.00e-04  4s  patience 1/15
2026-08-15 09:33:00,003 │ INFO    │   e 61  train 0.10163  val 0.08606     lr 3.00e-04  4s  patience 2/15
2026-08-15 09:33:04,205 │ INFO    │   e 62  train 0.10211  val 0.08512     lr 3.00e-04  4s  patience 3/15
2026-08-15 09:33:08,400 │ INFO    │   e 63  train 0.10142  val 0.08514     lr 3.00e-04  4s  patience 4/15
2026-08-15 09:33:12,649 │ INFO    │   e 64  train 0.10134  val 0.08460     lr 3.00e-04  4s  patience 5/15
2026-08-15 09:33:16,827 │ INFO    │   e 65  train 0.10160  val 0.08425     lr 3.00e-04  4s  patience 6/15
2026-08-15 09:33:21,003 │ INFO    │   e 66  train 0.10149  val 0.08402     lr 1.50e-04  4s  patience 7/15
2026-08-15 09:33:25,263 │ INFO    │   e 67  train 0.10055  val 0.08334     lr 1.50e-04  4s  patience 8/15
2026-08-15 09:33:29,505 │ INFO    │   e 68  train 0.10037  val 0.08288  ★  lr 1.50e-04  4s  patience 0/15
2026-08-15 09:33:33,718 │ INFO    │   e 69  train 0.10030  val 0.08239  ★  lr 1.50e-04  4s  patience 0/15
2026-08-15 09:33:37,931 │ INFO    │   e 70  train 0.10020  val 0.08364     lr 1.50e-04  4s  patience 1/15
2026-08-15 09:33:42,163 │ INFO    │   e 71  train 0.10011  val 0.08263     lr 1.50e-04  4s  patience 2/15
2026-08-15 09:33:46,354 │ INFO    │   e 72  train 0.10027  val 0.08321     lr 1.50e-04  4s  patience 3/15
2026-08-15 09:33:50,560 │ INFO    │   e 73  train 0.10034  val 0.08250     lr 1.50e-04  4s  patience 4/15
2026-08-15 09:33:54,791 │ INFO    │   e 74  train 0.10009  val 0.08352     lr 1.50e-04  4s  patience 5/15
2026-08-15 09:33:58,999 │ INFO    │   e 75  train 0.09994  val 0.08385     lr 1.50e-04  4s  patience 6/15
2026-08-15 09:34:03,183 │ INFO    │   e 76  train 0.10031  val 0.08310     lr 7.50e-05  4s  patience 7/15
2026-08-15 09:34:07,476 │ INFO    │   e 77  train 0.09954  val 0.08238  ★  lr 7.50e-05  4s  patience 0/15
2026-08-15 09:34:11,676 │ INFO    │   e 78  train 0.09948  val 0.08243     lr 7.50e-05  4s  patience 1/15
2026-08-15 09:34:15,869 │ INFO    │   e 79  train 0.09941  val 0.08312     lr 7.50e-05  4s  patience 2/15
2026-08-15 09:34:16,019 │ INFO    │ ✔ finished [TGALSTM] best_val=0.08238 @ epoch 77
2026-08-15 09:34:18,558 │ INFO    │ ▶ training [TDAG-Net] — 3,640 train / 364 tune windows, 114 batches/epoch, from epoch 0
2026-08-15 09:34:23,804 │ INFO    │   e  0  train 0.20068  val 0.12892  ★  lr 3.00e-04  5s  patience 0/15
2026-08-15 09:34:29,064 │ INFO    │   e  1  train 0.12800  val 0.10824  ★  lr 3.00e-04  5s  patience 0/15
2026-08-15 09:34:34,367 │ INFO    │   e  2  train 0.11884  val 0.10144  ★  lr 3.00e-04  5s  patience 0/15
2026-08-15 09:34:39,646 │ INFO    │   e  3  train 0.11547  val 0.09908  ★  lr 3.00e-04  5s  patience 0/15
2026-08-15 09:34:44,908 │ INFO    │   e  4  train 0.11291  val 0.09523  ★  lr 3.00e-04  5s  patience 0/15
2026-08-15 09:34:50,267 │ INFO    │   e  5  train 0.11082  val 0.09514  ★  lr 3.00e-04  5s  patience 0/15
2026-08-15 09:34:55,556 │ INFO    │   e  6  train 0.10979  val 0.09410  ★  lr 3.00e-04  5s  patience 0/15
2026-08-15 09:35:00,851 │ INFO    │   e  7  train 0.10848  val 0.09113  ★  lr 3.00e-04  5s  patience 0/15
2026-08-15 09:35:06,138 │ INFO    │   e  8  train 0.10687  val 0.08980  ★  lr 3.00e-04  5s  patience 0/15
2026-08-15 09:35:11,401 │ INFO    │   e  9  train 0.10608  val 0.08921  ★  lr 3.00e-04  5s  patience 0/15
2026-08-15 09:35:16,743 │ INFO    │   e 10  train 0.10520  val 0.08798  ★  lr 3.00e-04  5s  patience 0/15
2026-08-15 09:35:22,039 │ INFO    │   e 11  train 0.10443  val 0.08652  ★  lr 3.00e-04  5s  patience 0/15
2026-08-15 09:35:27,293 │ INFO    │   e 12  train 0.10369  val 0.08780     lr 3.00e-04  5s  patience 1/15
2026-08-15 09:35:32,612 │ INFO    │   e 13  train 0.10324  val 0.08632  ★  lr 3.00e-04  5s  patience 0/15
2026-08-15 09:35:37,874 │ INFO    │   e 14  train 0.10228  val 0.08560  ★  lr 3.00e-04  5s  patience 0/15
2026-08-15 09:35:43,190 │ INFO    │   e 15  train 0.10199  val 0.08478  ★  lr 3.00e-04  5s  patience 0/15
2026-08-15 09:35:48,452 │ INFO    │   e 16  train 0.10153  val 0.08493     lr 3.00e-04  5s  patience 1/15
2026-08-15 09:35:53,716 │ INFO    │   e 17  train 0.10108  val 0.08434  ★  lr 3.00e-04  5s  patience 0/15
2026-08-15 09:35:59,013 │ INFO    │   e 18  train 0.10056  val 0.08499     lr 3.00e-04  5s  patience 1/15
2026-08-15 09:36:04,281 │ INFO    │   e 19  train 0.10025  val 0.08349  ★  lr 3.00e-04  5s  patience 0/15
2026-08-15 09:36:09,563 │ INFO    │   e 20  train 0.09983  val 0.08249  ★  lr 3.00e-04  5s  patience 0/15
2026-08-15 09:36:14,894 │ INFO    │   e 21  train 0.09918  val 0.08220  ★  lr 3.00e-04  5s  patience 0/15
2026-08-15 09:36:20,166 │ INFO    │   e 22  train 0.09919  val 0.08219  ★  lr 3.00e-04  5s  patience 0/15
2026-08-15 09:36:25,416 │ INFO    │   e 23  train 0.09877  val 0.08276     lr 3.00e-04  5s  patience 1/15
2026-08-15 09:36:30,684 │ INFO    │   e 24  train 0.09833  val 0.08273     lr 3.00e-04  5s  patience 2/15
2026-08-15 09:36:35,954 │ INFO    │   e 25  train 0.09820  val 0.08089  ★  lr 3.00e-04  5s  patience 0/15
2026-08-15 09:36:41,291 │ INFO    │   e 26  train 0.09770  val 0.08073  ★  lr 3.00e-04  5s  patience 0/15
2026-08-15 09:36:46,568 │ INFO    │   e 27  train 0.09782  val 0.08033  ★  lr 3.00e-04  5s  patience 0/15
2026-08-15 09:36:51,830 │ INFO    │   e 28  train 0.09771  val 0.08125     lr 3.00e-04  5s  patience 1/15
2026-08-15 09:36:57,129 │ INFO    │   e 29  train 0.09716  val 0.08118     lr 3.00e-04  5s  patience 2/15
2026-08-15 09:37:02,352 │ INFO    │   e 30  train 0.09698  val 0.08056     lr 3.00e-04  5s  patience 3/15
2026-08-15 09:37:07,605 │ INFO    │   e 31  train 0.09685  val 0.08054     lr 3.00e-04  5s  patience 4/15
2026-08-15 09:37:12,858 │ INFO    │   e 32  train 0.09657  val 0.08043     lr 3.00e-04  5s  patience 5/15
2026-08-15 09:37:18,148 │ INFO    │   e 33  train 0.09650  val 0.07938  ★  lr 3.00e-04  5s  patience 0/15
2026-08-15 09:37:23,476 │ INFO    │   e 34  train 0.09625  val 0.07908  ★  lr 3.00e-04  5s  patience 0/15
2026-08-15 09:37:28,695 │ INFO    │   e 35  train 0.09609  val 0.08006     lr 3.00e-04  5s  patience 1/15
2026-08-15 09:37:33,942 │ INFO    │   e 36  train 0.09589  val 0.07929     lr 3.00e-04  5s  patience 2/15
2026-08-15 09:37:39,216 │ INFO    │   e 37  train 0.09579  val 0.07964     lr 3.00e-04  5s  patience 3/15
2026-08-15 09:37:44,450 │ INFO    │   e 38  train 0.09593  val 0.07939     lr 3.00e-04  5s  patience 4/15
2026-08-15 09:37:49,764 │ INFO    │   e 39  train 0.09544  val 0.07859  ★  lr 3.00e-04  5s  patience 0/15
2026-08-15 09:37:55,053 │ INFO    │   e 40  train 0.09525  val 0.07859  ★  lr 3.00e-04  5s  patience 0/15
2026-08-15 09:38:00,335 │ INFO    │   e 41  train 0.09486  val 0.07794  ★  lr 3.00e-04  5s  patience 0/15
2026-08-15 09:38:05,631 │ INFO    │   e 42  train 0.09521  val 0.07908     lr 3.00e-04  5s  patience 1/15
2026-08-15 09:38:10,858 │ INFO    │   e 43  train 0.09500  val 0.07819     lr 3.00e-04  5s  patience 2/15
2026-08-15 09:38:16,128 │ INFO    │   e 44  train 0.09528  val 0.07801     lr 3.00e-04  5s  patience 3/15
2026-08-15 09:38:21,381 │ INFO    │   e 45  train 0.09478  val 0.07857     lr 3.00e-04  5s  patience 4/15
2026-08-15 09:38:26,652 │ INFO    │   e 46  train 0.09451  val 0.07771  ★  lr 3.00e-04  5s  patience 0/15
2026-08-15 09:38:31,999 │ INFO    │   e 47  train 0.09417  val 0.07734  ★  lr 3.00e-04  5s  patience 0/15
2026-08-15 09:38:37,276 │ INFO    │   e 48  train 0.09425  val 0.07731  ★  lr 3.00e-04  5s  patience 0/15
2026-08-15 09:38:42,511 │ INFO    │   e 49  train 0.09436  val 0.07784     lr 3.00e-04  5s  patience 1/15
2026-08-15 09:38:47,852 │ INFO    │   e 50  train 0.09401  val 0.07704  ★  lr 3.00e-04  5s  patience 0/15
2026-08-15 09:38:53,100 │ INFO    │   e 51  train 0.09408  val 0.07725     lr 3.00e-04  5s  patience 1/15
2026-08-15 09:38:56,383 │ WARNING │   ⏸ interrupted — checkpoint written at epoch 52 batch 71. Re-run this cell to continue.
2026-08-15 09:39:23,409 │ INFO    │ ✓ cached  [LSTM] predictions + metrics loaded
2026-08-15 09:39:23,520 │ INFO    │ ✓ cached  [TCN] predictions + metrics loaded
2026-08-15 09:39:23,627 │ INFO    │ ✓ cached  [ConvLSTM] predictions + metrics loaded
2026-08-15 09:39:23,731 │ INFO    │ ✓ cached  [SVR-LSTM] predictions + metrics loaded
2026-08-15 09:39:23,833 │ INFO    │ ✓ cached  [STGCN] predictions + metrics loaded
2026-08-15 09:39:23,948 │ INFO    │ ✓ cached  [DCRNN] predictions + metrics loaded
2026-08-15 09:39:24,038 │ INFO    │ ✓ cached  [Graph WaveNet] predictions + metrics loaded
2026-08-15 09:39:24,122 │ INFO    │ ✓ cached  [AGCRN] predictions + metrics loaded
2026-08-15 09:39:24,216 │ INFO    │ ✓ cached  [TGALSTM] predictions + metrics loaded
2026-08-15 09:39:24,284 │ INFO    │   ↻ resumed [TDAG-Net] at epoch 52, batch 71, best_val=0.07704 (epoch 50)
2026-08-15 09:39:24,285 │ INFO    │ ▶ training [TDAG-Net] — 3,640 train / 364 tune windows, 114 batches/epoch, from epoch 52
2026-08-15 09:39:24,287 │ INFO    │   ↻ skipping 71 already-completed batches of epoch 52
2026-08-15 09:39:26,406 │ INFO    │   e 52  train 0.09433  val 0.07695  ★  lr 3.00e-04  2s  patience 0/15
2026-08-15 09:39:31,510 │ INFO    │   e 53  train 0.09365  val 0.07876     lr 3.00e-04  5s  patience 1/15
2026-08-15 09:39:36,740 │ INFO    │   e 54  train 0.09364  val 0.07664  ★  lr 3.00e-04  5s  patience 0/15
2026-08-15 09:39:41,916 │ INFO    │   e 55  train 0.09381  val 0.07692     lr 3.00e-04  5s  patience 1/15
2026-08-15 09:39:47,090 │ INFO    │   e 56  train 0.09366  val 0.07698     lr 3.00e-04  5s  patience 2/15
2026-08-15 09:39:52,383 │ INFO    │   e 57  train 0.09331  val 0.07637  ★  lr 3.00e-04  5s  patience 0/15
2026-08-15 09:39:57,547 │ INFO    │   e 58  train 0.09331  val 0.07713     lr 3.00e-04  5s  patience 1/15
2026-08-15 09:40:02,805 │ INFO    │   e 59  train 0.09306  val 0.07592  ★  lr 3.00e-04  5s  patience 0/15
2026-08-15 09:40:08,071 │ INFO    │   e 60  train 0.09289  val 0.07666     lr 3.00e-04  5s  patience 1/15
2026-08-15 09:40:13,282 │ INFO    │   e 61  train 0.09305  val 0.07773     lr 3.00e-04  5s  patience 2/15
2026-08-15 09:40:18,527 │ INFO    │   e 62  train 0.09267  val 0.07620     lr 3.00e-04  5s  patience 3/15
2026-08-15 09:40:23,777 │ INFO    │   e 63  train 0.09276  val 0.07607     lr 3.00e-04  5s  patience 4/15
2026-08-15 09:40:28,998 │ INFO    │   e 64  train 0.09254  val 0.07645     lr 3.00e-04  5s  patience 5/15
2026-08-15 09:40:34,308 │ INFO    │   e 65  train 0.09281  val 0.07688     lr 3.00e-04  5s  patience 6/15
2026-08-15 09:40:39,532 │ INFO    │   e 66  train 0.09300  val 0.07607     lr 1.50e-04  5s  patience 7/15
2026-08-15 09:40:44,840 │ INFO    │   e 67  train 0.09184  val 0.07556  ★  lr 1.50e-04  5s  patience 0/15
2026-08-15 09:40:50,181 │ INFO    │   e 68  train 0.09171  val 0.07514  ★  lr 1.50e-04  5s  patience 0/15
2026-08-15 09:40:55,464 │ INFO    │   e 69  train 0.09159  val 0.07497  ★  lr 1.50e-04  5s  patience 0/15
2026-08-15 09:41:00,740 │ INFO    │   e 70  train 0.09163  val 0.07556     lr 1.50e-04  5s  patience 1/15
2026-08-15 09:41:06,024 │ INFO    │   e 71  train 0.09155  val 0.07509     lr 1.50e-04  5s  patience 2/15
2026-08-15 09:41:11,259 │ INFO    │   e 72  train 0.09144  val 0.07507     lr 1.50e-04  5s  patience 3/15
2026-08-15 09:41:16,577 │ INFO    │   e 73  train 0.09144  val 0.07521     lr 1.50e-04  5s  patience 4/15
2026-08-15 09:41:21,862 │ INFO    │   e 74  train 0.09150  val 0.07497  ★  lr 1.50e-04  5s  patience 0/15
2026-08-15 09:41:27,127 │ INFO    │   e 75  train 0.09137  val 0.07514     lr 1.50e-04  5s  patience 1/15
2026-08-15 09:41:32,415 │ INFO    │   e 76  train 0.09139  val 0.07520     lr 7.50e-05  5s  patience 2/15
2026-08-15 09:41:37,723 │ INFO    │   e 77  train 0.09112  val 0.07467  ★  lr 7.50e-05  5s  patience 0/15
2026-08-15 09:41:43,094 │ INFO    │   e 78  train 0.09103  val 0.07447  ★  lr 7.50e-05  5s  patience 0/15
2026-08-15 09:41:48,349 │ INFO    │   e 79  train 0.09098  val 0.07474     lr 7.50e-05  5s  patience 1/15
2026-08-15 09:41:48,498 │ INFO    │ ✔ finished [TDAG-Net] best_val=0.07447 @ epoch 78
2026-08-15 09:41:50,849 │ INFO    │ ▶ training [TDAG-Net (Input-Splitter)] — 3,640 train / 364 tune windows, 114 batches/epoch, from epoch 0
2026-08-15 09:41:56,052 │ INFO    │   e  0  train 0.20556  val 0.14139  ★  lr 3.00e-04  5s  patience 0/15
2026-08-15 09:42:01,313 │ INFO    │   e  1  train 0.13111  val 0.10688  ★  lr 3.00e-04  5s  patience 0/15
2026-08-15 09:42:06,551 │ INFO    │   e  2  train 0.11853  val 0.09872  ★  lr 3.00e-04  5s  patience 0/15
2026-08-15 09:42:11,843 │ INFO    │   e  3  train 0.11472  val 0.09677  ★  lr 3.00e-04  5s  patience 0/15
2026-08-15 09:42:17,070 │ INFO    │   e  4  train 0.11204  val 0.09250  ★  lr 3.00e-04  5s  patience 0/15
2026-08-15 09:42:22,324 │ INFO    │   e  5  train 0.10919  val 0.09223  ★  lr 3.00e-04  5s  patience 0/15
2026-08-15 09:42:27,610 │ INFO    │   e  6  train 0.10826  val 0.08978  ★  lr 3.00e-04  5s  patience 0/15
2026-08-15 09:42:32,832 │ INFO    │   e  7  train 0.10661  val 0.08820  ★  lr 3.00e-04  5s  patience 0/15
2026-08-15 09:42:38,090 │ INFO    │   e  8  train 0.10493  val 0.08631  ★  lr 3.00e-04  5s  patience 0/15
2026-08-15 09:42:43,298 │ INFO    │   e  9  train 0.10395  val 0.08633     lr 3.00e-04  5s  patience 1/15
2026-08-15 09:42:48,537 │ INFO    │   e 10  train 0.10380  val 0.08587  ★  lr 3.00e-04  5s  patience 0/15
2026-08-15 09:42:53,847 │ INFO    │   e 11  train 0.10223  val 0.08258  ★  lr 3.00e-04  5s  patience 0/15
2026-08-15 09:42:59,046 │ INFO    │   e 12  train 0.10142  val 0.08824     lr 3.00e-04  5s  patience 1/15
2026-08-15 09:43:04,238 │ INFO    │   e 13  train 0.10111  val 0.08321     lr 3.00e-04  5s  patience 2/15
2026-08-15 09:43:09,521 │ INFO    │   e 14  train 0.09956  val 0.08097  ★  lr 3.00e-04  5s  patience 0/15
2026-08-15 09:43:14,761 │ INFO    │   e 15  train 0.09991  val 0.08088  ★  lr 3.00e-04  5s  patience 0/15
2026-08-15 09:43:20,047 │ INFO    │   e 16  train 0.09848  val 0.08035  ★  lr 3.00e-04  5s  patience 0/15
2026-08-15 09:43:25,308 │ INFO    │   e 17  train 0.09820  val 0.07992  ★  lr 3.00e-04  5s  patience 0/15
2026-08-15 09:43:30,501 │ INFO    │   e 18  train 0.09851  val 0.08237     lr 3.00e-04  5s  patience 1/15
2026-08-15 09:43:35,823 │ INFO    │   e 19  train 0.09746  val 0.07941  ★  lr 3.00e-04  5s  patience 0/15
2026-08-15 09:43:41,066 │ INFO    │   e 20  train 0.09697  val 0.07744  ★  lr 3.00e-04  5s  patience 0/15
2026-08-15 09:43:46,284 │ INFO    │   e 21  train 0.09699  val 0.07928     lr 3.00e-04  5s  patience 1/15
2026-08-15 09:43:51,587 │ INFO    │   e 22  train 0.09673  val 0.07750     lr 3.00e-04  5s  patience 2/15
2026-08-15 09:43:56,847 │ INFO    │   e 23  train 0.09602  val 0.07738  ★  lr 3.00e-04  5s  patience 0/15
2026-08-15 09:44:02,079 │ INFO    │   e 24  train 0.09580  val 0.08232     lr 3.00e-04  5s  patience 1/15
2026-08-15 09:44:07,310 │ INFO    │   e 25  train 0.09563  val 0.07824     lr 3.00e-04  5s  patience 2/15
2026-08-15 09:44:12,577 │ INFO    │   e 26  train 0.09477  val 0.07651  ★  lr 3.00e-04  5s  patience 0/15
2026-08-15 09:44:17,830 │ INFO    │   e 27  train 0.09475  val 0.07668     lr 3.00e-04  5s  patience 1/15
2026-08-15 09:44:23,041 │ INFO    │   e 28  train 0.09463  val 0.07687     lr 3.00e-04  5s  patience 2/15
2026-08-15 09:44:28,269 │ INFO    │   e 29  train 0.09438  val 0.07741     lr 3.00e-04  5s  patience 3/15
2026-08-15 09:44:33,592 │ INFO    │   e 30  train 0.09405  val 0.07650  ★  lr 3.00e-04  5s  patience 0/15
2026-08-15 09:44:38,853 │ INFO    │   e 31  train 0.09410  val 0.07602  ★  lr 3.00e-04  5s  patience 0/15
2026-08-15 09:44:44,092 │ INFO    │   e 32  train 0.09372  val 0.07620     lr 3.00e-04  5s  patience 1/15
2026-08-15 09:44:49,399 │ INFO    │   e 33  train 0.09353  val 0.07478  ★  lr 3.00e-04  5s  patience 0/15
2026-08-15 09:44:54,622 │ INFO    │   e 34  train 0.09317  val 0.07483     lr 3.00e-04  5s  patience 1/15
2026-08-15 09:44:59,892 │ INFO    │   e 35  train 0.09307  val 0.07501     lr 3.00e-04  5s  patience 2/15
2026-08-15 09:45:05,112 │ INFO    │   e 36  train 0.09267  val 0.07484     lr 3.00e-04  5s  patience 3/15
2026-08-15 09:45:10,376 │ INFO    │   e 37  train 0.09247  val 0.07473  ★  lr 3.00e-04  5s  patience 0/15
2026-08-15 09:45:15,666 │ INFO    │   e 38  train 0.09253  val 0.07605     lr 3.00e-04  5s  patience 1/15
2026-08-15 09:45:20,929 │ INFO    │   e 39  train 0.09252  val 0.07416  ★  lr 3.00e-04  5s  patience 0/15
2026-08-15 09:45:26,222 │ INFO    │   e 40  train 0.09243  val 0.07332  ★  lr 3.00e-04  5s  patience 0/15
2026-08-15 09:45:31,484 │ INFO    │   e 41  train 0.09207  val 0.07566     lr 3.00e-04  5s  patience 1/15
2026-08-15 09:45:36,703 │ INFO    │   e 42  train 0.09175  val 0.07510     lr 3.00e-04  5s  patience 2/15
2026-08-15 09:45:41,982 │ INFO    │   e 43  train 0.09135  val 0.07332     lr 3.00e-04  5s  patience 3/15
2026-08-15 09:45:47,248 │ INFO    │   e 44  train 0.09128  val 0.07281  ★  lr 3.00e-04  5s  patience 0/15
2026-08-15 09:45:52,488 │ INFO    │   e 45  train 0.09150  val 0.07423     lr 3.00e-04  5s  patience 1/15
2026-08-15 09:45:57,759 │ INFO    │   e 46  train 0.09114  val 0.07443     lr 3.00e-04  5s  patience 2/15
2026-08-15 09:46:02,972 │ INFO    │   e 47  train 0.09094  val 0.07287     lr 3.00e-04  5s  patience 3/15
2026-08-15 09:46:08,230 │ INFO    │   e 48  train 0.09101  val 0.07352     lr 3.00e-04  5s  patience 4/15
2026-08-15 09:46:13,474 │ INFO    │   e 49  train 0.09100  val 0.07478     lr 3.00e-04  5s  patience 5/15
2026-08-15 09:46:18,740 │ INFO    │   e 50  train 0.09045  val 0.07251  ★  lr 3.00e-04  5s  patience 0/15
2026-08-15 09:46:24,025 │ INFO    │   e 51  train 0.09066  val 0.07291     lr 3.00e-04  5s  patience 1/15
2026-08-15 09:46:29,278 │ INFO    │   e 52  train 0.09023  val 0.07252     lr 3.00e-04  5s  patience 2/15
2026-08-15 09:46:34,522 │ INFO    │   e 53  train 0.09017  val 0.07333     lr 3.00e-04  5s  patience 3/15
2026-08-15 09:46:39,850 │ INFO    │   e 54  train 0.08995  val 0.07257     lr 3.00e-04  5s  patience 4/15
2026-08-15 09:46:45,076 │ INFO    │   e 55  train 0.09031  val 0.07336     lr 3.00e-04  5s  patience 5/15
2026-08-15 09:46:50,329 │ INFO    │   e 56  train 0.08983  val 0.07311     lr 3.00e-04  5s  patience 6/15
2026-08-15 09:46:55,630 │ INFO    │   e 57  train 0.08959  val 0.07186  ★  lr 3.00e-04  5s  patience 0/15
2026-08-15 09:47:00,834 │ INFO    │   e 58  train 0.08971  val 0.07292     lr 3.00e-04  5s  patience 1/15
2026-08-15 09:47:06,106 │ INFO    │   e 59  train 0.08980  val 0.07225     lr 3.00e-04  5s  patience 2/15
2026-08-15 09:47:11,324 │ INFO    │   e 60  train 0.08940  val 0.07278     lr 3.00e-04  5s  patience 3/15
2026-08-15 09:47:16,556 │ INFO    │   e 61  train 0.08933  val 0.07207     lr 3.00e-04  5s  patience 4/15
2026-08-15 09:47:21,870 │ INFO    │   e 62  train 0.08898  val 0.07135  ★  lr 3.00e-04  5s  patience 0/15
2026-08-15 09:47:27,080 │ INFO    │   e 63  train 0.08919  val 0.07255     lr 3.00e-04  5s  patience 1/15
2026-08-15 09:47:32,323 │ INFO    │   e 64  train 0.08913  val 0.07199     lr 3.00e-04  5s  patience 2/15
2026-08-15 09:47:37,634 │ INFO    │   e 65  train 0.08897  val 0.07131  ★  lr 3.00e-04  5s  patience 0/15
2026-08-15 09:47:42,841 │ INFO    │   e 66  train 0.08938  val 0.07169     lr 3.00e-04  5s  patience 1/15
2026-08-15 09:47:48,129 │ INFO    │   e 67  train 0.08925  val 0.07170     lr 3.00e-04  5s  patience 2/15
2026-08-15 09:47:53,382 │ INFO    │   e 68  train 0.08871  val 0.07297     lr 3.00e-04  5s  patience 3/15
2026-08-15 09:47:58,599 │ INFO    │   e 69  train 0.08864  val 0.07182     lr 3.00e-04  5s  patience 4/15
2026-08-15 09:48:03,928 │ INFO    │   e 70  train 0.08840  val 0.07109  ★  lr 3.00e-04  5s  patience 0/15
2026-08-15 09:48:09,134 │ INFO    │   e 71  train 0.08874  val 0.07190     lr 3.00e-04  5s  patience 1/15
2026-08-15 09:48:14,423 │ INFO    │   e 72  train 0.08832  val 0.07022  ★  lr 3.00e-04  5s  patience 0/15
2026-08-15 09:48:19,688 │ INFO    │   e 73  train 0.08832  val 0.07066     lr 3.00e-04  5s  patience 1/15
2026-08-15 09:48:24,885 │ INFO    │   e 74  train 0.08831  val 0.07046     lr 3.00e-04  5s  patience 2/15
2026-08-15 09:48:30,142 │ INFO    │   e 75  train 0.08837  val 0.07112     lr 3.00e-04  5s  patience 3/15
2026-08-15 09:48:35,375 │ INFO    │   e 76  train 0.08814  val 0.07060     lr 3.00e-04  5s  patience 4/15
2026-08-15 09:48:40,570 │ INFO    │   e 77  train 0.08808  val 0.07137     lr 3.00e-04  5s  patience 5/15
2026-08-15 09:48:45,903 │ INFO    │   e 78  train 0.08792  val 0.07013  ★  lr 3.00e-04  5s  patience 0/15
2026-08-15 09:48:51,108 │ INFO    │   e 79  train 0.08817  val 0.07244     lr 3.00e-04  5s  patience 1/15
2026-08-15 09:48:51,242 │ INFO    │ ✔ finished [TDAG-Net (Input-Splitter)] best_val=0.07013 @ epoch 78
2026-08-15 09:48:53,573 │ ERROR   │ ✗ experiment [CALM-Net] failed: RuntimeError: Expected all tensors to be on the same device, but found at least two devices, cuda:0 and cpu!
2026-08-15 09:48:53,577 │ ERROR   │ Traceback (most recent call last):
  File "/tmp/ipykernel_1042/1284163884.py", line 151, in <cell line: 0>
    _r = run_experiment(_name)
         ^^^^^^^^^^^^^^^^^^^^^
  File "/tmp/ipykernel_1042/1284163884.py", line 87, in run_experiment
    model = build_model(name)
            ^^^^^^^^^^^^^^^^^
  File "/tmp/ipykernel_1042/3406301150.py", line 50, in build_model
    m = table[name]().to(DEVICE)
        ^^^^^^^^^^^^^
  File "/tmp/ipykernel_1042/3406301150.py", line 15, in <lambda>
    "CALM-Net":              lambda: CALMNet(**calm),
                                     ^^^^^^^^^^^^^^^
  File "/tmp/ipykernel_1042/877791103.py", line 48, in __init__
    self.cdg = ContextDrivenGraph(n_nodes, dz, cfg.node_emb_dim, cfg.cdg_hyper_hidden,
               ^^^^^^^^^^^^^^^^^^^^^^^^^^^^^^^^^^^^^^^^^^^^^^^^^^^^^^^^^^^^^^^^^^^^^^^
RuntimeError: Expected all tensors to be on the same device, but found at least two devices, cuda:0 and cpu!

2026-08-15 09:48:53,582 │ ERROR   │ ✗ experiment [CALM-Net w/o CDG] failed: RuntimeError: Expected all tensors to be on the same device, but found at least two devices, cuda:0 and cpu!
2026-08-15 09:48:53,583 │ ERROR   │ Traceback (most recent call last):
  File "/tmp/ipykernel_1042/1284163884.py", line 151, in <cell line: 0>
    _r = run_experiment(_name)
         ^^^^^^^^^^^^^^^^^^^^^
  File "/tmp/ipykernel_1042/1284163884.py", line 87, in run_experiment
    model = build_model(name)
            ^^^^^^^^^^^^^^^^^
  File "/tmp/ipykernel_1042/3406301150.py", line 50, in build_model
    m = table[name]().to(DEVICE)
        ^^^^^^^^^^^^^
  File "/tmp/ipykernel_1042/3406301150.py", line 17, in <lambda>
    "CALM-Net w/o CDG":      lambda: CALMNet(**calm, use_cdg=False),
                                     ^^^^^^^^^^^^^^^^^^^^^^^^^^^^^^
  File "/tmp/ipykernel_1042/877791103.py", line 48, in __init__
    self.cdg = ContextDrivenGraph(n_nodes, dz, cfg.node_emb_dim, cfg.cdg_hyper_hidden,
               ^^^^^^^^^^^^^^^^^^^^^^^^^^^^^^^^^^^^^^^^^^^^^^^^^^^^^^^^^^^^^^^^^^^^^^^
RuntimeError: Expected all tensors to be on the same device, but found at least two devices, cuda:0 and cpu!

2026-08-15 09:48:53,588 │ ERROR   │ ✗ experiment [CALM-Net w/o BFC] failed: RuntimeError: Expected all tensors to be on the same device, but found at least two devices, cuda:0 and cpu!
2026-08-15 09:48:53,591 │ ERROR   │ Traceback (most recent call last):
  File "/tmp/ipykernel_1042/1284163884.py", line 151, in <cell line: 0>
    _r = run_experiment(_name)
         ^^^^^^^^^^^^^^^^^^^^^
  File "/tmp/ipykernel_1042/1284163884.py", line 87, in run_experiment
    model = build_model(name)
            ^^^^^^^^^^^^^^^^^
  File "/tmp/ipykernel_1042/3406301150.py", line 50, in build_model
    m = table[name]().to(DEVICE)
        ^^^^^^^^^^^^^
  File "/tmp/ipykernel_1042/3406301150.py", line 18, in <lambda>
    "CALM-Net w/o BFC":      lambda: CALMNet(**calm, use_bfc=False),
                                     ^^^^^^^^^^^^^^^^^^^^^^^^^^^^^^
  File "/tmp/ipykernel_1042/877791103.py", line 48, in __init__
    self.cdg = ContextDrivenGraph(n_nodes, dz, cfg.node_emb_dim, cfg.cdg_hyper_hidden,
               ^^^^^^^^^^^^^^^^^^^^^^^^^^^^^^^^^^^^^^^^^^^^^^^^^^^^^^^^^^^^^^^^^^^^^^^
RuntimeError: Expected all tensors to be on the same device, but found at least two devices, cuda:0 and cpu!

2026-08-15 09:48:53,596 │ ERROR   │ ✗ experiment [CALM-Net w/o PMC] failed: RuntimeError: Expected all tensors to be on the same device, but found at least two devices, cuda:0 and cpu!
2026-08-15 09:48:53,597 │ ERROR   │ Traceback (most recent call last):
  File "/tmp/ipykernel_1042/1284163884.py", line 151, in <cell line: 0>
    _r = run_experiment(_name)
         ^^^^^^^^^^^^^^^^^^^^^
  File "/tmp/ipykernel_1042/1284163884.py", line 87, in run_experiment
    model = build_model(name)
            ^^^^^^^^^^^^^^^^^
  File "/tmp/ipykernel_1042/3406301150.py", line 50, in build_model
    m = table[name]().to(DEVICE)
        ^^^^^^^^^^^^^
  File "/tmp/ipykernel_1042/3406301150.py", line 19, in <lambda>
    "CALM-Net w/o PMC":      lambda: CALMNet(**calm, use_pmc=False),
                                     ^^^^^^^^^^^^^^^^^^^^^^^^^^^^^^
  File "/tmp/ipykernel_1042/877791103.py", line 48, in __init__
    self.cdg = ContextDrivenGraph(n_nodes, dz, cfg.node_emb_dim, cfg.cdg_hyper_hidden,
               ^^^^^^^^^^^^^^^^^^^^^^^^^^^^^^^^^^^^^^^^^^^^^^^^^^^^^^^^^^^^^^^^^^^^^^^
RuntimeError: Expected all tensors to be on the same device, but found at least two devices, cuda:0 and cpu!

2026-08-15 09:48:53,602 │ ERROR   │ ✗ experiment [CALM-Net w/o ECQ] failed: RuntimeError: Expected all tensors to be on the same device, but found at least two devices, cuda:0 and cpu!
2026-08-15 09:48:53,604 │ ERROR   │ Traceback (most recent call last):
  File "/tmp/ipykernel_1042/1284163884.py", line 151, in <cell line: 0>
    _r = run_experiment(_name)
         ^^^^^^^^^^^^^^^^^^^^^
  File "/tmp/ipykernel_1042/1284163884.py", line 87, in run_experiment
    model = build_model(name)
            ^^^^^^^^^^^^^^^^^
  File "/tmp/ipykernel_1042/3406301150.py", line 50, in build_model
    m = table[name]().to(DEVICE)
        ^^^^^^^^^^^^^
  File "/tmp/ipykernel_1042/3406301150.py", line 20, in <lambda>
    "CALM-Net w/o ECQ":      lambda: CALMNet(**calm, use_ecq=False),
                                     ^^^^^^^^^^^^^^^^^^^^^^^^^^^^^^
  File "/tmp/ipykernel_1042/877791103.py", line 48, in __init__
    self.cdg = ContextDrivenGraph(n_nodes, dz, cfg.node_emb_dim, cfg.cdg_hyper_hidden,
               ^^^^^^^^^^^^^^^^^^^^^^^^^^^^^^^^^^^^^^^^^^^^^^^^^^^^^^^^^^^^^^^^^^^^^^^
RuntimeError: Expected all tensors to be on the same device, but found at least two devices, cuda:0 and cpu!

2026-08-15 09:48:53,609 │ ERROR   │ ✗ experiment [CALM-Net delta=0] failed: RuntimeError: Expected all tensors to be on the same device, but found at least two devices, cuda:0 and cpu!
2026-08-15 09:48:53,611 │ ERROR   │ Traceback (most recent call last):
  File "/tmp/ipykernel_1042/1284163884.py", line 151, in <cell line: 0>
    _r = run_experiment(_name)
         ^^^^^^^^^^^^^^^^^^^^^
  File "/tmp/ipykernel_1042/1284163884.py", line 87, in run_experiment
    model = build_model(name)
            ^^^^^^^^^^^^^^^^^
  File "/tmp/ipykernel_1042/3406301150.py", line 50, in build_model
    m = table[name]().to(DEVICE)
        ^^^^^^^^^^^^^
  File "/tmp/ipykernel_1042/3406301150.py", line 22, in <lambda>
    "CALM-Net delta=0":      lambda: CALMNet(**calm, delay_lags=(0,)),
                                     ^^^^^^^^^^^^^^^^^^^^^^^^^^^^^^^^
  File "/tmp/ipykernel_1042/877791103.py", line 48, in __init__
    self.cdg = ContextDrivenGraph(n_nodes, dz, cfg.node_emb_dim, cfg.cdg_hyper_hidden,
               ^^^^^^^^^^^^^^^^^^^^^^^^^^^^^^^^^^^^^^^^^^^^^^^^^^^^^^^^^^^^^^^^^^^^^^^
RuntimeError: Expected all tensors to be on the same device, but found at least two devices, cuda:0 and cpu!

2026-08-15 09:48:53,615 │ ERROR   │ ✗ experiment [CALM-Net delta<=1] failed: RuntimeError: Expected all tensors to be on the same device, but found at least two devices, cuda:0 and cpu!
2026-08-15 09:48:53,617 │ ERROR   │ Traceback (most recent call last):
  File "/tmp/ipykernel_1042/1284163884.py", line 151, in <cell line: 0>
    _r = run_experiment(_name)
         ^^^^^^^^^^^^^^^^^^^^^
  File "/tmp/ipykernel_1042/1284163884.py", line 87, in run_experiment
    model = build_model(name)
            ^^^^^^^^^^^^^^^^^
  File "/tmp/ipykernel_1042/3406301150.py", line 50, in build_model
    m = table[name]().to(DEVICE)
        ^^^^^^^^^^^^^
  File "/tmp/ipykernel_1042/3406301150.py", line 23, in <lambda>
    "CALM-Net delta<=1":     lambda: CALMNet(**calm, delay_lags=(0, 1)),
                                     ^^^^^^^^^^^^^^^^^^^^^^^^^^^^^^^^^^
  File "/tmp/ipykernel_1042/877791103.py", line 48, in __init__
    self.cdg = ContextDrivenGraph(n_nodes, dz, cfg.node_emb_dim, cfg.cdg_hyper_hidden,
               ^^^^^^^^^^^^^^^^^^^^^^^^^^^^^^^^^^^^^^^^^^^^^^^^^^^^^^^^^^^^^^^^^^^^^^^
RuntimeError: Expected all tensors to be on the same device, but found at least two devices, cuda:0 and cpu!

2026-08-15 09:48:53,621 │ ERROR   │ ✗ experiment [CALM-Net delta<=2] failed: RuntimeError: Expected all tensors to be on the same device, but found at least two devices, cuda:0 and cpu!
2026-08-15 09:48:53,623 │ ERROR   │ Traceback (most recent call last):
  File "/tmp/ipykernel_1042/1284163884.py", line 151, in <cell line: 0>
    _r = run_experiment(_name)
         ^^^^^^^^^^^^^^^^^^^^^
  File "/tmp/ipykernel_1042/1284163884.py", line 87, in run_experiment
    model = build_model(name)
            ^^^^^^^^^^^^^^^^^
  File "/tmp/ipykernel_1042/3406301150.py", line 50, in build_model
    m = table[name]().to(DEVICE)
        ^^^^^^^^^^^^^
  File "/tmp/ipykernel_1042/3406301150.py", line 24, in <lambda>
    "CALM-Net delta<=2":     lambda: CALMNet(**calm, delay_lags=(0, 1, 2)),
                                     ^^^^^^^^^^^^^^^^^^^^^^^^^^^^^^^^^^^^^
  File "/tmp/ipykernel_1042/877791103.py", line 48, in __init__
    self.cdg = ContextDrivenGraph(n_nodes, dz, cfg.node_emb_dim, cfg.cdg_hyper_hidden,
               ^^^^^^^^^^^^^^^^^^^^^^^^^^^^^^^^^^^^^^^^^^^^^^^^^^^^^^^^^^^^^^^^^^^^^^^
RuntimeError: Expected all tensors to be on the same device, but found at least two devices, cuda:0 and cpu!

2026-08-15 09:48:53,628 │ ERROR   │ ✗ experiment [MC-Dropout] failed: RuntimeError: Expected all tensors to be on the same device, but found at least two devices, cuda:0 and cpu!
2026-08-15 09:48:53,629 │ ERROR   │ Traceback (most recent call last):
  File "/tmp/ipykernel_1042/1284163884.py", line 151, in <cell line: 0>
    _r = run_experiment(_name)
         ^^^^^^^^^^^^^^^^^^^^^
  File "/tmp/ipykernel_1042/1284163884.py", line 87, in run_experiment
    model = build_model(name)
            ^^^^^^^^^^^^^^^^^
  File "/tmp/ipykernel_1042/3406301150.py", line 50, in build_model
    m = table[name]().to(DEVICE)
        ^^^^^^^^^^^^^
  File "/tmp/ipykernel_1042/3406301150.py", line 42, in <lambda>
    "MC-Dropout":    lambda: MCDropoutWrapper(CALMNet(**calm, use_ecq=False)),
                                              ^^^^^^^^^^^^^^^^^^^^^^^^^^^^^^
  File "/tmp/ipykernel_1042/877791103.py", line 48, in __init__
    self.cdg = ContextDrivenGraph(n_nodes, dz, cfg.node_emb_dim, cfg.cdg_hyper_hidden,
               ^^^^^^^^^^^^^^^^^^^^^^^^^^^^^^^^^^^^^^^^^^^^^^^^^^^^^^^^^^^^^^^^^^^^^^^
RuntimeError: Expected all tensors to be on the same device, but found at least two devices, cuda:0 and cpu!

2026-08-15 09:48:53,634 │ ERROR   │ ✗ experiment [Quantile Reg.] failed: RuntimeError: Expected all tensors to be on the same device, but found at least two devices, cuda:0 and cpu!
2026-08-15 09:48:53,636 │ ERROR   │ Traceback (most recent call last):
  File "/tmp/ipykernel_1042/1284163884.py", line 151, in <cell line: 0>
    _r = run_experiment(_name)
         ^^^^^^^^^^^^^^^^^^^^^
  File "/tmp/ipykernel_1042/1284163884.py", line 87, in run_experiment
    model = build_model(name)
            ^^^^^^^^^^^^^^^^^
  File "/tmp/ipykernel_1042/3406301150.py", line 50, in build_model
    m = table[name]().to(DEVICE)
        ^^^^^^^^^^^^^
  File "/tmp/ipykernel_1042/3406301150.py", line 43, in <lambda>
    "Quantile Reg.": lambda: QuantileRegressionNet(**calm),
                             ^^^^^^^^^^^^^^^^^^^^^^^^^^^^^
  File "/tmp/ipykernel_1042/1714526895.py", line 96, in __init__
    self.net = CALMNet(n_nodes=n_nodes, horizon=horizon, **kw)
               ^^^^^^^^^^^^^^^^^^^^^^^^^^^^^^^^^^^^^^^^^^^^^^^
RuntimeError: Expected all tensors to be on the same device, but found at least two devices, cuda:0 and cpu!

2026-08-15 09:48:53,642 │ ERROR   │ ✗ deep ensemble failed: RuntimeError: Expected all tensors to be on the same device, but found at least two devices, cuda:0 and cpu!
2026-08-15 16:08:58,889 │ INFO    │ Core infrastructure online — CALM-Net.
2026-08-15 16:08:59,483 │ INFO    │ Device: cuda │ Log file: /content/drive/MyDrive/CALM_Net/logs/calmnet_20260815.log
2026-08-15 16:08:59,485 │ INFO    │ Startup: RAM 0.77 GB │ GPU 0.00/0.00 GB
2026-08-15 16:08:59,508 │ INFO    │ AFC reader ready (4 dialects).
2026-08-15 16:09:00,780 │ INFO    │ ✓ cached  [file_manifest] loaded in 1.3s  (file_manifest__2023__7fda0833bf.parquet)
2026-08-15 16:09:00,864 │ INFO    │ Ingestion [2023] — 17 done, 0 pending (5.08 GB total)  │  cache: reused from TDAG_Net (17 flow parquet files)
2026-08-15 16:09:00,866 │ INFO    │ Nothing to ingest. ✓
2026-08-15 16:09:18,245 │ INFO    │ ✓ cached  [day_source_map] loaded in 0.8s  (day_source_map__2023__9fe854d7ee.parquet)
2026-08-15 16:09:22,127 │ INFO    │ ✓ cached  [tensors] loaded in 3.8s  (tensors__2023__084ad33c34.pkl)
2026-08-15 16:09:22,751 │ INFO    │ After tensors: RAM 0.92 GB │ GPU 0.00/0.00 GB
2026-08-15 16:09:24,428 │ INFO    │ ✓ cached  [card_signatures] loaded in 0.6s  (card_signatures__2023__b08eb4f084.pkl)
2026-08-15 16:09:25,159 │ INFO    │ ✓ cached  [persona_prior] loaded in 0.7s  (persona_prior__2023__4d0870a6c1.pkl)
2026-08-15 16:09:26,069 │ INFO    │ ✓ cached  [spatial_probe] loaded in 0.7s  (spatial_probe__2023__ec43276801.pkl)
2026-08-15 16:09:27,050 │ INFO    │ ✓ cached  [A_topo] loaded in 0.9s  (A_topo__2023__d6587516ea.pkl)
2026-08-15 16:09:27,799 │ INFO    │ ✓ cached  [graph_mask] loaded in 0.7s  (graph_mask__2023__e163a6c92d.pkl)
2026-08-15 16:09:28,696 │ INFO    │ ✓ cached  [delay_support] loaded in 0.9s  (delay_support__2023__0b147800fc.pkl)
2026-08-15 16:09:29,448 │ INFO    │ ✓ cached  [events] loaded in 0.7s  (events__2023__759bb12f03.pkl)
2026-08-15 16:09:30,658 │ INFO    │ ✓ cached  [C_venue] loaded in 1.2s  (C_venue__2023__c38cca5bff.pkl)
2026-08-15 16:09:31,410 │ INFO    │ ✓ cached  [exogenous] loaded in 0.7s  (exogenous__2023__c29b8b64eb.pkl)
2026-08-15 16:09:31,469 │ INFO    │ IEEE × M3 plot style configured (single 3.5in / double 7.16in, 600 dpi, Type-42 fonts).
2026-08-15 16:09:31,623 │ INFO    │ ✓ figure  [F01] exists — skipping (force=True to redraw)
2026-08-15 16:09:31,624 │ INFO    │ ✓ figure  [F02] exists — skipping (force=True to redraw)
2026-08-15 16:09:31,628 │ INFO    │ ✓ figure  [F03] exists — skipping (force=True to redraw)
2026-08-15 16:09:31,629 │ INFO    │ ✓ figure  [F04] exists — skipping (force=True to redraw)
2026-08-15 16:09:31,631 │ INFO    │ ✓ figure  [F05] exists — skipping (force=True to redraw)
2026-08-15 16:09:31,632 │ INFO    │ ✓ figure  [F06] exists — skipping (force=True to redraw)
2026-08-15 16:09:31,634 │ INFO    │ ✓ figure  [F07] exists — skipping (force=True to redraw)
2026-08-15 16:09:31,635 │ INFO    │ ✓ figure  [F08] exists — skipping (force=True to redraw)
2026-08-15 16:09:31,636 │ INFO    │ ✓ figure  [F09] exists — skipping (force=True to redraw)
2026-08-15 16:09:31,638 │ INFO    │ ✓ figure  [F10] exists — skipping (force=True to redraw)
2026-08-15 16:09:31,639 │ INFO    │ ✓ figure  [F11] exists — skipping (force=True to redraw)
2026-08-15 16:09:31,641 │ INFO    │ ✓ figure  [F12] exists — skipping (force=True to redraw)
2026-08-15 16:09:31,642 │ INFO    │ ✓ figure  [F13] exists — skipping (force=True to redraw)
2026-08-15 16:09:31,643 │ INFO    │ ✓ figure  [F14] exists — skipping (force=True to redraw)
2026-08-15 16:09:31,645 │ INFO    │ ✓ figure  [F15] exists — skipping (force=True to redraw)
2026-08-15 16:09:31,647 │ INFO    │ ✓ figure  [F16] exists — skipping (force=True to redraw)
2026-08-15 16:09:31,648 │ INFO    │ ✓ figure  [F17] exists — skipping (force=True to redraw)
2026-08-15 16:09:31,649 │ INFO    │ ✓ figure  [F18] exists — skipping (force=True to redraw)
2026-08-15 16:09:31,651 │ INFO    │ ✓ figure  [F19] exists — skipping (force=True to redraw)
2026-08-15 16:09:31,653 │ INFO    │ Descriptive figures rendered/verified: 19/19
2026-08-15 16:09:33,216 │ INFO    │ ✓ cached  [windows] loaded in 0.8s  (windows__2023__5b7a3a5529.pkl)
2026-08-15 16:09:33,978 │ INFO    │ CALM-Net components defined: CDG · BFC · PMC · quantile heads (+ inherited TCN / GAT / attention-LSTM backbone).
2026-08-15 16:09:34,014 │ INFO    │ CALM-Net assembled.
2026-08-15 16:09:34,065 │ INFO    │ Baselines part 1 defined (LSTM · TCN · ConvLSTM · SVR-LSTM · TGALSTM · TDAG-Net · TDAG-Net Input-Splitter).
2026-08-15 16:09:34,097 │ INFO    │ Baselines part 2 defined (STGCN · DCRNN · Graph WaveNet · AGCRN).
2026-08-15 16:09:34,113 │ INFO    │ Uncertainty baselines defined (MC-Dropout · Deep Ensemble · Quantile Regression).
2026-08-15 16:09:36,711 │ INFO    │ Trainer ready — resumable to the batch, Huber + pinball objective.
2026-08-15 16:09:39,077 │ INFO    │ ✓ cached  [LSTM] predictions + metrics loaded
2026-08-15 16:09:41,556 │ INFO    │ ✓ cached  [TCN] predictions + metrics loaded
2026-08-15 16:09:44,563 │ INFO    │ ✓ cached  [ConvLSTM] predictions + metrics loaded
2026-08-15 16:09:46,994 │ INFO    │ ✓ cached  [SVR-LSTM] predictions + metrics loaded
2026-08-15 16:09:49,871 │ INFO    │ ✓ cached  [STGCN] predictions + metrics loaded
2026-08-15 16:09:52,147 │ INFO    │ ✓ cached  [DCRNN] predictions + metrics loaded
2026-08-15 16:09:54,813 │ INFO    │ ✓ cached  [Graph WaveNet] predictions + metrics loaded
2026-08-15 16:09:57,148 │ INFO    │ ✓ cached  [AGCRN] predictions + metrics loaded
2026-08-15 16:09:59,713 │ INFO    │ ✓ cached  [TGALSTM] predictions + metrics loaded
2026-08-15 16:10:02,390 │ INFO    │ ✓ cached  [TDAG-Net] predictions + metrics loaded
2026-08-15 16:10:04,875 │ INFO    │ ✓ cached  [TDAG-Net (Input-Splitter)] predictions + metrics loaded
2026-08-15 16:10:12,364 │ INFO    │   ↻ resumed [CALM-Net] at epoch 1, batch 25, best_val=0.15611 (epoch 0)
2026-08-15 16:10:12,366 │ INFO    │ ▶ training [CALM-Net] — 3,640 train / 364 tune windows, 114 batches/epoch, from epoch 1
2026-08-15 16:10:12,369 │ INFO    │   ↻ skipping 25 already-completed batches of epoch 1
2026-08-15 16:10:25,681 │ INFO    │   e  1  train 0.15837  val 0.13327  ★  lr 3.00e-04  13s  patience 0/15
2026-08-15 16:10:39,371 │ INFO    │   e  2  train 0.15235  val 0.14152     lr 3.00e-04  14s  patience 1/15
2026-08-15 16:10:53,393 │ INFO    │   e  3  train 0.14505  val 0.12326  ★  lr 3.00e-04  14s  patience 0/15
2026-08-15 16:11:08,518 │ INFO    │   e  4  train 0.14296  val 0.12281  ★  lr 3.00e-04  15s  patience 0/15
2026-08-15 16:11:22,964 │ INFO    │   e  5  train 0.13916  val 0.12032  ★  lr 3.00e-04  14s  patience 0/15
2026-08-15 16:11:37,129 │ INFO    │   e  6  train 0.13802  val 0.11905  ★  lr 3.00e-04  14s  patience 0/15
2026-08-15 16:11:51,037 │ INFO    │   e  7  train 0.13646  val 0.11995     lr 3.00e-04  14s  patience 1/15
2026-08-15 16:12:04,969 │ INFO    │   e  8  train 0.13509  val 0.11078  ★  lr 3.00e-04  14s  patience 0/15
2026-08-15 16:12:18,920 │ INFO    │   e  9  train 0.13402  val 0.11081     lr 3.00e-04  14s  patience 1/15
2026-08-15 16:12:33,047 │ INFO    │   e 10  train 0.13338  val 0.11494     lr 3.00e-04  14s  patience 2/15
2026-08-15 16:12:47,281 │ INFO    │   e 11  train 0.13253  val 0.11018  ★  lr 3.00e-04  14s  patience 0/15
2026-08-15 16:13:01,435 │ INFO    │   e 12  train 0.13173  val 0.11714     lr 3.00e-04  14s  patience 1/15
2026-08-15 16:13:15,488 │ INFO    │   e 13  train 0.13202  val 0.11582     lr 3.00e-04  14s  patience 2/15
2026-08-15 16:13:29,480 │ INFO    │   e 14  train 0.12915  val 0.11224     lr 3.00e-04  14s  patience 3/15
2026-08-15 16:13:43,524 │ INFO    │   e 15  train 0.13147  val 0.10864  ★  lr 3.00e-04  14s  patience 0/15
2026-08-15 16:13:57,536 │ INFO    │   e 16  train 0.12824  val 0.11401     lr 3.00e-04  14s  patience 1/15
2026-08-15 16:14:11,648 │ INFO    │   e 17  train 0.12857  val 0.11373     lr 3.00e-04  14s  patience 2/15
2026-08-15 16:14:25,782 │ INFO    │   e 18  train 0.12869  val 0.11722     lr 3.00e-04  14s  patience 3/15
2026-08-15 16:14:39,863 │ INFO    │   e 19  train 0.12811  val 0.11035     lr 3.00e-04  14s  patience 4/15
2026-08-15 16:14:53,871 │ INFO    │   e 20  train 0.12758  val 0.11084     lr 3.00e-04  14s  patience 5/15
2026-08-15 16:15:07,978 │ INFO    │   e 21  train 0.12671  val 0.10824  ★  lr 3.00e-04  14s  patience 0/15
2026-08-15 16:15:22,087 │ INFO    │   e 22  train 0.12703  val 0.10688  ★  lr 3.00e-04  14s  patience 0/15
2026-08-15 16:15:36,244 │ INFO    │   e 23  train 0.12643  val 0.10641  ★  lr 3.00e-04  14s  patience 0/15
2026-08-15 16:15:50,344 │ INFO    │   e 24  train 0.12596  val 0.11077     lr 3.00e-04  14s  patience 1/15
2026-08-15 16:16:04,385 │ INFO    │   e 25  train 0.12555  val 0.10666     lr 3.00e-04  14s  patience 2/15
2026-08-15 16:16:18,453 │ INFO    │   e 26  train 0.12506  val 0.10384  ★  lr 3.00e-04  14s  patience 0/15
2026-08-15 16:16:32,461 │ INFO    │   e 27  train 0.12488  val 0.10728     lr 3.00e-04  14s  patience 1/15
2026-08-15 16:16:46,492 │ INFO    │   e 28  train 0.12497  val 0.11295     lr 3.00e-04  14s  patience 2/15
2026-08-15 16:17:00,537 │ INFO    │   e 29  train 0.12440  val 0.10585     lr 3.00e-04  14s  patience 3/15
2026-08-15 16:17:14,633 │ INFO    │   e 30  train 0.12500  val 0.11537     lr 3.00e-04  14s  patience 4/15
2026-08-15 16:17:28,727 │ INFO    │   e 31  train 0.12390  val 0.10818     lr 3.00e-04  14s  patience 5/15
2026-08-15 16:17:42,778 │ INFO    │   e 32  train 0.12347  val 0.10823     lr 3.00e-04  14s  patience 6/15
2026-08-15 16:17:56,899 │ INFO    │   e 33  train 0.12343  val 0.10279  ★  lr 3.00e-04  14s  patience 0/15
2026-08-15 16:18:10,948 │ INFO    │   e 34  train 0.12347  val 0.10948     lr 3.00e-04  14s  patience 1/15
2026-08-15 16:18:24,995 │ INFO    │   e 35  train 0.12345  val 0.10434     lr 3.00e-04  14s  patience 2/15
2026-08-15 16:18:39,043 │ INFO    │   e 36  train 0.12335  val 0.10479     lr 3.00e-04  14s  patience 3/15
2026-08-15 16:18:53,096 │ INFO    │   e 37  train 0.12262  val 0.10600     lr 3.00e-04  14s  patience 4/15
2026-08-15 16:19:07,134 │ INFO    │   e 38  train 0.12255  val 0.11292     lr 3.00e-04  14s  patience 5/15
2026-08-15 16:19:21,192 │ INFO    │   e 39  train 0.12311  val 0.10414     lr 3.00e-04  14s  patience 6/15
2026-08-15 16:19:35,266 │ INFO    │   e 40  train 0.12222  val 0.10737     lr 1.50e-04  14s  patience 7/15
2026-08-15 16:19:49,327 │ INFO    │   e 41  train 0.12115  val 0.10338     lr 1.50e-04  14s  patience 8/15
2026-08-15 16:20:03,386 │ INFO    │   e 42  train 0.12167  val 0.10298     lr 1.50e-04  14s  patience 9/15
2026-08-15 16:20:17,449 │ INFO    │   e 43  train 0.12097  val 0.10417     lr 1.50e-04  14s  patience 10/15
2026-08-15 16:20:31,515 │ INFO    │   e 44  train 0.12094  val 0.10412     lr 1.50e-04  14s  patience 11/15
2026-08-15 16:20:45,567 │ INFO    │   e 45  train 0.12087  val 0.10303     lr 1.50e-04  14s  patience 12/15
2026-08-15 16:20:59,604 │ INFO    │   e 46  train 0.12045  val 0.10508     lr 1.50e-04  14s  patience 13/15
2026-08-15 16:21:13,702 │ INFO    │   e 47  train 0.12077  val 0.10183  ★  lr 1.50e-04  14s  patience 0/15
2026-08-15 16:21:27,765 │ INFO    │   e 48  train 0.12046  val 0.10237     lr 1.50e-04  14s  patience 1/15
2026-08-15 16:21:41,811 │ INFO    │   e 49  train 0.12053  val 0.10408     lr 1.50e-04  14s  patience 2/15
2026-08-15 16:21:55,869 │ INFO    │   e 50  train 0.12029  val 0.10470     lr 1.50e-04  14s  patience 3/15
2026-08-15 16:22:09,922 │ INFO    │   e 51  train 0.12045  val 0.10466     lr 1.50e-04  14s  patience 4/15
2026-08-15 16:22:23,973 │ INFO    │   e 52  train 0.12023  val 0.10230     lr 1.50e-04  14s  patience 5/15
2026-08-15 16:22:38,033 │ INFO    │   e 53  train 0.12041  val 0.10207     lr 1.50e-04  14s  patience 6/15
2026-08-15 16:22:52,084 │ INFO    │   e 54  train 0.12026  val 0.10475     lr 7.50e-05  14s  patience 7/15
2026-08-15 16:23:06,166 │ INFO    │   e 55  train 0.11975  val 0.10387     lr 7.50e-05  14s  patience 8/15
2026-08-15 16:23:20,275 │ INFO    │   e 56  train 0.12004  val 0.10088  ★  lr 7.50e-05  14s  patience 0/15
2026-08-15 16:23:34,339 │ INFO    │   e 57  train 0.11956  val 0.10159     lr 7.50e-05  14s  patience 1/15
2026-08-15 16:23:48,396 │ INFO    │   e 58  train 0.11934  val 0.10202     lr 7.50e-05  14s  patience 2/15
2026-08-15 16:24:02,461 │ INFO    │   e 59  train 0.11939  val 0.10200     lr 7.50e-05  14s  patience 3/15
2026-08-15 16:24:16,523 │ INFO    │   e 60  train 0.11933  val 0.10258     lr 7.50e-05  14s  patience 4/15
2026-08-15 16:24:30,598 │ INFO    │   e 61  train 0.11934  val 0.10455     lr 7.50e-05  14s  patience 5/15
2026-08-15 16:24:44,657 │ INFO    │   e 62  train 0.11934  val 0.10135     lr 7.50e-05  14s  patience 6/15
2026-08-15 16:24:58,692 │ INFO    │   e 63  train 0.11902  val 0.10185     lr 3.75e-05  14s  patience 7/15
2026-08-15 16:25:12,730 │ INFO    │   e 64  train 0.11884  val 0.10162     lr 3.75e-05  14s  patience 8/15
2026-08-15 16:25:26,749 │ INFO    │   e 65  train 0.11892  val 0.10370     lr 3.75e-05  14s  patience 9/15
2026-08-15 16:25:40,838 │ INFO    │   e 66  train 0.11881  val 0.10023  ★  lr 3.75e-05  14s  patience 0/15
2026-08-15 16:25:54,828 │ INFO    │   e 67  train 0.11884  val 0.10130     lr 3.75e-05  14s  patience 1/15
2026-08-15 16:26:08,835 │ INFO    │   e 68  train 0.11872  val 0.10096     lr 3.75e-05  14s  patience 2/15
2026-08-15 16:26:22,831 │ INFO    │   e 69  train 0.11872  val 0.10276     lr 3.75e-05  14s  patience 3/15
2026-08-15 16:26:36,855 │ INFO    │   e 70  train 0.11878  val 0.10199     lr 3.75e-05  14s  patience 4/15
2026-08-15 16:26:50,864 │ INFO    │   e 71  train 0.11866  val 0.10244     lr 3.75e-05  14s  patience 5/15
2026-08-15 16:27:04,894 │ INFO    │   e 72  train 0.11862  val 0.10122     lr 3.75e-05  14s  patience 6/15
2026-08-15 16:27:18,928 │ INFO    │   e 73  train 0.11866  val 0.10187     lr 1.87e-05  14s  patience 7/15
2026-08-15 16:27:32,959 │ INFO    │   e 74  train 0.11858  val 0.10270     lr 1.87e-05  14s  patience 8/15
2026-08-15 16:27:46,990 │ INFO    │   e 75  train 0.11845  val 0.10135     lr 1.87e-05  14s  patience 9/15
2026-08-15 16:28:01,039 │ INFO    │   e 76  train 0.11856  val 0.10261     lr 1.87e-05  14s  patience 10/15
2026-08-15 16:28:15,058 │ INFO    │   e 77  train 0.11852  val 0.10232     lr 1.87e-05  14s  patience 11/15
2026-08-15 16:28:29,088 │ INFO    │   e 78  train 0.11842  val 0.10089     lr 1.87e-05  14s  patience 12/15
2026-08-15 16:28:43,149 │ INFO    │   e 79  train 0.11836  val 0.10211     lr 1.87e-05  14s  patience 13/15
2026-08-15 16:28:43,312 │ INFO    │ ✔ finished [CALM-Net] best_val=0.10023 @ epoch 66
2026-08-15 16:28:50,217 │ INFO    │ ▶ training [CALM-Net w/o CDG] — 3,640 train / 364 tune windows, 114 batches/epoch, from epoch 0
2026-08-15 16:29:04,153 │ INFO    │   e  0  train 0.24735  val 0.15743  ★  lr 3.00e-04  14s  patience 0/15
2026-08-15 16:29:18,151 │ INFO    │   e  1  train 0.16332  val 0.13410  ★  lr 3.00e-04  14s  patience 0/15
2026-08-15 16:29:32,127 │ INFO    │   e  2  train 0.15301  val 0.14306     lr 3.00e-04  14s  patience 1/15
2026-08-15 16:29:46,110 │ INFO    │   e  3  train 0.14574  val 0.12323  ★  lr 3.00e-04  14s  patience 0/15
2026-08-15 16:29:59,962 │ INFO    │   e  4  train 0.14363  val 0.12428     lr 3.00e-04  14s  patience 1/15
2026-08-15 16:30:13,893 │ INFO    │   e  5  train 0.13979  val 0.12210  ★  lr 3.00e-04  14s  patience 0/15
2026-08-15 16:30:27,835 │ INFO    │   e  6  train 0.13853  val 0.11951  ★  lr 3.00e-04  14s  patience 0/15
2026-08-15 16:30:41,749 │ INFO    │   e  7  train 0.13696  val 0.12049     lr 3.00e-04  14s  patience 1/15
2026-08-15 16:30:55,714 │ INFO    │   e  8  train 0.13569  val 0.11175  ★  lr 3.00e-04  14s  patience 0/15
2026-08-15 16:31:09,621 │ INFO    │   e  9  train 0.13457  val 0.11211     lr 3.00e-04  14s  patience 1/15
2026-08-15 16:31:23,526 │ INFO    │   e 10  train 0.13385  val 0.11455     lr 3.00e-04  14s  patience 2/15
2026-08-15 16:31:37,492 │ INFO    │   e 11  train 0.13295  val 0.11086  ★  lr 3.00e-04  14s  patience 0/15
2026-08-15 16:31:51,381 │ INFO    │   e 12  train 0.13202  val 0.11937     lr 3.00e-04  14s  patience 1/15
2026-08-15 16:32:05,274 │ INFO    │   e 13  train 0.13242  val 0.11815     lr 3.00e-04  14s  patience 2/15
2026-08-15 16:32:19,164 │ INFO    │   e 14  train 0.12955  val 0.11244     lr 3.00e-04  14s  patience 3/15
2026-08-15 16:32:33,099 │ INFO    │   e 15  train 0.13175  val 0.10917  ★  lr 3.00e-04  14s  patience 0/15
2026-08-15 16:32:46,993 │ INFO    │   e 16  train 0.12867  val 0.11540     lr 3.00e-04  14s  patience 1/15
2026-08-15 16:33:00,884 │ INFO    │   e 17  train 0.12899  val 0.11360     lr 3.00e-04  14s  patience 2/15
2026-08-15 16:33:14,768 │ INFO    │   e 18  train 0.12900  val 0.11531     lr 3.00e-04  14s  patience 3/15
2026-08-15 16:33:28,663 │ INFO    │   e 19  train 0.12855  val 0.11106     lr 3.00e-04  14s  patience 4/15
2026-08-15 16:33:42,579 │ INFO    │   e 20  train 0.12792  val 0.11142     lr 3.00e-04  14s  patience 5/15
2026-08-15 16:33:56,520 │ INFO    │   e 21  train 0.12706  val 0.10855  ★  lr 3.00e-04  14s  patience 0/15
2026-08-15 16:34:10,455 │ INFO    │   e 22  train 0.12740  val 0.10765  ★  lr 3.00e-04  14s  patience 0/15
2026-08-15 16:34:24,415 │ INFO    │   e 23  train 0.12692  val 0.10695  ★  lr 3.00e-04  14s  patience 0/15
2026-08-15 16:34:38,296 │ INFO    │   e 24  train 0.12635  val 0.11125     lr 3.00e-04  14s  patience 1/15
2026-08-15 16:34:52,261 │ INFO    │   e 25  train 0.12590  val 0.10688  ★  lr 3.00e-04  14s  patience 0/15
2026-08-15 16:35:06,219 │ INFO    │   e 26  train 0.12536  val 0.10414  ★  lr 3.00e-04  14s  patience 0/15
2026-08-15 16:35:20,114 │ INFO    │   e 27  train 0.12511  val 0.10806     lr 3.00e-04  14s  patience 1/15
2026-08-15 16:35:34,005 │ INFO    │   e 28  train 0.12522  val 0.11243     lr 3.00e-04  14s  patience 2/15
2026-08-15 16:35:47,902 │ INFO    │   e 29  train 0.12470  val 0.10634     lr 3.00e-04  14s  patience 3/15
2026-08-15 16:36:01,792 │ INFO    │   e 30  train 0.12538  val 0.11877     lr 3.00e-04  14s  patience 4/15
2026-08-15 16:36:15,684 │ INFO    │   e 31  train 0.12443  val 0.10719     lr 3.00e-04  14s  patience 5/15
2026-08-15 16:36:29,587 │ INFO    │   e 32  train 0.12376  val 0.10908     lr 3.00e-04  14s  patience 6/15
2026-08-15 16:36:43,530 │ INFO    │   e 33  train 0.12392  val 0.10379  ★  lr 3.00e-04  14s  patience 0/15
2026-08-15 16:36:57,418 │ INFO    │   e 34  train 0.12388  val 0.10984     lr 3.00e-04  14s  patience 1/15
2026-08-15 16:37:11,325 │ INFO    │   e 35  train 0.12393  val 0.10451     lr 3.00e-04  14s  patience 2/15
2026-08-15 16:37:25,212 │ INFO    │   e 36  train 0.12373  val 0.10523     lr 3.00e-04  14s  patience 3/15
2026-08-15 16:37:39,123 │ INFO    │   e 37  train 0.12311  val 0.10719     lr 3.00e-04  14s  patience 4/15
2026-08-15 16:37:53,012 │ INFO    │   e 38  train 0.12310  val 0.11260     lr 3.00e-04  14s  patience 5/15
2026-08-15 16:38:06,907 │ INFO    │   e 39  train 0.12354  val 0.10488     lr 3.00e-04  14s  patience 6/15
2026-08-15 16:38:20,812 │ INFO    │   e 40  train 0.12265  val 0.10703     lr 1.50e-04  14s  patience 7/15
2026-08-15 16:38:34,769 │ INFO    │   e 41  train 0.12157  val 0.10367  ★  lr 1.50e-04  14s  patience 0/15
2026-08-15 16:38:48,772 │ INFO    │   e 42  train 0.12210  val 0.10348  ★  lr 1.50e-04  14s  patience 0/15
2026-08-15 16:39:02,676 │ INFO    │   e 43  train 0.12132  val 0.10423     lr 1.50e-04  14s  patience 1/15
2026-08-15 16:39:16,576 │ INFO    │   e 44  train 0.12139  val 0.10415     lr 1.50e-04  14s  patience 2/15
2026-08-15 16:39:30,550 │ INFO    │   e 45  train 0.12125  val 0.10364     lr 1.50e-04  14s  patience 3/15
2026-08-15 16:39:44,484 │ INFO    │   e 46  train 0.12078  val 0.10642     lr 1.50e-04  14s  patience 4/15
2026-08-15 16:39:58,452 │ INFO    │   e 47  train 0.12098  val 0.10171  ★  lr 1.50e-04  14s  patience 0/15
2026-08-15 16:40:12,361 │ INFO    │   e 48  train 0.12080  val 0.10290     lr 1.50e-04  14s  patience 1/15
2026-08-15 16:40:26,276 │ INFO    │   e 49  train 0.12094  val 0.10422     lr 1.50e-04  14s  patience 2/15
2026-08-15 16:40:40,199 │ INFO    │   e 50  train 0.12065  val 0.10642     lr 1.50e-04  14s  patience 3/15
2026-08-15 16:40:54,118 │ INFO    │   e 51  train 0.12080  val 0.10385     lr 1.50e-04  14s  patience 4/15
2026-08-15 16:41:08,030 │ INFO    │   e 52  train 0.12053  val 0.10233     lr 1.50e-04  14s  patience 5/15
2026-08-15 16:41:21,971 │ INFO    │   e 53  train 0.12064  val 0.10195     lr 1.50e-04  14s  patience 6/15
2026-08-15 16:41:35,888 │ INFO    │   e 54  train 0.12049  val 0.10468     lr 7.50e-05  14s  patience 7/15
2026-08-15 16:41:49,791 │ INFO    │   e 55  train 0.11999  val 0.10329     lr 7.50e-05  14s  patience 8/15
2026-08-15 16:42:03,762 │ INFO    │   e 56  train 0.12033  val 0.10140  ★  lr 7.50e-05  14s  patience 0/15
2026-08-15 16:42:17,675 │ INFO    │   e 57  train 0.11974  val 0.10163     lr 7.50e-05  14s  patience 1/15
2026-08-15 16:42:31,593 │ INFO    │   e 58  train 0.11963  val 0.10267     lr 7.50e-05  14s  patience 2/15
2026-08-15 16:42:45,508 │ INFO    │   e 59  train 0.11969  val 0.10206     lr 7.50e-05  14s  patience 3/15
2026-08-15 16:42:59,415 │ INFO    │   e 60  train 0.11961  val 0.10217     lr 7.50e-05  14s  patience 4/15
2026-08-15 16:43:13,329 │ INFO    │   e 61  train 0.11958  val 0.10428     lr 7.50e-05  14s  patience 5/15
2026-08-15 16:43:27,315 │ INFO    │   e 62  train 0.11964  val 0.10113  ★  lr 7.50e-05  14s  patience 0/15
2026-08-15 16:43:41,228 │ INFO    │   e 63  train 0.11939  val 0.10219     lr 7.50e-05  14s  patience 1/15
2026-08-15 16:43:55,135 │ INFO    │   e 64  train 0.11930  val 0.10156     lr 7.50e-05  14s  patience 2/15
2026-08-15 16:44:09,115 │ INFO    │   e 65  train 0.11963  val 0.10110  ★  lr 7.50e-05  14s  patience 0/15
2026-08-15 16:44:23,082 │ INFO    │   e 66  train 0.11919  val 0.10085  ★  lr 7.50e-05  14s  patience 0/15
2026-08-15 16:44:36,986 │ INFO    │   e 67  train 0.11925  val 0.10389     lr 7.50e-05  14s  patience 1/15
2026-08-15 16:44:50,912 │ INFO    │   e 68  train 0.11920  val 0.10172     lr 7.50e-05  14s  patience 2/15
2026-08-15 16:45:04,821 │ INFO    │   e 69  train 0.11909  val 0.10220     lr 7.50e-05  14s  patience 3/15
2026-08-15 16:45:18,738 │ INFO    │   e 70  train 0.11915  val 0.10221     lr 7.50e-05  14s  patience 4/15
2026-08-15 16:45:32,654 │ INFO    │   e 71  train 0.11902  val 0.10251     lr 7.50e-05  14s  patience 5/15
2026-08-15 16:45:46,586 │ INFO    │   e 72  train 0.11891  val 0.10352     lr 7.50e-05  14s  patience 6/15
2026-08-15 16:46:00,484 │ INFO    │   e 73  train 0.11917  val 0.10091     lr 3.75e-05  14s  patience 7/15
2026-08-15 16:46:14,383 │ INFO    │   e 74  train 0.11866  val 0.10237     lr 3.75e-05  14s  patience 8/15
2026-08-15 16:46:28,359 │ INFO    │   e 75  train 0.11862  val 0.10077  ★  lr 3.75e-05  14s  patience 0/15
2026-08-15 16:46:42,275 │ INFO    │   e 76  train 0.11869  val 0.10290     lr 3.75e-05  14s  patience 1/15
2026-08-15 16:46:56,188 │ INFO    │   e 77  train 0.11873  val 0.10124     lr 3.75e-05  14s  patience 2/15
2026-08-15 16:47:10,151 │ INFO    │   e 78  train 0.11853  val 0.10134     lr 3.75e-05  14s  patience 3/15
2026-08-15 16:47:24,117 │ INFO    │   e 79  train 0.11842  val 0.10142     lr 3.75e-05  14s  patience 4/15
2026-08-15 16:47:24,273 │ INFO    │ ✔ finished [CALM-Net w/o CDG] best_val=0.10077 @ epoch 75
2026-08-15 16:47:31,166 │ INFO    │ ▶ training [CALM-Net w/o BFC] — 3,640 train / 364 tune windows, 114 batches/epoch, from epoch 0
2026-08-15 16:47:44,835 │ INFO    │   e  0  train 0.24738  val 0.15782  ★  lr 3.00e-04  14s  patience 0/15
2026-08-15 16:47:58,601 │ INFO    │   e  1  train 0.16362  val 0.13224  ★  lr 3.00e-04  14s  patience 0/15
2026-08-15 16:48:12,349 │ INFO    │   e  2  train 0.15168  val 0.13991     lr 3.00e-04  14s  patience 1/15
2026-08-15 16:48:26,115 │ INFO    │   e  3  train 0.14481  val 0.12120  ★  lr 3.00e-04  14s  patience 0/15
2026-08-15 16:48:39,745 │ INFO    │   e  4  train 0.14247  val 0.12433     lr 3.00e-04  14s  patience 1/15
2026-08-15 16:48:53,430 │ INFO    │   e  5  train 0.13870  val 0.12011  ★  lr 3.00e-04  14s  patience 0/15
2026-08-15 16:49:07,116 │ INFO    │   e  6  train 0.13738  val 0.11706  ★  lr 3.00e-04  14s  patience 0/15
2026-08-15 16:49:20,763 │ INFO    │   e  7  train 0.13606  val 0.11891     lr 3.00e-04  14s  patience 1/15
2026-08-15 16:49:34,499 │ INFO    │   e  8  train 0.13449  val 0.11067  ★  lr 3.00e-04  14s  patience 0/15
2026-08-15 16:49:48,239 │ INFO    │   e  9  train 0.13312  val 0.11045  ★  lr 3.00e-04  14s  patience 0/15
2026-08-15 16:50:01,918 │ INFO    │   e 10  train 0.13263  val 0.11360     lr 3.00e-04  14s  patience 1/15
2026-08-15 16:50:15,660 │ INFO    │   e 11  train 0.13207  val 0.11036  ★  lr 3.00e-04  14s  patience 0/15
2026-08-15 16:50:29,337 │ INFO    │   e 12  train 0.13122  val 0.11713     lr 3.00e-04  14s  patience 1/15
2026-08-15 16:50:43,005 │ INFO    │   e 13  train 0.13114  val 0.11393     lr 3.00e-04  14s  patience 2/15
2026-08-15 16:50:56,674 │ INFO    │   e 14  train 0.12875  val 0.11098     lr 3.00e-04  14s  patience 3/15
2026-08-15 16:51:10,391 │ INFO    │   e 15  train 0.13052  val 0.10899  ★  lr 3.00e-04  14s  patience 0/15
2026-08-15 16:51:24,050 │ INFO    │   e 16  train 0.12792  val 0.11301     lr 3.00e-04  14s  patience 1/15
2026-08-15 16:51:37,707 │ INFO    │   e 17  train 0.12810  val 0.11104     lr 3.00e-04  14s  patience 2/15
2026-08-15 16:51:51,388 │ INFO    │   e 18  train 0.12806  val 0.11359     lr 3.00e-04  14s  patience 3/15
2026-08-15 16:52:05,050 │ INFO    │   e 19  train 0.12777  val 0.10901     lr 3.00e-04  14s  patience 4/15
2026-08-15 16:52:18,704 │ INFO    │   e 20  train 0.12717  val 0.11192     lr 3.00e-04  14s  patience 5/15
2026-08-15 16:52:32,424 │ INFO    │   e 21  train 0.12644  val 0.10789  ★  lr 3.00e-04  14s  patience 0/15
2026-08-15 16:52:46,148 │ INFO    │   e 22  train 0.12676  val 0.10765  ★  lr 3.00e-04  14s  patience 0/15
2026-08-15 16:52:59,860 │ INFO    │   e 23  train 0.12608  val 0.10761  ★  lr 3.00e-04  14s  patience 0/15
2026-08-15 16:53:13,533 │ INFO    │   e 24  train 0.12551  val 0.11021     lr 3.00e-04  14s  patience 1/15
2026-08-15 16:53:27,199 │ INFO    │   e 25  train 0.12528  val 0.10904     lr 3.00e-04  14s  patience 2/15
2026-08-15 16:53:40,926 │ INFO    │   e 26  train 0.12476  val 0.10402  ★  lr 3.00e-04  14s  patience 0/15
2026-08-15 16:53:54,585 │ INFO    │   e 27  train 0.12467  val 0.10648     lr 3.00e-04  14s  patience 1/15
2026-08-15 16:54:08,254 │ INFO    │   e 28  train 0.12491  val 0.11167     lr 3.00e-04  14s  patience 2/15
2026-08-15 16:54:21,930 │ INFO    │   e 29  train 0.12425  val 0.10582     lr 3.00e-04  14s  patience 3/15
2026-08-15 16:54:35,604 │ INFO    │   e 30  train 0.12453  val 0.11382     lr 3.00e-04  14s  patience 4/15
2026-08-15 16:54:49,270 │ INFO    │   e 31  train 0.12367  val 0.10714     lr 3.00e-04  14s  patience 5/15
2026-08-15 16:55:02,934 │ INFO    │   e 32  train 0.12327  val 0.10866     lr 3.00e-04  14s  patience 6/15
2026-08-15 16:55:16,655 │ INFO    │   e 33  train 0.12333  val 0.10268  ★  lr 3.00e-04  14s  patience 0/15
2026-08-15 16:55:30,338 │ INFO    │   e 34  train 0.12352  val 0.10813     lr 3.00e-04  14s  patience 1/15
2026-08-15 16:55:44,023 │ INFO    │   e 35  train 0.12331  val 0.10401     lr 3.00e-04  14s  patience 2/15
2026-08-15 16:55:57,718 │ INFO    │   e 36  train 0.12329  val 0.10539     lr 3.00e-04  14s  patience 3/15
2026-08-15 16:56:11,423 │ INFO    │   e 37  train 0.12259  val 0.10560     lr 3.00e-04  14s  patience 4/15
2026-08-15 16:56:25,104 │ INFO    │   e 38  train 0.12248  val 0.11216     lr 3.00e-04  14s  patience 5/15
2026-08-15 16:56:38,782 │ INFO    │   e 39  train 0.12316  val 0.10537     lr 3.00e-04  14s  patience 6/15
2026-08-15 16:56:52,465 │ INFO    │   e 40  train 0.12209  val 0.10709     lr 1.50e-04  14s  patience 7/15
2026-08-15 16:57:06,145 │ INFO    │   e 41  train 0.12122  val 0.10374     lr 1.50e-04  14s  patience 8/15
2026-08-15 16:57:19,838 │ INFO    │   e 42  train 0.12164  val 0.10338     lr 1.50e-04  14s  patience 9/15
2026-08-15 16:57:33,511 │ INFO    │   e 43  train 0.12092  val 0.10506     lr 1.50e-04  14s  patience 10/15
2026-08-15 16:57:47,186 │ INFO    │   e 44  train 0.12102  val 0.10330     lr 1.50e-04  14s  patience 11/15
2026-08-15 16:58:00,863 │ INFO    │   e 45  train 0.12090  val 0.10327     lr 1.50e-04  14s  patience 12/15
2026-08-15 16:58:14,533 │ INFO    │   e 46  train 0.12053  val 0.10441     lr 1.50e-04  14s  patience 13/15
2026-08-15 16:58:28,273 │ INFO    │   e 47  train 0.12089  val 0.10161  ★  lr 1.50e-04  14s  patience 0/15
2026-08-15 16:58:41,930 │ INFO    │   e 48  train 0.12054  val 0.10289     lr 1.50e-04  14s  patience 1/15
2026-08-15 16:58:55,610 │ INFO    │   e 49  train 0.12061  val 0.10525     lr 1.50e-04  14s  patience 2/15
2026-08-15 16:59:09,296 │ INFO    │   e 50  train 0.12040  val 0.10499     lr 1.50e-04  14s  patience 3/15
2026-08-15 16:59:22,957 │ INFO    │   e 51  train 0.12039  val 0.10454     lr 1.50e-04  14s  patience 4/15
2026-08-15 16:59:36,637 │ INFO    │   e 52  train 0.12026  val 0.10323     lr 1.50e-04  14s  patience 5/15
2026-08-15 16:59:50,312 │ INFO    │   e 53  train 0.12041  val 0.10203     lr 1.50e-04  14s  patience 6/15
2026-08-15 17:00:03,993 │ INFO    │   e 54  train 0.12011  val 0.10426     lr 7.50e-05  14s  patience 7/15
2026-08-15 17:00:17,690 │ INFO    │   e 55  train 0.11981  val 0.10368     lr 7.50e-05  14s  patience 8/15
2026-08-15 17:00:31,425 │ INFO    │   e 56  train 0.12017  val 0.10158  ★  lr 7.50e-05  14s  patience 0/15
2026-08-15 17:00:45,095 │ INFO    │   e 57  train 0.11953  val 0.10200     lr 7.50e-05  14s  patience 1/15
2026-08-15 17:00:58,780 │ INFO    │   e 58  train 0.11939  val 0.10254     lr 7.50e-05  14s  patience 2/15
2026-08-15 17:01:12,517 │ INFO    │   e 59  train 0.11946  val 0.10136  ★  lr 7.50e-05  14s  patience 0/15
2026-08-15 17:01:26,201 │ INFO    │   e 60  train 0.11945  val 0.10234     lr 7.50e-05  14s  patience 1/15
2026-08-15 17:01:39,867 │ INFO    │   e 61  train 0.11935  val 0.10364     lr 7.50e-05  14s  patience 2/15
2026-08-15 17:01:53,544 │ INFO    │   e 62  train 0.11946  val 0.10166     lr 7.50e-05  14s  patience 3/15
2026-08-15 17:02:07,204 │ INFO    │   e 63  train 0.11919  val 0.10256     lr 7.50e-05  14s  patience 4/15
2026-08-15 17:02:20,877 │ INFO    │   e 64  train 0.11914  val 0.10157     lr 7.50e-05  14s  patience 5/15
2026-08-15 17:02:34,607 │ INFO    │   e 65  train 0.11933  val 0.10069  ★  lr 7.50e-05  14s  patience 0/15
2026-08-15 17:02:48,280 │ INFO    │   e 66  train 0.11903  val 0.10169     lr 7.50e-05  14s  patience 1/15
2026-08-15 17:03:01,956 │ INFO    │   e 67  train 0.11900  val 0.10366     lr 7.50e-05  14s  patience 2/15
2026-08-15 17:03:15,617 │ INFO    │   e 68  train 0.11905  val 0.10108     lr 7.50e-05  14s  patience 3/15
2026-08-15 17:03:29,298 │ INFO    │   e 69  train 0.11889  val 0.10219     lr 7.50e-05  14s  patience 4/15
2026-08-15 17:03:42,972 │ INFO    │   e 70  train 0.11896  val 0.10304     lr 7.50e-05  14s  patience 5/15
2026-08-15 17:03:56,640 │ INFO    │   e 71  train 0.11890  val 0.10197     lr 7.50e-05  14s  patience 6/15
2026-08-15 17:04:10,326 │ INFO    │   e 72  train 0.11873  val 0.10277     lr 3.75e-05  14s  patience 7/15
2026-08-15 17:04:23,993 │ INFO    │   e 73  train 0.11858  val 0.10174     lr 3.75e-05  14s  patience 8/15
2026-08-15 17:04:37,661 │ INFO    │   e 74  train 0.11848  val 0.10240     lr 3.75e-05  14s  patience 9/15
2026-08-15 17:04:51,325 │ INFO    │   e 75  train 0.11841  val 0.10101     lr 3.75e-05  14s  patience 10/15
2026-08-15 17:05:05,002 │ INFO    │   e 76  train 0.11851  val 0.10317     lr 3.75e-05  14s  patience 11/15
2026-08-15 17:05:18,675 │ INFO    │   e 77  train 0.11858  val 0.10121     lr 3.75e-05  14s  patience 12/15
2026-08-15 17:05:32,361 │ INFO    │   e 78  train 0.11842  val 0.10141     lr 3.75e-05  14s  patience 13/15
2026-08-15 17:05:46,045 │ INFO    │   e 79  train 0.11828  val 0.10178     lr 1.87e-05  14s  patience 14/15
2026-08-15 17:05:46,207 │ INFO    │ ✔ finished [CALM-Net w/o BFC] best_val=0.10069 @ epoch 65
2026-08-15 17:05:52,930 │ INFO    │ ▶ training [CALM-Net w/o PMC] — 3,640 train / 364 tune windows, 114 batches/epoch, from epoch 0
2026-08-15 17:06:06,635 │ INFO    │   e  0  train 0.24736  val 0.15553  ★  lr 3.00e-04  14s  patience 0/15
2026-08-15 17:06:20,428 │ INFO    │   e  1  train 0.16333  val 0.13383  ★  lr 3.00e-04  14s  patience 0/15
2026-08-15 17:06:34,204 │ INFO    │   e  2  train 0.15211  val 0.14254     lr 3.00e-04  14s  patience 1/15
2026-08-15 17:06:47,981 │ INFO    │   e  3  train 0.14486  val 0.12321  ★  lr 3.00e-04  14s  patience 0/15
2026-08-15 17:07:01,717 │ INFO    │   e  4  train 0.14255  val 0.12273  ★  lr 3.00e-04  14s  patience 0/15
2026-08-15 17:07:15,440 │ INFO    │   e  5  train 0.13889  val 0.12045  ★  lr 3.00e-04  14s  patience 0/15
2026-08-15 17:07:29,185 │ INFO    │   e  6  train 0.13782  val 0.11906  ★  lr 3.00e-04  14s  patience 0/15
2026-08-15 17:07:42,853 │ INFO    │   e  7  train 0.13661  val 0.11937     lr 3.00e-04  14s  patience 1/15
2026-08-15 17:07:56,586 │ INFO    │   e  8  train 0.13499  val 0.11114  ★  lr 3.00e-04  14s  patience 0/15
2026-08-15 17:08:10,270 │ INFO    │   e  9  train 0.13389  val 0.11120     lr 3.00e-04  14s  patience 1/15
2026-08-15 17:08:23,957 │ INFO    │   e 10  train 0.13329  val 0.11487     lr 3.00e-04  14s  patience 2/15
2026-08-15 17:08:37,711 │ INFO    │   e 11  train 0.13243  val 0.11050  ★  lr 3.00e-04  14s  patience 0/15
2026-08-15 17:08:51,387 │ INFO    │   e 12  train 0.13164  val 0.11640     lr 3.00e-04  14s  patience 1/15
2026-08-15 17:09:05,084 │ INFO    │   e 13  train 0.13187  val 0.11594     lr 3.00e-04  14s  patience 2/15
2026-08-15 17:09:18,780 │ INFO    │   e 14  train 0.12921  val 0.11215     lr 3.00e-04  14s  patience 3/15
2026-08-15 17:09:32,565 │ INFO    │   e 15  train 0.13144  val 0.10875  ★  lr 3.00e-04  14s  patience 0/15
2026-08-15 17:09:46,270 │ INFO    │   e 16  train 0.12834  val 0.11490     lr 3.00e-04  14s  patience 1/15
2026-08-15 17:09:59,988 │ INFO    │   e 17  train 0.12857  val 0.11301     lr 3.00e-04  14s  patience 2/15
2026-08-15 17:10:13,675 │ INFO    │   e 18  train 0.12869  val 0.11425     lr 3.00e-04  14s  patience 3/15
2026-08-15 17:10:27,367 │ INFO    │   e 19  train 0.12814  val 0.11079     lr 3.00e-04  14s  patience 4/15
2026-08-15 17:10:41,067 │ INFO    │   e 20  train 0.12759  val 0.11121     lr 3.00e-04  14s  patience 5/15
2026-08-15 17:10:54,833 │ INFO    │   e 21  train 0.12678  val 0.10815  ★  lr 3.00e-04  14s  patience 0/15
2026-08-15 17:11:08,617 │ INFO    │   e 22  train 0.12699  val 0.10678  ★  lr 3.00e-04  14s  patience 0/15
2026-08-15 17:11:22,384 │ INFO    │   e 23  train 0.12654  val 0.10646  ★  lr 3.00e-04  14s  patience 0/15
2026-08-15 17:11:36,098 │ INFO    │   e 24  train 0.12599  val 0.11053     lr 3.00e-04  14s  patience 1/15
2026-08-15 17:11:49,828 │ INFO    │   e 25  train 0.12546  val 0.10655     lr 3.00e-04  14s  patience 2/15
2026-08-15 17:12:03,589 │ INFO    │   e 26  train 0.12503  val 0.10387  ★  lr 3.00e-04  14s  patience 0/15
2026-08-15 17:12:17,293 │ INFO    │   e 27  train 0.12488  val 0.10760     lr 3.00e-04  14s  patience 1/15
2026-08-15 17:12:30,999 │ INFO    │   e 28  train 0.12491  val 0.11291     lr 3.00e-04  14s  patience 2/15
2026-08-15 17:12:44,731 │ INFO    │   e 29  train 0.12458  val 0.10658     lr 3.00e-04  14s  patience 3/15
2026-08-15 17:12:58,447 │ INFO    │   e 30  train 0.12511  val 0.11659     lr 3.00e-04  14s  patience 4/15
2026-08-15 17:13:12,163 │ INFO    │   e 31  train 0.12426  val 0.10658     lr 3.00e-04  14s  patience 5/15
2026-08-15 17:13:25,860 │ INFO    │   e 32  train 0.12340  val 0.10773     lr 3.00e-04  14s  patience 6/15
2026-08-15 17:13:39,634 │ INFO    │   e 33  train 0.12359  val 0.10357  ★  lr 3.00e-04  14s  patience 0/15
2026-08-15 17:13:53,347 │ INFO    │   e 34  train 0.12353  val 0.10772     lr 3.00e-04  14s  patience 1/15
2026-08-15 17:14:07,075 │ INFO    │   e 35  train 0.12344  val 0.10440     lr 3.00e-04  14s  patience 2/15
2026-08-15 17:14:20,797 │ INFO    │   e 36  train 0.12340  val 0.10505     lr 3.00e-04  14s  patience 3/15
2026-08-15 17:14:34,511 │ INFO    │   e 37  train 0.12288  val 0.10612     lr 3.00e-04  14s  patience 4/15
2026-08-15 17:14:48,234 │ INFO    │   e 38  train 0.12281  val 0.11295     lr 3.00e-04  14s  patience 5/15
2026-08-15 17:15:01,964 │ INFO    │   e 39  train 0.12331  val 0.10437     lr 3.00e-04  14s  patience 6/15
2026-08-15 17:15:15,697 │ INFO    │   e 40  train 0.12254  val 0.10607     lr 1.50e-04  14s  patience 7/15
2026-08-15 17:15:29,473 │ INFO    │   e 41  train 0.12139  val 0.10315  ★  lr 1.50e-04  14s  patience 0/15
2026-08-15 17:15:43,216 │ INFO    │   e 42  train 0.12179  val 0.10393     lr 1.50e-04  14s  patience 1/15
2026-08-15 17:15:56,969 │ INFO    │   e 43  train 0.12119  val 0.10385     lr 1.50e-04  14s  patience 2/15
2026-08-15 17:16:10,681 │ INFO    │   e 44  train 0.12126  val 0.10456     lr 1.50e-04  14s  patience 3/15
2026-08-15 17:16:24,394 │ INFO    │   e 45  train 0.12113  val 0.10401     lr 1.50e-04  14s  patience 4/15
2026-08-15 17:16:38,118 │ INFO    │   e 46  train 0.12068  val 0.10681     lr 1.50e-04  14s  patience 5/15
2026-08-15 17:16:51,920 │ INFO    │   e 47  train 0.12096  val 0.10151  ★  lr 1.50e-04  14s  patience 0/15
2026-08-15 17:17:05,644 │ INFO    │   e 48  train 0.12066  val 0.10227     lr 1.50e-04  14s  patience 1/15
2026-08-15 17:17:19,342 │ INFO    │   e 49  train 0.12073  val 0.10412     lr 1.50e-04  14s  patience 2/15
2026-08-15 17:17:33,067 │ INFO    │   e 50  train 0.12055  val 0.10621     lr 1.50e-04  14s  patience 3/15
2026-08-15 17:17:46,781 │ INFO    │   e 51  train 0.12070  val 0.10414     lr 1.50e-04  14s  patience 4/15
2026-08-15 17:18:00,490 │ INFO    │   e 52  train 0.12046  val 0.10271     lr 1.50e-04  14s  patience 5/15
2026-08-15 17:18:14,215 │ INFO    │   e 53  train 0.12052  val 0.10159     lr 1.50e-04  14s  patience 6/15
2026-08-15 17:18:27,928 │ INFO    │   e 54  train 0.12051  val 0.10514     lr 7.50e-05  14s  patience 7/15
2026-08-15 17:18:41,651 │ INFO    │   e 55  train 0.12001  val 0.10374     lr 7.50e-05  14s  patience 8/15
2026-08-15 17:18:55,414 │ INFO    │   e 56  train 0.12029  val 0.10115  ★  lr 7.50e-05  14s  patience 0/15
2026-08-15 17:19:09,120 │ INFO    │   e 57  train 0.11975  val 0.10146     lr 7.50e-05  14s  patience 1/15
2026-08-15 17:19:22,830 │ INFO    │   e 58  train 0.11963  val 0.10269     lr 7.50e-05  14s  patience 2/15
2026-08-15 17:19:36,536 │ INFO    │   e 59  train 0.11967  val 0.10194     lr 7.50e-05  14s  patience 3/15
2026-08-15 17:19:50,277 │ INFO    │   e 60  train 0.11961  val 0.10272     lr 7.50e-05  14s  patience 4/15
2026-08-15 17:20:03,997 │ INFO    │   e 61  train 0.11964  val 0.10408     lr 7.50e-05  14s  patience 5/15
2026-08-15 17:20:17,712 │ INFO    │   e 62  train 0.11967  val 0.10122     lr 7.50e-05  14s  patience 6/15
2026-08-15 17:20:31,431 │ INFO    │   e 63  train 0.11932  val 0.10205     lr 3.75e-05  14s  patience 7/15
2026-08-15 17:20:45,191 │ INFO    │   e 64  train 0.11917  val 0.10171     lr 3.75e-05  14s  patience 8/15
2026-08-15 17:20:58,901 │ INFO    │   e 65  train 0.11922  val 0.10361     lr 3.75e-05  14s  patience 9/15
2026-08-15 17:21:12,677 │ INFO    │   e 66  train 0.11911  val 0.10021  ★  lr 3.75e-05  14s  patience 0/15
2026-08-15 17:21:26,396 │ INFO    │   e 67  train 0.11917  val 0.10130     lr 3.75e-05  14s  patience 1/15
2026-08-15 17:21:40,123 │ INFO    │   e 68  train 0.11908  val 0.10109     lr 3.75e-05  14s  patience 2/15
2026-08-15 17:21:53,855 │ INFO    │   e 69  train 0.11895  val 0.10264     lr 3.75e-05  14s  patience 3/15
2026-08-15 17:22:07,612 │ INFO    │   e 70  train 0.11910  val 0.10130     lr 3.75e-05  14s  patience 4/15
2026-08-15 17:22:21,341 │ INFO    │   e 71  train 0.11898  val 0.10237     lr 3.75e-05  14s  patience 5/15
2026-08-15 17:22:35,061 │ INFO    │   e 72  train 0.11892  val 0.10109     lr 3.75e-05  14s  patience 6/15
2026-08-15 17:22:48,795 │ INFO    │   e 73  train 0.11900  val 0.10164     lr 1.87e-05  14s  patience 7/15
2026-08-15 17:23:02,532 │ INFO    │   e 74  train 0.11881  val 0.10273     lr 1.87e-05  14s  patience 8/15
2026-08-15 17:23:16,240 │ INFO    │   e 75  train 0.11874  val 0.10105     lr 1.87e-05  14s  patience 9/15
2026-08-15 17:23:29,955 │ INFO    │   e 76  train 0.11886  val 0.10200     lr 1.87e-05  14s  patience 10/15
2026-08-15 17:23:43,652 │ INFO    │   e 77  train 0.11888  val 0.10252     lr 1.87e-05  14s  patience 11/15
2026-08-15 17:23:57,341 │ INFO    │   e 78  train 0.11870  val 0.10092     lr 1.87e-05  14s  patience 12/15
2026-08-15 17:24:11,014 │ INFO    │   e 79  train 0.11862  val 0.10194     lr 1.87e-05  14s  patience 13/15
2026-08-15 17:24:11,159 │ INFO    │ ✔ finished [CALM-Net w/o PMC] best_val=0.10021 @ epoch 66
2026-08-15 17:24:17,550 │ INFO    │ ▶ training [CALM-Net w/o ECQ] — 3,640 train / 364 tune windows, 114 batches/epoch, from epoch 0
2026-08-15 17:24:31,411 │ INFO    │   e  0  train 0.19376  val 0.11940  ★  lr 3.00e-04  14s  patience 0/15
2026-08-15 17:24:45,349 │ INFO    │   e  1  train 0.12920  val 0.10595  ★  lr 3.00e-04  14s  patience 0/15
2026-08-15 17:24:59,290 │ INFO    │   e  2  train 0.11953  val 0.11488     lr 3.00e-04  14s  patience 1/15
2026-08-15 17:25:13,233 │ INFO    │   e  3  train 0.11537  val 0.09722  ★  lr 3.00e-04  14s  patience 0/15
2026-08-15 17:25:27,122 │ INFO    │   e  4  train 0.11332  val 0.09673  ★  lr 3.00e-04  14s  patience 0/15
2026-08-15 17:25:41,010 │ INFO    │   e  5  train 0.11072  val 0.09543  ★  lr 3.00e-04  14s  patience 0/15
2026-08-15 17:25:54,911 │ INFO    │   e  6  train 0.10993  val 0.09439  ★  lr 3.00e-04  14s  patience 0/15
2026-08-15 17:26:08,854 │ INFO    │   e  7  train 0.10891  val 0.09386  ★  lr 3.00e-04  14s  patience 0/15
2026-08-15 17:26:22,792 │ INFO    │   e  8  train 0.10819  val 0.08842  ★  lr 3.00e-04  14s  patience 0/15
2026-08-15 17:26:36,737 │ INFO    │   e  9  train 0.10762  val 0.08799  ★  lr 3.00e-04  14s  patience 0/15
2026-08-15 17:26:50,610 │ INFO    │   e 10  train 0.10710  val 0.09160     lr 3.00e-04  14s  patience 1/15
2026-08-15 17:27:04,540 │ INFO    │   e 11  train 0.10664  val 0.08732  ★  lr 3.00e-04  14s  patience 0/15
2026-08-15 17:27:18,394 │ INFO    │   e 12  train 0.10599  val 0.09699     lr 3.00e-04  14s  patience 1/15
2026-08-15 17:27:32,253 │ INFO    │   e 13  train 0.10629  val 0.09403     lr 3.00e-04  14s  patience 2/15
2026-08-15 17:27:46,122 │ INFO    │   e 14  train 0.10424  val 0.08991     lr 3.00e-04  14s  patience 3/15
2026-08-15 17:27:59,979 │ INFO    │   e 15  train 0.10583  val 0.08811     lr 3.00e-04  14s  patience 4/15
2026-08-15 17:28:13,842 │ INFO    │   e 16  train 0.10365  val 0.09291     lr 3.00e-04  14s  patience 5/15
2026-08-15 17:28:27,699 │ INFO    │   e 17  train 0.10395  val 0.09121     lr 3.00e-04  14s  patience 6/15
2026-08-15 17:28:41,562 │ INFO    │   e 18  train 0.10412  val 0.09225     lr 1.50e-04  14s  patience 7/15
2026-08-15 17:28:55,414 │ INFO    │   e 19  train 0.10262  val 0.09034     lr 1.50e-04  14s  patience 8/15
2026-08-15 17:29:09,367 │ INFO    │   e 20  train 0.10231  val 0.08631  ★  lr 1.50e-04  14s  patience 0/15
2026-08-15 17:29:23,273 │ INFO    │   e 21  train 0.10204  val 0.08582  ★  lr 1.50e-04  14s  patience 0/15
2026-08-15 17:29:37,200 │ INFO    │   e 22  train 0.10212  val 0.08514  ★  lr 1.50e-04  14s  patience 0/15
2026-08-15 17:29:51,044 │ INFO    │   e 23  train 0.10194  val 0.08568     lr 1.50e-04  14s  patience 1/15
2026-08-15 17:30:04,896 │ INFO    │   e 24  train 0.10179  val 0.08785     lr 1.50e-04  14s  patience 2/15
2026-08-15 17:30:18,760 │ INFO    │   e 25  train 0.10201  val 0.08900     lr 1.50e-04  14s  patience 3/15
2026-08-15 17:30:32,685 │ INFO    │   e 26  train 0.10166  val 0.08385  ★  lr 1.50e-04  14s  patience 0/15
2026-08-15 17:30:46,551 │ INFO    │   e 27  train 0.10141  val 0.08539     lr 1.50e-04  14s  patience 1/15
2026-08-15 17:31:00,391 │ INFO    │   e 28  train 0.10137  val 0.08902     lr 1.50e-04  14s  patience 2/15
2026-08-15 17:31:14,311 │ INFO    │   e 29  train 0.10111  val 0.08372  ★  lr 1.50e-04  14s  patience 0/15
2026-08-15 17:31:28,180 │ INFO    │   e 30  train 0.10128  val 0.09166     lr 1.50e-04  14s  patience 1/15
2026-08-15 17:31:42,042 │ INFO    │   e 31  train 0.10094  val 0.08375     lr 1.50e-04  14s  patience 2/15
2026-08-15 17:31:55,898 │ INFO    │   e 32  train 0.10049  val 0.08471     lr 1.50e-04  14s  patience 3/15
2026-08-15 17:32:09,764 │ INFO    │   e 33  train 0.10064  val 0.08431     lr 1.50e-04  14s  patience 4/15
2026-08-15 17:32:23,624 │ INFO    │   e 34  train 0.10065  val 0.09183     lr 1.50e-04  14s  patience 5/15
2026-08-15 17:32:37,486 │ INFO    │   e 35  train 0.10047  val 0.08604     lr 1.50e-04  14s  patience 6/15
2026-08-15 17:32:51,360 │ INFO    │   e 36  train 0.10060  val 0.08466     lr 7.50e-05  14s  patience 7/15
2026-08-15 17:33:05,227 │ INFO    │   e 37  train 0.09983  val 0.08640     lr 7.50e-05  14s  patience 8/15
2026-08-15 17:33:19,084 │ INFO    │   e 38  train 0.09952  val 0.08450     lr 7.50e-05  14s  patience 9/15
2026-08-15 17:33:32,942 │ INFO    │   e 39  train 0.09969  val 0.08607     lr 7.50e-05  14s  patience 10/15
2026-08-15 17:33:46,861 │ INFO    │   e 40  train 0.09983  val 0.08307  ★  lr 7.50e-05  14s  patience 0/15
2026-08-15 17:34:00,704 │ INFO    │   e 41  train 0.09961  val 0.08454     lr 7.50e-05  14s  patience 1/15
2026-08-15 17:34:14,565 │ INFO    │   e 42  train 0.09974  val 0.08551     lr 7.50e-05  14s  patience 2/15
2026-08-15 17:34:28,439 │ INFO    │   e 43  train 0.09928  val 0.08353     lr 7.50e-05  14s  patience 3/15
2026-08-15 17:34:42,332 │ INFO    │   e 44  train 0.09947  val 0.08676     lr 7.50e-05  14s  patience 4/15
2026-08-15 17:34:56,223 │ INFO    │   e 45  train 0.09947  val 0.08633     lr 7.50e-05  14s  patience 5/15
2026-08-15 17:35:10,110 │ INFO    │   e 46  train 0.09926  val 0.08892     lr 7.50e-05  14s  patience 6/15
2026-08-15 17:35:24,062 │ INFO    │   e 47  train 0.09936  val 0.08279  ★  lr 7.50e-05  14s  patience 0/15
2026-08-15 17:35:37,952 │ INFO    │   e 48  train 0.09907  val 0.08633     lr 7.50e-05  14s  patience 1/15
2026-08-15 17:35:51,873 │ INFO    │   e 49  train 0.09906  val 0.08475     lr 7.50e-05  14s  patience 2/15
2026-08-15 17:36:05,778 │ INFO    │   e 50  train 0.09891  val 0.08529     lr 7.50e-05  14s  patience 3/15
2026-08-15 17:36:19,664 │ INFO    │   e 51  train 0.09897  val 0.08372     lr 7.50e-05  14s  patience 4/15
2026-08-15 17:36:33,536 │ INFO    │   e 52  train 0.09894  val 0.08400     lr 7.50e-05  14s  patience 5/15
2026-08-15 17:36:47,430 │ INFO    │   e 53  train 0.09905  val 0.08618     lr 7.50e-05  14s  patience 6/15
2026-08-15 17:37:01,320 │ INFO    │   e 54  train 0.09881  val 0.08321     lr 3.75e-05  14s  patience 7/15
2026-08-15 17:37:15,202 │ INFO    │   e 55  train 0.09863  val 0.08452     lr 3.75e-05  14s  patience 8/15
2026-08-15 17:37:29,094 │ INFO    │   e 56  train 0.09863  val 0.08399     lr 3.75e-05  14s  patience 9/15
2026-08-15 17:37:42,986 │ INFO    │   e 57  train 0.09860  val 0.08345     lr 3.75e-05  14s  patience 10/15
2026-08-15 17:37:56,870 │ INFO    │   e 58  train 0.09850  val 0.08311     lr 3.75e-05  14s  patience 11/15
2026-08-15 17:38:10,808 │ INFO    │   e 59  train 0.09854  val 0.08264  ★  lr 3.75e-05  14s  patience 0/15
2026-08-15 17:38:24,688 │ INFO    │   e 60  train 0.09840  val 0.08465     lr 3.75e-05  14s  patience 1/15
2026-08-15 17:38:38,577 │ INFO    │   e 61  train 0.09847  val 0.08463     lr 3.75e-05  14s  patience 2/15
2026-08-15 17:38:52,440 │ INFO    │   e 62  train 0.09847  val 0.08398     lr 3.75e-05  14s  patience 3/15
2026-08-15 17:39:06,316 │ INFO    │   e 63  train 0.09825  val 0.08286     lr 3.75e-05  14s  patience 4/15
2026-08-15 17:39:20,190 │ INFO    │   e 64  train 0.09829  val 0.08286     lr 3.75e-05  14s  patience 5/15
2026-08-15 17:39:34,078 │ INFO    │   e 65  train 0.09840  val 0.08635     lr 3.75e-05  14s  patience 6/15
2026-08-15 17:39:48,019 │ INFO    │   e 66  train 0.09838  val 0.08185  ★  lr 3.75e-05  14s  patience 0/15
2026-08-15 17:40:01,897 │ INFO    │   e 67  train 0.09824  val 0.08331     lr 3.75e-05  14s  patience 1/15
2026-08-15 17:40:15,796 │ INFO    │   e 68  train 0.09814  val 0.08279     lr 3.75e-05  14s  patience 2/15
2026-08-15 17:40:29,709 │ INFO    │   e 69  train 0.09807  val 0.08446     lr 3.75e-05  14s  patience 3/15
2026-08-15 17:40:43,612 │ INFO    │   e 70  train 0.09827  val 0.08321     lr 3.75e-05  14s  patience 4/15
2026-08-15 17:40:57,559 │ INFO    │   e 71  train 0.09810  val 0.08455     lr 3.75e-05  14s  patience 5/15
2026-08-15 17:41:11,466 │ INFO    │   e 72  train 0.09813  val 0.08302     lr 3.75e-05  14s  patience 6/15
2026-08-15 17:41:25,364 │ INFO    │   e 73  train 0.09814  val 0.08291     lr 1.87e-05  14s  patience 7/15
2026-08-15 17:41:39,249 │ INFO    │   e 74  train 0.09797  val 0.08415     lr 1.87e-05  14s  patience 8/15
2026-08-15 17:41:53,126 │ INFO    │   e 75  train 0.09791  val 0.08296     lr 1.87e-05  14s  patience 9/15
2026-08-15 17:42:07,001 │ INFO    │   e 76  train 0.09799  val 0.08385     lr 1.87e-05  14s  patience 10/15
2026-08-15 17:42:20,895 │ INFO    │   e 77  train 0.09801  val 0.08384     lr 1.87e-05  14s  patience 11/15
2026-08-15 17:42:34,785 │ INFO    │   e 78  train 0.09783  val 0.08226     lr 1.87e-05  14s  patience 12/15
2026-08-15 17:42:48,686 │ INFO    │   e 79  train 0.09779  val 0.08375     lr 1.87e-05  14s  patience 13/15
2026-08-15 17:42:48,834 │ INFO    │ ✔ finished [CALM-Net w/o ECQ] best_val=0.08185 @ epoch 66
2026-08-15 17:42:52,616 │ INFO    │ ▶ training [CALM-Net delta=0] — 3,640 train / 364 tune windows, 114 batches/epoch, from epoch 0
2026-08-15 17:43:04,871 │ INFO    │   e  0  train 0.25116  val 0.15634  ★  lr 3.00e-04  12s  patience 0/15
2026-08-15 17:43:17,214 │ INFO    │   e  1  train 0.16436  val 0.13321  ★  lr 3.00e-04  12s  patience 0/15
2026-08-15 17:43:29,496 │ INFO    │   e  2  train 0.15146  val 0.13906     lr 3.00e-04  12s  patience 1/15
2026-08-15 17:43:41,870 │ INFO    │   e  3  train 0.14523  val 0.12210  ★  lr 3.00e-04  12s  patience 0/15
2026-08-15 17:43:54,159 │ INFO    │   e  4  train 0.14159  val 0.12408     lr 3.00e-04  12s  patience 1/15
2026-08-15 17:44:06,494 │ INFO    │   e  5  train 0.13896  val 0.11634  ★  lr 3.00e-04  12s  patience 0/15
2026-08-15 17:44:18,747 │ INFO    │   e  6  train 0.13785  val 0.11649     lr 3.00e-04  12s  patience 1/15
2026-08-15 17:44:31,015 │ INFO    │   e  7  train 0.13616  val 0.11820     lr 3.00e-04  12s  patience 2/15
2026-08-15 17:44:43,337 │ INFO    │   e  8  train 0.13500  val 0.11308  ★  lr 3.00e-04  12s  patience 0/15
2026-08-15 17:44:55,666 │ INFO    │   e  9  train 0.13383  val 0.11109  ★  lr 3.00e-04  12s  patience 0/15
2026-08-15 17:45:07,904 │ INFO    │   e 10  train 0.13331  val 0.11542     lr 3.00e-04  12s  patience 1/15
2026-08-15 17:45:20,163 │ INFO    │   e 11  train 0.13256  val 0.11164     lr 3.00e-04  12s  patience 2/15
2026-08-15 17:45:32,437 │ INFO    │   e 12  train 0.13216  val 0.11553     lr 3.00e-04  12s  patience 3/15
2026-08-15 17:45:44,687 │ INFO    │   e 13  train 0.13204  val 0.11639     lr 3.00e-04  12s  patience 4/15
2026-08-15 17:45:56,939 │ INFO    │   e 14  train 0.12951  val 0.11191     lr 3.00e-04  12s  patience 5/15
2026-08-15 17:46:09,273 │ INFO    │   e 15  train 0.13128  val 0.11008  ★  lr 3.00e-04  12s  patience 0/15
2026-08-15 17:46:21,518 │ INFO    │   e 16  train 0.12881  val 0.11465     lr 3.00e-04  12s  patience 1/15
2026-08-15 17:46:33,768 │ INFO    │   e 17  train 0.12874  val 0.11186     lr 3.00e-04  12s  patience 2/15
2026-08-15 17:46:46,049 │ INFO    │   e 18  train 0.12911  val 0.11420     lr 3.00e-04  12s  patience 3/15
2026-08-15 17:46:58,318 │ INFO    │   e 19  train 0.12890  val 0.11035     lr 3.00e-04  12s  patience 4/15
2026-08-15 17:47:10,566 │ INFO    │   e 20  train 0.12797  val 0.11296     lr 3.00e-04  12s  patience 5/15
2026-08-15 17:47:22,884 │ INFO    │   e 21  train 0.12713  val 0.10918  ★  lr 3.00e-04  12s  patience 0/15
2026-08-15 17:47:35,207 │ INFO    │   e 22  train 0.12778  val 0.10725  ★  lr 3.00e-04  12s  patience 0/15
2026-08-15 17:47:47,470 │ INFO    │   e 23  train 0.12673  val 0.10849     lr 3.00e-04  12s  patience 1/15
2026-08-15 17:47:59,738 │ INFO    │   e 24  train 0.12617  val 0.10939     lr 3.00e-04  12s  patience 2/15
2026-08-15 17:48:11,969 │ INFO    │   e 25  train 0.12595  val 0.11008     lr 3.00e-04  12s  patience 3/15
2026-08-15 17:48:24,302 │ INFO    │   e 26  train 0.12550  val 0.10469  ★  lr 3.00e-04  12s  patience 0/15
2026-08-15 17:48:36,549 │ INFO    │   e 27  train 0.12507  val 0.10769     lr 3.00e-04  12s  patience 1/15
2026-08-15 17:48:48,811 │ INFO    │   e 28  train 0.12526  val 0.10962     lr 3.00e-04  12s  patience 2/15
2026-08-15 17:49:01,086 │ INFO    │   e 29  train 0.12453  val 0.10620     lr 3.00e-04  12s  patience 3/15
2026-08-15 17:49:13,329 │ INFO    │   e 30  train 0.12486  val 0.11897     lr 3.00e-04  12s  patience 4/15
2026-08-15 17:49:25,589 │ INFO    │   e 31  train 0.12416  val 0.10634     lr 3.00e-04  12s  patience 5/15
2026-08-15 17:49:37,853 │ INFO    │   e 32  train 0.12378  val 0.10994     lr 3.00e-04  12s  patience 6/15
2026-08-15 17:49:50,168 │ INFO    │   e 33  train 0.12365  val 0.10318  ★  lr 3.00e-04  12s  patience 0/15
2026-08-15 17:50:02,424 │ INFO    │   e 34  train 0.12378  val 0.10792     lr 3.00e-04  12s  patience 1/15
2026-08-15 17:50:14,692 │ INFO    │   e 35  train 0.12346  val 0.10370     lr 3.00e-04  12s  patience 2/15
2026-08-15 17:50:26,939 │ INFO    │   e 36  train 0.12357  val 0.10486     lr 3.00e-04  12s  patience 3/15
2026-08-15 17:50:39,178 │ INFO    │   e 37  train 0.12295  val 0.10549     lr 3.00e-04  12s  patience 4/15
2026-08-15 17:50:51,429 │ INFO    │   e 38  train 0.12255  val 0.11202     lr 3.00e-04  12s  patience 5/15
2026-08-15 17:51:03,704 │ INFO    │   e 39  train 0.12289  val 0.10413     lr 3.00e-04  12s  patience 6/15
2026-08-15 17:51:15,966 │ INFO    │   e 40  train 0.12228  val 0.10812     lr 1.50e-04  12s  patience 7/15
2026-08-15 17:51:28,227 │ INFO    │   e 41  train 0.12117  val 0.10424     lr 1.50e-04  12s  patience 8/15
2026-08-15 17:51:40,520 │ INFO    │   e 42  train 0.12151  val 0.10450     lr 1.50e-04  12s  patience 9/15
2026-08-15 17:51:52,825 │ INFO    │   e 43  train 0.12092  val 0.10552     lr 1.50e-04  12s  patience 10/15
2026-08-15 17:52:05,122 │ INFO    │   e 44  train 0.12092  val 0.10366     lr 1.50e-04  12s  patience 11/15
2026-08-15 17:52:17,416 │ INFO    │   e 45  train 0.12084  val 0.10573     lr 1.50e-04  12s  patience 12/15
2026-08-15 17:52:29,705 │ INFO    │   e 46  train 0.12059  val 0.10510     lr 1.50e-04  12s  patience 13/15
2026-08-15 17:52:42,078 │ INFO    │   e 47  train 0.12073  val 0.10268  ★  lr 1.50e-04  12s  patience 0/15
2026-08-15 17:52:54,360 │ INFO    │   e 48  train 0.12038  val 0.10298     lr 1.50e-04  12s  patience 1/15
2026-08-15 17:53:06,677 │ INFO    │   e 49  train 0.12069  val 0.10564     lr 1.50e-04  12s  patience 2/15
2026-08-15 17:53:18,970 │ INFO    │   e 50  train 0.12022  val 0.10353     lr 1.50e-04  12s  patience 3/15
2026-08-15 17:53:31,266 │ INFO    │   e 51  train 0.12017  val 0.10290     lr 1.50e-04  12s  patience 4/15
2026-08-15 17:53:43,628 │ INFO    │   e 52  train 0.12028  val 0.10258  ★  lr 1.50e-04  12s  patience 0/15
2026-08-15 17:53:55,968 │ INFO    │   e 53  train 0.12017  val 0.10248  ★  lr 1.50e-04  12s  patience 0/15
2026-08-15 17:54:08,252 │ INFO    │   e 54  train 0.12019  val 0.10442     lr 1.50e-04  12s  patience 1/15
2026-08-15 17:54:20,580 │ INFO    │   e 55  train 0.12051  val 0.10213  ★  lr 1.50e-04  12s  patience 0/15
2026-08-15 17:54:32,897 │ INFO    │   e 56  train 0.12036  val 0.10315     lr 1.50e-04  12s  patience 1/15
2026-08-15 17:54:45,169 │ INFO    │   e 57  train 0.11958  val 0.10228     lr 1.50e-04  12s  patience 2/15
2026-08-15 17:54:57,453 │ INFO    │   e 58  train 0.11967  val 0.10325     lr 1.50e-04  12s  patience 3/15
2026-08-15 17:55:09,719 │ INFO    │   e 59  train 0.11963  val 0.10392     lr 1.50e-04  12s  patience 4/15
2026-08-15 17:55:22,086 │ INFO    │   e 60  train 0.11967  val 0.10094  ★  lr 1.50e-04  12s  patience 0/15
2026-08-15 17:55:34,415 │ INFO    │   e 61  train 0.11930  val 0.10066  ★  lr 1.50e-04  12s  patience 0/15
2026-08-15 17:55:46,689 │ INFO    │   e 62  train 0.11978  val 0.10450     lr 1.50e-04  12s  patience 1/15
2026-08-15 17:55:58,965 │ INFO    │   e 63  train 0.11916  val 0.10152     lr 1.50e-04  12s  patience 2/15
2026-08-15 17:56:11,241 │ INFO    │   e 64  train 0.11950  val 0.10395     lr 1.50e-04  12s  patience 3/15
2026-08-15 17:56:23,520 │ INFO    │   e 65  train 0.11934  val 0.10187     lr 1.50e-04  12s  patience 4/15
2026-08-15 17:56:35,808 │ INFO    │   e 66  train 0.11905  val 0.10249     lr 1.50e-04  12s  patience 5/15
2026-08-15 17:56:48,088 │ INFO    │   e 67  train 0.11920  val 0.10793     lr 1.50e-04  12s  patience 6/15
2026-08-15 17:57:00,356 │ INFO    │   e 68  train 0.11899  val 0.10218     lr 7.50e-05  12s  patience 7/15
2026-08-15 17:57:12,618 │ INFO    │   e 69  train 0.11829  val 0.10130     lr 7.50e-05  12s  patience 8/15
2026-08-15 17:57:24,921 │ INFO    │   e 70  train 0.11828  val 0.10156     lr 7.50e-05  12s  patience 9/15
2026-08-15 17:57:37,206 │ INFO    │   e 71  train 0.11821  val 0.10205     lr 7.50e-05  12s  patience 10/15
2026-08-15 17:57:49,479 │ INFO    │   e 72  train 0.11819  val 0.10126     lr 7.50e-05  12s  patience 11/15
2026-08-15 17:58:01,878 │ INFO    │   e 73  train 0.11829  val 0.10038  ★  lr 7.50e-05  12s  patience 0/15
2026-08-15 17:58:14,192 │ INFO    │   e 74  train 0.11809  val 0.10269     lr 7.50e-05  12s  patience 1/15
2026-08-15 17:58:26,487 │ INFO    │   e 75  train 0.11794  val 0.10100     lr 7.50e-05  12s  patience 2/15
2026-08-15 17:58:38,762 │ INFO    │   e 76  train 0.11828  val 0.10110     lr 7.50e-05  12s  patience 3/15
2026-08-15 17:58:51,018 │ INFO    │   e 77  train 0.11822  val 0.10065     lr 7.50e-05  12s  patience 4/15
2026-08-15 17:59:03,260 │ INFO    │   e 78  train 0.11784  val 0.10156     lr 7.50e-05  12s  patience 5/15
2026-08-15 17:59:15,503 │ INFO    │   e 79  train 0.11798  val 0.10471     lr 7.50e-05  12s  patience 6/15
2026-08-15 17:59:15,664 │ INFO    │ ✔ finished [CALM-Net delta=0] best_val=0.10038 @ epoch 73
2026-08-15 17:59:21,969 │ INFO    │ ▶ training [CALM-Net delta<=1] — 3,640 train / 364 tune windows, 114 batches/epoch, from epoch 0
2026-08-15 17:59:34,797 │ INFO    │   e  0  train 0.25565  val 0.15193  ★  lr 3.00e-04  13s  patience 0/15
2026-08-15 17:59:47,690 │ INFO    │   e  1  train 0.16335  val 0.13299  ★  lr 3.00e-04  13s  patience 0/15
2026-08-15 18:00:00,539 │ INFO    │   e  2  train 0.15033  val 0.13477     lr 3.00e-04  13s  patience 1/15
2026-08-15 18:00:13,448 │ INFO    │   e  3  train 0.14352  val 0.12113  ★  lr 3.00e-04  13s  patience 0/15
2026-08-15 18:00:26,250 │ INFO    │   e  4  train 0.14116  val 0.12225     lr 3.00e-04  13s  patience 1/15
2026-08-15 18:00:39,109 │ INFO    │   e  5  train 0.13828  val 0.11918  ★  lr 3.00e-04  13s  patience 0/15
2026-08-15 18:00:51,976 │ INFO    │   e  6  train 0.13696  val 0.11750  ★  lr 3.00e-04  13s  patience 0/15
2026-08-15 18:01:04,751 │ INFO    │   e  7  train 0.13539  val 0.11900     lr 3.00e-04  13s  patience 1/15
2026-08-15 18:01:17,589 │ INFO    │   e  8  train 0.13405  val 0.11200  ★  lr 3.00e-04  13s  patience 0/15
2026-08-15 18:01:30,467 │ INFO    │   e  9  train 0.13305  val 0.11018  ★  lr 3.00e-04  13s  patience 0/15
2026-08-15 18:01:43,290 │ INFO    │   e 10  train 0.13255  val 0.11344     lr 3.00e-04  13s  patience 1/15
2026-08-15 18:01:56,195 │ INFO    │   e 11  train 0.13167  val 0.10990  ★  lr 3.00e-04  13s  patience 0/15
2026-08-15 18:02:09,027 │ INFO    │   e 12  train 0.13148  val 0.11498     lr 3.00e-04  13s  patience 1/15
2026-08-15 18:02:21,882 │ INFO    │   e 13  train 0.13091  val 0.11698     lr 3.00e-04  13s  patience 2/15
2026-08-15 18:02:34,717 │ INFO    │   e 14  train 0.12875  val 0.11290     lr 3.00e-04  13s  patience 3/15
2026-08-15 18:02:47,556 │ INFO    │   e 15  train 0.13030  val 0.11017     lr 3.00e-04  13s  patience 4/15
2026-08-15 18:03:00,395 │ INFO    │   e 16  train 0.12786  val 0.11311     lr 3.00e-04  13s  patience 5/15
2026-08-15 18:03:13,230 │ INFO    │   e 17  train 0.12809  val 0.11379     lr 3.00e-04  13s  patience 6/15
2026-08-15 18:03:26,067 │ INFO    │   e 18  train 0.12814  val 0.11188     lr 1.50e-04  13s  patience 7/15
2026-08-15 18:03:38,903 │ INFO    │   e 19  train 0.12656  val 0.11141     lr 1.50e-04  13s  patience 8/15
2026-08-15 18:03:51,788 │ INFO    │   e 20  train 0.12605  val 0.10736  ★  lr 1.50e-04  13s  patience 0/15
2026-08-15 18:04:04,645 │ INFO    │   e 21  train 0.12576  val 0.10832     lr 1.50e-04  13s  patience 1/15
2026-08-15 18:04:17,491 │ INFO    │   e 22  train 0.12589  val 0.10768     lr 1.50e-04  13s  patience 2/15
2026-08-15 18:04:30,418 │ INFO    │   e 23  train 0.12561  val 0.10704  ★  lr 1.50e-04  13s  patience 0/15
2026-08-15 18:04:43,247 │ INFO    │   e 24  train 0.12539  val 0.10883     lr 1.50e-04  13s  patience 1/15
2026-08-15 18:04:56,082 │ INFO    │   e 25  train 0.12558  val 0.10996     lr 1.50e-04  13s  patience 2/15
2026-08-15 18:05:08,992 │ INFO    │   e 26  train 0.12506  val 0.10470  ★  lr 1.50e-04  13s  patience 0/15
2026-08-15 18:05:21,834 │ INFO    │   e 27  train 0.12475  val 0.10574     lr 1.50e-04  13s  patience 1/15
2026-08-15 18:05:34,650 │ INFO    │   e 28  train 0.12481  val 0.11029     lr 1.50e-04  13s  patience 2/15
2026-08-15 18:05:47,530 │ INFO    │   e 29  train 0.12471  val 0.10469  ★  lr 1.50e-04  13s  patience 0/15
2026-08-15 18:06:00,374 │ INFO    │   e 30  train 0.12454  val 0.11362     lr 1.50e-04  13s  patience 1/15
2026-08-15 18:06:13,192 │ INFO    │   e 31  train 0.12425  val 0.10491     lr 1.50e-04  13s  patience 2/15
2026-08-15 18:06:26,034 │ INFO    │   e 32  train 0.12394  val 0.10621     lr 1.50e-04  13s  patience 3/15
2026-08-15 18:06:38,920 │ INFO    │   e 33  train 0.12387  val 0.10384  ★  lr 1.50e-04  13s  patience 0/15
2026-08-15 18:06:51,750 │ INFO    │   e 34  train 0.12397  val 0.11316     lr 1.50e-04  13s  patience 1/15
2026-08-15 18:07:04,582 │ INFO    │   e 35  train 0.12357  val 0.10727     lr 1.50e-04  13s  patience 2/15
2026-08-15 18:07:17,431 │ INFO    │   e 36  train 0.12346  val 0.10519     lr 1.50e-04  13s  patience 3/15
2026-08-15 18:07:30,267 │ INFO    │   e 37  train 0.12318  val 0.10734     lr 1.50e-04  13s  patience 4/15
2026-08-15 18:07:43,090 │ INFO    │   e 38  train 0.12315  val 0.11142     lr 1.50e-04  13s  patience 5/15
2026-08-15 18:07:55,934 │ INFO    │   e 39  train 0.12337  val 0.10569     lr 1.50e-04  13s  patience 6/15
2026-08-15 18:08:08,764 │ INFO    │   e 40  train 0.12299  val 0.10517     lr 7.50e-05  13s  patience 7/15
2026-08-15 18:08:21,607 │ INFO    │   e 41  train 0.12204  val 0.10610     lr 7.50e-05  13s  patience 8/15
2026-08-15 18:08:34,456 │ INFO    │   e 42  train 0.12249  val 0.10687     lr 7.50e-05  13s  patience 9/15
2026-08-15 18:08:47,305 │ INFO    │   e 43  train 0.12188  val 0.10457     lr 7.50e-05  13s  patience 10/15
2026-08-15 18:09:00,197 │ INFO    │   e 44  train 0.12211  val 0.10891     lr 7.50e-05  13s  patience 11/15
2026-08-15 18:09:13,072 │ INFO    │   e 45  train 0.12196  val 0.10775     lr 7.50e-05  13s  patience 12/15
2026-08-15 18:09:25,917 │ INFO    │   e 46  train 0.12190  val 0.11146     lr 7.50e-05  13s  patience 13/15
2026-08-15 18:09:38,836 │ INFO    │   e 47  train 0.12183  val 0.10281  ★  lr 7.50e-05  13s  patience 0/15
2026-08-15 18:09:51,677 │ INFO    │   e 48  train 0.12154  val 0.10580     lr 7.50e-05  13s  patience 1/15
2026-08-15 18:10:04,517 │ INFO    │   e 49  train 0.12169  val 0.10529     lr 7.50e-05  13s  patience 2/15
2026-08-15 18:10:17,379 │ INFO    │   e 50  train 0.12138  val 0.10742     lr 7.50e-05  13s  patience 3/15
2026-08-15 18:10:30,230 │ INFO    │   e 51  train 0.12155  val 0.10445     lr 7.50e-05  13s  patience 4/15
2026-08-15 18:10:43,086 │ INFO    │   e 52  train 0.12138  val 0.10527     lr 7.50e-05  13s  patience 5/15
2026-08-15 18:10:55,926 │ INFO    │   e 53  train 0.12148  val 0.10876     lr 7.50e-05  13s  patience 6/15
2026-08-15 18:11:08,763 │ INFO    │   e 54  train 0.12122  val 0.10370     lr 3.75e-05  13s  patience 7/15
2026-08-15 18:11:21,591 │ INFO    │   e 55  train 0.12096  val 0.10664     lr 3.75e-05  13s  patience 8/15
2026-08-15 18:11:34,428 │ INFO    │   e 56  train 0.12111  val 0.10555     lr 3.75e-05  13s  patience 9/15
2026-08-15 18:11:47,258 │ INFO    │   e 57  train 0.12085  val 0.10343     lr 3.75e-05  13s  patience 10/15
2026-08-15 18:12:00,093 │ INFO    │   e 58  train 0.12081  val 0.10398     lr 3.75e-05  13s  patience 11/15
2026-08-15 18:12:12,931 │ INFO    │   e 59  train 0.12078  val 0.10367     lr 3.75e-05  13s  patience 12/15
2026-08-15 18:12:25,759 │ INFO    │   e 60  train 0.12074  val 0.10535     lr 3.75e-05  13s  patience 13/15
2026-08-15 18:12:38,602 │ INFO    │   e 61  train 0.12082  val 0.10669     lr 1.87e-05  13s  patience 14/15
2026-08-15 18:12:51,431 │ INFO    │   e 62  train 0.12058  val 0.10499     lr 1.87e-05  13s  patience 15/15
2026-08-15 18:12:51,518 │ INFO    │   ⏹ early stop at epoch 63 (best 0.10281 @ epoch 47)
2026-08-15 18:12:51,599 │ INFO    │ ✔ finished [CALM-Net delta<=1] best_val=0.10281 @ epoch 47
2026-08-15 18:12:57,982 │ INFO    │ ▶ training [CALM-Net delta<=2] — 3,640 train / 364 tune windows, 114 batches/epoch, from epoch 0
2026-08-15 18:13:11,350 │ INFO    │   e  0  train 0.25645  val 0.15596  ★  lr 3.00e-04  13s  patience 0/15
2026-08-15 18:13:24,778 │ INFO    │   e  1  train 0.16278  val 0.12974  ★  lr 3.00e-04  13s  patience 0/15
2026-08-15 18:13:38,152 │ INFO    │   e  2  train 0.14804  val 0.13311     lr 3.00e-04  13s  patience 1/15
2026-08-15 18:13:51,575 │ INFO    │   e  3  train 0.14264  val 0.12080  ★  lr 3.00e-04  13s  patience 0/15
2026-08-15 18:14:04,893 │ INFO    │   e  4  train 0.13975  val 0.12212     lr 3.00e-04  13s  patience 1/15
2026-08-15 18:14:18,245 │ INFO    │   e  5  train 0.13725  val 0.11547  ★  lr 3.00e-04  13s  patience 0/15
2026-08-15 18:14:31,648 │ INFO    │   e  6  train 0.13634  val 0.11521  ★  lr 3.00e-04  13s  patience 0/15
2026-08-15 18:14:45,002 │ INFO    │   e  7  train 0.13475  val 0.11741     lr 3.00e-04  13s  patience 1/15
2026-08-15 18:14:58,428 │ INFO    │   e  8  train 0.13359  val 0.11311  ★  lr 3.00e-04  13s  patience 0/15
2026-08-15 18:15:11,867 │ INFO    │   e  9  train 0.13251  val 0.10992  ★  lr 3.00e-04  13s  patience 0/15
2026-08-15 18:15:25,184 │ INFO    │   e 10  train 0.13160  val 0.11352     lr 3.00e-04  13s  patience 1/15
2026-08-15 18:15:38,464 │ INFO    │   e 11  train 0.13116  val 0.11142     lr 3.00e-04  13s  patience 2/15
2026-08-15 18:15:51,789 │ INFO    │   e 12  train 0.13091  val 0.11398     lr 3.00e-04  13s  patience 3/15
2026-08-15 18:16:05,141 │ INFO    │   e 13  train 0.13024  val 0.11418     lr 3.00e-04  13s  patience 4/15
2026-08-15 18:16:18,567 │ INFO    │   e 14  train 0.12824  val 0.10963  ★  lr 3.00e-04  13s  patience 0/15
2026-08-15 18:16:31,997 │ INFO    │   e 15  train 0.12973  val 0.10881  ★  lr 3.00e-04  13s  patience 0/15
2026-08-15 18:16:45,312 │ INFO    │   e 16  train 0.12756  val 0.11270     lr 3.00e-04  13s  patience 1/15
2026-08-15 18:16:58,599 │ INFO    │   e 17  train 0.12764  val 0.11175     lr 3.00e-04  13s  patience 2/15
2026-08-15 18:17:11,893 │ INFO    │   e 18  train 0.12766  val 0.11178     lr 3.00e-04  13s  patience 3/15
2026-08-15 18:17:25,226 │ INFO    │   e 19  train 0.12742  val 0.10861  ★  lr 3.00e-04  13s  patience 0/15
2026-08-15 18:17:38,482 │ INFO    │   e 20  train 0.12706  val 0.11008     lr 3.00e-04  13s  patience 1/15
2026-08-15 18:17:51,801 │ INFO    │   e 21  train 0.12595  val 0.10898     lr 3.00e-04  13s  patience 2/15
2026-08-15 18:18:05,197 │ INFO    │   e 22  train 0.12655  val 0.10621  ★  lr 3.00e-04  13s  patience 0/15
2026-08-15 18:18:18,539 │ INFO    │   e 23  train 0.12549  val 0.10769     lr 3.00e-04  13s  patience 1/15
2026-08-15 18:18:31,897 │ INFO    │   e 24  train 0.12510  val 0.10859     lr 3.00e-04  13s  patience 2/15
2026-08-15 18:18:45,267 │ INFO    │   e 25  train 0.12507  val 0.10886     lr 3.00e-04  13s  patience 3/15
2026-08-15 18:18:58,680 │ INFO    │   e 26  train 0.12451  val 0.10456  ★  lr 3.00e-04  13s  patience 0/15
2026-08-15 18:19:12,022 │ INFO    │   e 27  train 0.12431  val 0.10599     lr 3.00e-04  13s  patience 1/15
2026-08-15 18:19:25,391 │ INFO    │   e 28  train 0.12456  val 0.11122     lr 3.00e-04  13s  patience 2/15
2026-08-15 18:19:38,731 │ INFO    │   e 29  train 0.12388  val 0.10677     lr 3.00e-04  13s  patience 3/15
2026-08-15 18:19:52,048 │ INFO    │   e 30  train 0.12414  val 0.11338     lr 3.00e-04  13s  patience 4/15
2026-08-15 18:20:05,367 │ INFO    │   e 31  train 0.12351  val 0.10663     lr 3.00e-04  13s  patience 5/15
2026-08-15 18:20:18,711 │ INFO    │   e 32  train 0.12298  val 0.10902     lr 3.00e-04  13s  patience 6/15
2026-08-15 18:20:32,094 │ INFO    │   e 33  train 0.12310  val 0.10324  ★  lr 3.00e-04  13s  patience 0/15
2026-08-15 18:20:45,441 │ INFO    │   e 34  train 0.12320  val 0.10831     lr 3.00e-04  13s  patience 1/15
2026-08-15 18:20:58,780 │ INFO    │   e 35  train 0.12305  val 0.10496     lr 3.00e-04  13s  patience 2/15
2026-08-15 18:21:12,125 │ INFO    │   e 36  train 0.12278  val 0.10521     lr 3.00e-04  13s  patience 3/15
2026-08-15 18:21:25,485 │ INFO    │   e 37  train 0.12234  val 0.10455     lr 3.00e-04  13s  patience 4/15
2026-08-15 18:21:38,820 │ INFO    │   e 38  train 0.12216  val 0.11469     lr 3.00e-04  13s  patience 5/15
2026-08-15 18:21:52,176 │ INFO    │   e 39  train 0.12253  val 0.10374     lr 3.00e-04  13s  patience 6/15
2026-08-15 18:22:05,510 │ INFO    │   e 40  train 0.12157  val 0.10692     lr 1.50e-04  13s  patience 7/15
2026-08-15 18:22:18,928 │ INFO    │   e 41  train 0.12057  val 0.10290  ★  lr 1.50e-04  13s  patience 0/15
2026-08-15 18:22:32,275 │ INFO    │   e 42  train 0.12100  val 0.10325     lr 1.50e-04  13s  patience 1/15
2026-08-15 18:22:45,632 │ INFO    │   e 43  train 0.12042  val 0.10498     lr 1.50e-04  13s  patience 2/15
2026-08-15 18:22:58,972 │ INFO    │   e 44  train 0.12050  val 0.10360     lr 1.50e-04  13s  patience 3/15
2026-08-15 18:23:12,321 │ INFO    │   e 45  train 0.12028  val 0.10429     lr 1.50e-04  13s  patience 4/15
2026-08-15 18:23:25,669 │ INFO    │   e 46  train 0.11999  val 0.10369     lr 1.50e-04  13s  patience 5/15
2026-08-15 18:23:39,065 │ INFO    │   e 47  train 0.12030  val 0.10139  ★  lr 1.50e-04  13s  patience 0/15
2026-08-15 18:23:52,444 │ INFO    │   e 48  train 0.12005  val 0.10207     lr 1.50e-04  13s  patience 1/15
2026-08-15 18:24:05,824 │ INFO    │   e 49  train 0.12020  val 0.10514     lr 1.50e-04  13s  patience 2/15
2026-08-15 18:24:19,181 │ INFO    │   e 50  train 0.11978  val 0.10458     lr 1.50e-04  13s  patience 3/15
2026-08-15 18:24:32,543 │ INFO    │   e 51  train 0.12007  val 0.10317     lr 1.50e-04  13s  patience 4/15
2026-08-15 18:24:45,900 │ INFO    │   e 52  train 0.11979  val 0.10207     lr 1.50e-04  13s  patience 5/15
2026-08-15 18:24:59,318 │ INFO    │   e 53  train 0.11974  val 0.10026  ★  lr 1.50e-04  13s  patience 0/15
2026-08-15 18:25:12,679 │ INFO    │   e 54  train 0.11983  val 0.10291     lr 1.50e-04  13s  patience 1/15
2026-08-15 18:25:26,033 │ INFO    │   e 55  train 0.11997  val 0.10311     lr 1.50e-04  13s  patience 2/15
2026-08-15 18:25:39,403 │ INFO    │   e 56  train 0.12004  val 0.10280     lr 1.50e-04  13s  patience 3/15
2026-08-15 18:25:52,770 │ INFO    │   e 57  train 0.11937  val 0.10224     lr 1.50e-04  13s  patience 4/15
2026-08-15 18:26:06,147 │ INFO    │   e 58  train 0.11931  val 0.10476     lr 1.50e-04  13s  patience 5/15
2026-08-15 18:26:19,540 │ INFO    │   e 59  train 0.11935  val 0.10153     lr 1.50e-04  13s  patience 6/15
2026-08-15 18:26:32,904 │ INFO    │   e 60  train 0.11933  val 0.10132     lr 7.50e-05  13s  patience 7/15
2026-08-15 18:26:46,255 │ INFO    │   e 61  train 0.11871  val 0.10361     lr 7.50e-05  13s  patience 8/15
2026-08-15 18:26:59,606 │ INFO    │   e 62  train 0.11873  val 0.10078     lr 7.50e-05  13s  patience 9/15
2026-08-15 18:27:12,951 │ INFO    │   e 63  train 0.11844  val 0.10164     lr 7.50e-05  13s  patience 10/15
2026-08-15 18:27:26,284 │ INFO    │   e 64  train 0.11843  val 0.10058     lr 7.50e-05  13s  patience 11/15
2026-08-15 18:27:39,606 │ INFO    │   e 65  train 0.11855  val 0.10029     lr 7.50e-05  13s  patience 12/15
2026-08-15 18:27:52,931 │ INFO    │   e 66  train 0.11828  val 0.10145     lr 7.50e-05  13s  patience 13/15
2026-08-15 18:28:06,262 │ INFO    │   e 67  train 0.11841  val 0.10219     lr 3.75e-05  13s  patience 14/15
2026-08-15 18:28:19,601 │ INFO    │   e 68  train 0.11803  val 0.10061     lr 3.75e-05  13s  patience 15/15
2026-08-15 18:28:19,676 │ INFO    │   ⏹ early stop at epoch 69 (best 0.10026 @ epoch 53)
2026-08-15 18:28:19,752 │ INFO    │ ✔ finished [CALM-Net delta<=2] best_val=0.10026 @ epoch 53
2026-08-15 18:28:26,122 │ INFO    │ ▶ training [MC-Dropout] — 3,640 train / 364 tune windows, 114 batches/epoch, from epoch 0
2026-08-15 18:28:39,973 │ INFO    │   e  0  train 0.19376  val 0.11940  ★  lr 3.00e-04  14s  patience 0/15
2026-08-15 18:28:53,890 │ INFO    │   e  1  train 0.12920  val 0.10595  ★  lr 3.00e-04  14s  patience 0/15
2026-08-15 18:29:07,797 │ INFO    │   e  2  train 0.11953  val 0.11488     lr 3.00e-04  14s  patience 1/15
2026-08-15 18:29:21,738 │ INFO    │   e  3  train 0.11537  val 0.09722  ★  lr 3.00e-04  14s  patience 0/15
2026-08-15 18:29:35,644 │ INFO    │   e  4  train 0.11332  val 0.09673  ★  lr 3.00e-04  14s  patience 0/15
2026-08-15 18:29:49,555 │ INFO    │   e  5  train 0.11072  val 0.09543  ★  lr 3.00e-04  14s  patience 0/15
2026-08-15 18:30:03,430 │ INFO    │   e  6  train 0.10993  val 0.09439  ★  lr 3.00e-04  14s  patience 0/15
2026-08-15 18:30:17,350 │ INFO    │   e  7  train 0.10891  val 0.09386  ★  lr 3.00e-04  14s  patience 0/15
2026-08-15 18:30:31,269 │ INFO    │   e  8  train 0.10819  val 0.08842  ★  lr 3.00e-04  14s  patience 0/15
2026-08-15 18:30:45,224 │ INFO    │   e  9  train 0.10762  val 0.08799  ★  lr 3.00e-04  14s  patience 0/15
2026-08-15 18:30:59,104 │ INFO    │   e 10  train 0.10710  val 0.09160     lr 3.00e-04  14s  patience 1/15
2026-08-15 18:31:13,062 │ INFO    │   e 11  train 0.10664  val 0.08732  ★  lr 3.00e-04  14s  patience 0/15
2026-08-15 18:31:26,931 │ INFO    │   e 12  train 0.10599  val 0.09699     lr 3.00e-04  14s  patience 1/15
2026-08-15 18:31:40,803 │ INFO    │   e 13  train 0.10629  val 0.09403     lr 3.00e-04  14s  patience 2/15
2026-08-15 18:31:54,680 │ INFO    │   e 14  train 0.10424  val 0.08991     lr 3.00e-04  14s  patience 3/15
2026-08-15 18:32:08,555 │ INFO    │   e 15  train 0.10583  val 0.08811     lr 3.00e-04  14s  patience 4/15
2026-08-15 18:32:22,438 │ INFO    │   e 16  train 0.10365  val 0.09291     lr 3.00e-04  14s  patience 5/15
2026-08-15 18:32:36,316 │ INFO    │   e 17  train 0.10395  val 0.09121     lr 3.00e-04  14s  patience 6/15
2026-08-15 18:32:50,169 │ INFO    │   e 18  train 0.10412  val 0.09225     lr 1.50e-04  14s  patience 7/15
2026-08-15 18:33:04,020 │ INFO    │   e 19  train 0.10262  val 0.09034     lr 1.50e-04  14s  patience 8/15
2026-08-15 18:33:17,946 │ INFO    │   e 20  train 0.10231  val 0.08631  ★  lr 1.50e-04  14s  patience 0/15
2026-08-15 18:33:31,876 │ INFO    │   e 21  train 0.10204  val 0.08582  ★  lr 1.50e-04  14s  patience 0/15
2026-08-15 18:33:45,806 │ INFO    │   e 22  train 0.10212  val 0.08514  ★  lr 1.50e-04  14s  patience 0/15
2026-08-15 18:33:59,669 │ INFO    │   e 23  train 0.10194  val 0.08568     lr 1.50e-04  14s  patience 1/15
2026-08-15 18:34:13,537 │ INFO    │   e 24  train 0.10179  val 0.08785     lr 1.50e-04  14s  patience 2/15
2026-08-15 18:34:27,413 │ INFO    │   e 25  train 0.10201  val 0.08900     lr 1.50e-04  14s  patience 3/15
2026-08-15 18:34:41,370 │ INFO    │   e 26  train 0.10166  val 0.08385  ★  lr 1.50e-04  14s  patience 0/15
2026-08-15 18:34:55,273 │ INFO    │   e 27  train 0.10141  val 0.08539     lr 1.50e-04  14s  patience 1/15
2026-08-15 18:35:09,150 │ INFO    │   e 28  train 0.10137  val 0.08902     lr 1.50e-04  14s  patience 2/15
2026-08-15 18:35:23,097 │ INFO    │   e 29  train 0.10111  val 0.08372  ★  lr 1.50e-04  14s  patience 0/15
2026-08-15 18:35:36,972 │ INFO    │   e 30  train 0.10128  val 0.09166     lr 1.50e-04  14s  patience 1/15
2026-08-15 18:35:50,833 │ INFO    │   e 31  train 0.10094  val 0.08375     lr 1.50e-04  14s  patience 2/15
2026-08-15 18:36:04,701 │ INFO    │   e 32  train 0.10049  val 0.08471     lr 1.50e-04  14s  patience 3/15
2026-08-15 18:36:18,556 │ INFO    │   e 33  train 0.10064  val 0.08431     lr 1.50e-04  14s  patience 4/15
2026-08-15 18:36:32,437 │ INFO    │   e 34  train 0.10065  val 0.09183     lr 1.50e-04  14s  patience 5/15
2026-08-15 18:36:46,295 │ INFO    │   e 35  train 0.10047  val 0.08604     lr 1.50e-04  14s  patience 6/15
2026-08-15 18:37:00,163 │ INFO    │   e 36  train 0.10060  val 0.08466     lr 7.50e-05  14s  patience 7/15
2026-08-15 18:37:14,025 │ INFO    │   e 37  train 0.09983  val 0.08640     lr 7.50e-05  14s  patience 8/15
2026-08-15 18:37:27,897 │ INFO    │   e 38  train 0.09952  val 0.08450     lr 7.50e-05  14s  patience 9/15
2026-08-15 18:37:41,777 │ INFO    │   e 39  train 0.09969  val 0.08607     lr 7.50e-05  14s  patience 10/15
2026-08-15 18:37:55,693 │ INFO    │   e 40  train 0.09983  val 0.08307  ★  lr 7.50e-05  14s  patience 0/15
2026-08-15 18:38:09,580 │ INFO    │   e 41  train 0.09961  val 0.08454     lr 7.50e-05  14s  patience 1/15
2026-08-15 18:38:23,460 │ INFO    │   e 42  train 0.09974  val 0.08551     lr 7.50e-05  14s  patience 2/15
2026-08-15 18:38:37,341 │ INFO    │   e 43  train 0.09928  val 0.08353     lr 7.50e-05  14s  patience 3/15
2026-08-15 18:38:51,241 │ INFO    │   e 44  train 0.09947  val 0.08676     lr 7.50e-05  14s  patience 4/15
2026-08-15 18:39:05,143 │ INFO    │   e 45  train 0.09947  val 0.08633     lr 7.50e-05  14s  patience 5/15
2026-08-15 18:39:19,028 │ INFO    │   e 46  train 0.09926  val 0.08892     lr 7.50e-05  14s  patience 6/15
2026-08-15 18:39:32,978 │ INFO    │   e 47  train 0.09936  val 0.08279  ★  lr 7.50e-05  14s  patience 0/15
2026-08-15 18:39:46,879 │ INFO    │   e 48  train 0.09907  val 0.08633     lr 7.50e-05  14s  patience 1/15
2026-08-15 18:40:00,745 │ INFO    │   e 49  train 0.09906  val 0.08475     lr 7.50e-05  14s  patience 2/15
2026-08-15 18:40:14,615 │ INFO    │   e 50  train 0.09891  val 0.08529     lr 7.50e-05  14s  patience 3/15
2026-08-15 18:40:28,467 │ INFO    │   e 51  train 0.09897  val 0.08372     lr 7.50e-05  14s  patience 4/15
2026-08-15 18:40:42,336 │ INFO    │   e 52  train 0.09894  val 0.08400     lr 7.50e-05  14s  patience 5/15
2026-08-15 18:40:56,220 │ INFO    │   e 53  train 0.09905  val 0.08618     lr 7.50e-05  14s  patience 6/15
2026-08-15 18:41:10,069 │ INFO    │   e 54  train 0.09881  val 0.08321     lr 3.75e-05  14s  patience 7/15
2026-08-15 18:41:23,937 │ INFO    │   e 55  train 0.09863  val 0.08452     lr 3.75e-05  14s  patience 8/15
2026-08-15 18:41:37,811 │ INFO    │   e 56  train 0.09863  val 0.08399     lr 3.75e-05  14s  patience 9/15
2026-08-15 18:41:51,672 │ INFO    │   e 57  train 0.09860  val 0.08345     lr 3.75e-05  14s  patience 10/15
2026-08-15 18:42:05,533 │ INFO    │   e 58  train 0.09850  val 0.08311     lr 3.75e-05  14s  patience 11/15
2026-08-15 18:42:19,485 │ INFO    │   e 59  train 0.09854  val 0.08264  ★  lr 3.75e-05  14s  patience 0/15
2026-08-15 18:42:33,359 │ INFO    │   e 60  train 0.09840  val 0.08465     lr 3.75e-05  14s  patience 1/15
2026-08-15 18:42:47,227 │ INFO    │   e 61  train 0.09847  val 0.08463     lr 3.75e-05  14s  patience 2/15
2026-08-15 18:43:01,087 │ INFO    │   e 62  train 0.09847  val 0.08398     lr 3.75e-05  14s  patience 3/15
2026-08-15 18:43:14,950 │ INFO    │   e 63  train 0.09825  val 0.08286     lr 3.75e-05  14s  patience 4/15
2026-08-15 18:43:28,816 │ INFO    │   e 64  train 0.09829  val 0.08286     lr 3.75e-05  14s  patience 5/15
2026-08-15 18:43:42,682 │ INFO    │   e 65  train 0.09840  val 0.08635     lr 3.75e-05  14s  patience 6/15
2026-08-15 18:43:56,606 │ INFO    │   e 66  train 0.09838  val 0.08185  ★  lr 3.75e-05  14s  patience 0/15
2026-08-15 18:44:10,452 │ INFO    │   e 67  train 0.09824  val 0.08331     lr 3.75e-05  14s  patience 1/15
2026-08-15 18:44:24,339 │ INFO    │   e 68  train 0.09814  val 0.08279     lr 3.75e-05  14s  patience 2/15
2026-08-15 18:44:38,219 │ INFO    │   e 69  train 0.09807  val 0.08446     lr 3.75e-05  14s  patience 3/15
2026-08-15 18:44:52,101 │ INFO    │   e 70  train 0.09827  val 0.08321     lr 3.75e-05  14s  patience 4/15
2026-08-15 18:45:05,965 │ INFO    │   e 71  train 0.09810  val 0.08455     lr 3.75e-05  14s  patience 5/15
2026-08-15 18:45:19,830 │ INFO    │   e 72  train 0.09813  val 0.08302     lr 3.75e-05  14s  patience 6/15
2026-08-15 18:45:33,702 │ INFO    │   e 73  train 0.09814  val 0.08291     lr 1.87e-05  14s  patience 7/15
2026-08-15 18:45:47,557 │ INFO    │   e 74  train 0.09797  val 0.08415     lr 1.87e-05  14s  patience 8/15
2026-08-15 18:46:01,407 │ INFO    │   e 75  train 0.09791  val 0.08296     lr 1.87e-05  14s  patience 9/15
2026-08-15 18:46:15,276 │ INFO    │   e 76  train 0.09799  val 0.08385     lr 1.87e-05  14s  patience 10/15
2026-08-15 18:46:29,143 │ INFO    │   e 77  train 0.09801  val 0.08384     lr 1.87e-05  14s  patience 11/15
2026-08-15 18:46:43,027 │ INFO    │   e 78  train 0.09783  val 0.08226     lr 1.87e-05  14s  patience 12/15
2026-08-15 18:46:56,910 │ INFO    │   e 79  train 0.09779  val 0.08375     lr 1.87e-05  14s  patience 13/15
2026-08-15 18:46:57,072 │ INFO    │ ✔ finished [MC-Dropout] best_val=0.08185 @ epoch 66
2026-08-15 18:48:50,685 │ INFO    │ ▶ training [Quantile Reg.] — 3,640 train / 364 tune windows, 114 batches/epoch, from epoch 0
2026-08-15 18:49:04,557 │ INFO    │   e  0  train 0.24715  val 0.15651  ★  lr 3.00e-04  14s  patience 0/15
2026-08-15 18:49:18,576 │ INFO    │   e  1  train 0.16301  val 0.13245  ★  lr 3.00e-04  14s  patience 0/15
2026-08-15 18:49:32,560 │ INFO    │   e  2  train 0.15217  val 0.14318     lr 3.00e-04  14s  patience 1/15
2026-08-15 18:49:46,602 │ INFO    │   e  3  train 0.14495  val 0.12276  ★  lr 3.00e-04  14s  patience 0/15
2026-08-15 18:50:00,584 │ INFO    │   e  4  train 0.14278  val 0.12262  ★  lr 3.00e-04  14s  patience 0/15
2026-08-15 18:50:14,527 │ INFO    │   e  5  train 0.13895  val 0.12077  ★  lr 3.00e-04  14s  patience 0/15
2026-08-15 18:50:28,449 │ INFO    │   e  6  train 0.13776  val 0.11872  ★  lr 3.00e-04  14s  patience 0/15
2026-08-15 18:50:42,337 │ INFO    │   e  7  train 0.13642  val 0.12031     lr 3.00e-04  14s  patience 1/15
2026-08-15 18:50:56,293 │ INFO    │   e  8  train 0.13503  val 0.11112  ★  lr 3.00e-04  14s  patience 0/15
2026-08-15 18:51:10,296 │ INFO    │   e  9  train 0.13397  val 0.11096  ★  lr 3.00e-04  14s  patience 0/15
2026-08-15 18:51:24,235 │ INFO    │   e 10  train 0.13336  val 0.11535     lr 3.00e-04  14s  patience 1/15
2026-08-15 18:51:38,205 │ INFO    │   e 11  train 0.13250  val 0.11034  ★  lr 3.00e-04  14s  patience 0/15
2026-08-15 18:51:52,129 │ INFO    │   e 12  train 0.13161  val 0.11728     lr 3.00e-04  14s  patience 1/15
2026-08-15 18:52:06,074 │ INFO    │   e 13  train 0.13188  val 0.11620     lr 3.00e-04  14s  patience 2/15
2026-08-15 18:52:19,998 │ INFO    │   e 14  train 0.12910  val 0.11272     lr 3.00e-04  14s  patience 3/15
2026-08-15 18:52:33,973 │ INFO    │   e 15  train 0.13147  val 0.10821  ★  lr 3.00e-04  14s  patience 0/15
2026-08-15 18:52:47,892 │ INFO    │   e 16  train 0.12822  val 0.11492     lr 3.00e-04  14s  patience 1/15
2026-08-15 18:53:01,807 │ INFO    │   e 17  train 0.12860  val 0.11445     lr 3.00e-04  14s  patience 2/15
2026-08-15 18:53:15,732 │ INFO    │   e 18  train 0.12866  val 0.11698     lr 3.00e-04  14s  patience 3/15
2026-08-15 18:53:29,636 │ INFO    │   e 19  train 0.12806  val 0.11114     lr 3.00e-04  14s  patience 4/15
2026-08-15 18:53:43,549 │ INFO    │   e 20  train 0.12754  val 0.11102     lr 3.00e-04  14s  patience 5/15
2026-08-15 18:53:57,518 │ INFO    │   e 21  train 0.12659  val 0.10812  ★  lr 3.00e-04  14s  patience 0/15
2026-08-15 18:54:11,485 │ INFO    │   e 22  train 0.12695  val 0.10673  ★  lr 3.00e-04  14s  patience 0/15
2026-08-15 18:54:25,435 │ INFO    │   e 23  train 0.12649  val 0.10629  ★  lr 3.00e-04  14s  patience 0/15
2026-08-15 18:54:39,348 │ INFO    │   e 24  train 0.12588  val 0.11020     lr 3.00e-04  14s  patience 1/15
2026-08-15 18:54:53,284 │ INFO    │   e 25  train 0.12548  val 0.10686     lr 3.00e-04  14s  patience 2/15
2026-08-15 18:55:07,289 │ INFO    │   e 26  train 0.12494  val 0.10392  ★  lr 3.00e-04  14s  patience 0/15
2026-08-15 18:55:21,224 │ INFO    │   e 27  train 0.12471  val 0.10765     lr 3.00e-04  14s  patience 1/15
2026-08-15 18:55:35,157 │ INFO    │   e 28  train 0.12483  val 0.11284     lr 3.00e-04  14s  patience 2/15
2026-08-15 18:55:49,104 │ INFO    │   e 29  train 0.12425  val 0.10645     lr 3.00e-04  14s  patience 3/15
2026-08-15 18:56:03,034 │ INFO    │   e 30  train 0.12497  val 0.11643     lr 3.00e-04  14s  patience 4/15
2026-08-15 18:56:16,963 │ INFO    │   e 31  train 0.12398  val 0.10736     lr 3.00e-04  14s  patience 5/15
2026-08-15 18:56:30,901 │ INFO    │   e 32  train 0.12334  val 0.10870     lr 3.00e-04  14s  patience 6/15
2026-08-15 18:56:44,882 │ INFO    │   e 33  train 0.12343  val 0.10333  ★  lr 3.00e-04  14s  patience 0/15
2026-08-15 18:56:58,790 │ INFO    │   e 34  train 0.12346  val 0.10859     lr 3.00e-04  14s  patience 1/15
2026-08-15 18:57:12,690 │ INFO    │   e 35  train 0.12338  val 0.10436     lr 3.00e-04  14s  patience 2/15
2026-08-15 18:57:26,614 │ INFO    │   e 36  train 0.12334  val 0.10475     lr 3.00e-04  14s  patience 3/15
2026-08-15 18:57:40,536 │ INFO    │   e 37  train 0.12260  val 0.10577     lr 3.00e-04  14s  patience 4/15
2026-08-15 18:57:54,452 │ INFO    │   e 38  train 0.12252  val 0.11409     lr 3.00e-04  14s  patience 5/15
2026-08-15 18:58:08,361 │ INFO    │   e 39  train 0.12304  val 0.10453     lr 3.00e-04  14s  patience 6/15
2026-08-15 18:58:22,262 │ INFO    │   e 40  train 0.12216  val 0.10724     lr 1.50e-04  14s  patience 7/15
2026-08-15 18:58:36,160 │ INFO    │   e 41  train 0.12116  val 0.10338     lr 1.50e-04  14s  patience 8/15
2026-08-15 18:58:50,120 │ INFO    │   e 42  train 0.12163  val 0.10299  ★  lr 1.50e-04  14s  patience 0/15
2026-08-15 18:59:04,044 │ INFO    │   e 43  train 0.12093  val 0.10437     lr 1.50e-04  14s  patience 1/15
2026-08-15 18:59:17,937 │ INFO    │   e 44  train 0.12095  val 0.10425     lr 1.50e-04  14s  patience 2/15
2026-08-15 18:59:31,853 │ INFO    │   e 45  train 0.12086  val 0.10346     lr 1.50e-04  14s  patience 3/15
2026-08-15 18:59:45,752 │ INFO    │   e 46  train 0.12040  val 0.10604     lr 1.50e-04  14s  patience 4/15
2026-08-15 18:59:59,703 │ INFO    │   e 47  train 0.12071  val 0.10219  ★  lr 1.50e-04  14s  patience 0/15
2026-08-15 19:00:13,618 │ INFO    │   e 48  train 0.12045  val 0.10224     lr 1.50e-04  14s  patience 1/15
2026-08-15 19:00:27,538 │ INFO    │   e 49  train 0.12057  val 0.10456     lr 1.50e-04  14s  patience 2/15
2026-08-15 19:00:41,457 │ INFO    │   e 50  train 0.12035  val 0.10574     lr 1.50e-04  14s  patience 3/15
2026-08-15 19:00:55,363 │ INFO    │   e 51  train 0.12052  val 0.10475     lr 1.50e-04  14s  patience 4/15
2026-08-15 19:01:09,281 │ INFO    │   e 52  train 0.12018  val 0.10266     lr 1.50e-04  14s  patience 5/15
2026-08-15 19:01:23,291 │ INFO    │   e 53  train 0.12030  val 0.10170  ★  lr 1.50e-04  14s  patience 0/15
2026-08-15 19:01:37,226 │ INFO    │   e 54  train 0.12023  val 0.10481     lr 1.50e-04  14s  patience 1/15
2026-08-15 19:01:51,180 │ INFO    │   e 55  train 0.12062  val 0.10262     lr 1.50e-04  14s  patience 2/15
2026-08-15 19:02:05,127 │ INFO    │   e 56  train 0.12060  val 0.10473     lr 1.50e-04  14s  patience 3/15
2026-08-15 19:02:19,068 │ INFO    │   e 57  train 0.11985  val 0.10203     lr 1.50e-04  14s  patience 4/15
2026-08-15 19:02:32,999 │ INFO    │   e 58  train 0.11975  val 0.10274     lr 1.50e-04  14s  patience 5/15
2026-08-15 19:02:46,927 │ INFO    │   e 59  train 0.11990  val 0.10235     lr 1.50e-04  14s  patience 6/15
2026-08-15 19:03:00,875 │ INFO    │   e 60  train 0.11977  val 0.10223     lr 7.50e-05  14s  patience 7/15
2026-08-15 19:03:14,813 │ INFO    │   e 61  train 0.11924  val 0.10441     lr 7.50e-05  14s  patience 8/15
2026-08-15 19:03:28,818 │ INFO    │   e 62  train 0.11920  val 0.10102  ★  lr 7.50e-05  14s  patience 0/15
2026-08-15 19:03:42,731 │ INFO    │   e 63  train 0.11888  val 0.10189     lr 7.50e-05  14s  patience 1/15
2026-08-15 19:03:56,647 │ INFO    │   e 64  train 0.11885  val 0.10125     lr 7.50e-05  14s  patience 2/15
2026-08-15 19:04:10,563 │ INFO    │   e 65  train 0.11920  val 0.10112     lr 7.50e-05  14s  patience 3/15
2026-08-15 19:04:24,544 │ INFO    │   e 66  train 0.11882  val 0.10063  ★  lr 7.50e-05  14s  patience 0/15
2026-08-15 19:04:38,437 │ INFO    │   e 67  train 0.11884  val 0.10319     lr 7.50e-05  14s  patience 1/15
2026-08-15 19:04:52,355 │ INFO    │   e 68  train 0.11881  val 0.10154     lr 7.50e-05  14s  patience 2/15
2026-08-15 19:05:06,271 │ INFO    │   e 69  train 0.11864  val 0.10188     lr 7.50e-05  14s  patience 3/15
2026-08-15 19:05:20,189 │ INFO    │   e 70  train 0.11873  val 0.10221     lr 7.50e-05  14s  patience 4/15
2026-08-15 19:05:34,112 │ INFO    │   e 71  train 0.11860  val 0.10234     lr 7.50e-05  14s  patience 5/15
2026-08-15 19:05:48,031 │ INFO    │   e 72  train 0.11850  val 0.10329     lr 7.50e-05  14s  patience 6/15
2026-08-15 19:06:01,971 │ INFO    │   e 73  train 0.11876  val 0.10097     lr 3.75e-05  14s  patience 7/15
2026-08-15 19:06:15,890 │ INFO    │   e 74  train 0.11825  val 0.10204     lr 3.75e-05  14s  patience 8/15
2026-08-15 19:06:29,880 │ INFO    │   e 75  train 0.11818  val 0.10060  ★  lr 3.75e-05  14s  patience 0/15
2026-08-15 19:06:43,814 │ INFO    │   e 76  train 0.11835  val 0.10356     lr 3.75e-05  14s  patience 1/15
2026-08-15 19:06:57,785 │ INFO    │   e 77  train 0.11838  val 0.10112     lr 3.75e-05  14s  patience 2/15
2026-08-15 19:07:11,707 │ INFO    │   e 78  train 0.11813  val 0.10087     lr 3.75e-05  14s  patience 3/15
2026-08-15 19:07:25,644 │ INFO    │   e 79  train 0.11805  val 0.10156     lr 3.75e-05  14s  patience 4/15
2026-08-15 19:07:25,829 │ INFO    │ ✔ finished [Quantile Reg.] best_val=0.10060 @ epoch 75
2026-08-15 19:07:32,287 │ INFO    │ ▶ training [Ensemble member 0] — 3,640 train / 364 tune windows, 114 batches/epoch, from epoch 0
2026-08-15 19:07:46,157 │ INFO    │   e  0  train 0.19463  val 0.12673  ★  lr 3.00e-04  14s  patience 0/15
2026-08-15 19:08:00,094 │ INFO    │   e  1  train 0.12982  val 0.11048  ★  lr 3.00e-04  14s  patience 0/15
2026-08-15 19:08:13,990 │ INFO    │   e  2  train 0.11869  val 0.11094     lr 3.00e-04  14s  patience 1/15
2026-08-15 19:08:27,913 │ INFO    │   e  3  train 0.11422  val 0.09702  ★  lr 3.00e-04  14s  patience 0/15
2026-08-15 19:08:41,806 │ INFO    │   e  4  train 0.11217  val 0.09644  ★  lr 3.00e-04  14s  patience 0/15
2026-08-15 19:08:55,693 │ INFO    │   e  5  train 0.10981  val 0.09360  ★  lr 3.00e-04  14s  patience 0/15
2026-08-15 19:09:09,496 │ INFO    │   e  6  train 0.10914  val 0.09382     lr 3.00e-04  14s  patience 1/15
2026-08-15 19:09:23,380 │ INFO    │   e  7  train 0.10777  val 0.09014  ★  lr 3.00e-04  14s  patience 0/15
2026-08-15 19:09:37,258 │ INFO    │   e  8  train 0.10702  val 0.08860  ★  lr 3.00e-04  14s  patience 0/15
2026-08-15 19:09:51,141 │ INFO    │   e  9  train 0.10651  val 0.08780  ★  lr 3.00e-04  14s  patience 0/15
2026-08-15 19:10:04,974 │ INFO    │   e 10  train 0.10594  val 0.08948     lr 3.00e-04  14s  patience 1/15
2026-08-15 19:10:18,805 │ INFO    │   e 11  train 0.10541  val 0.08805     lr 3.00e-04  14s  patience 2/15
2026-08-15 19:10:32,639 │ INFO    │   e 12  train 0.10504  val 0.09477     lr 3.00e-04  14s  patience 3/15
2026-08-15 19:10:46,495 │ INFO    │   e 13  train 0.10489  val 0.09223     lr 3.00e-04  14s  patience 4/15
2026-08-15 19:11:00,367 │ INFO    │   e 14  train 0.10327  val 0.08860     lr 3.00e-04  14s  patience 5/15
2026-08-15 19:11:14,216 │ INFO    │   e 15  train 0.10464  val 0.08862     lr 3.00e-04  14s  patience 6/15
2026-08-15 19:11:28,057 │ INFO    │   e 16  train 0.10275  val 0.09412     lr 1.50e-04  14s  patience 7/15
2026-08-15 19:11:41,953 │ INFO    │   e 17  train 0.10252  val 0.08749  ★  lr 1.50e-04  14s  patience 0/15
2026-08-15 19:11:55,859 │ INFO    │   e 18  train 0.10195  val 0.08683  ★  lr 1.50e-04  14s  patience 0/15
2026-08-15 19:12:09,714 │ INFO    │   e 19  train 0.10178  val 0.09110     lr 1.50e-04  14s  patience 1/15
2026-08-15 19:12:23,635 │ INFO    │   e 20  train 0.10163  val 0.08512  ★  lr 1.50e-04  14s  patience 0/15
2026-08-15 19:12:37,481 │ INFO    │   e 21  train 0.10132  val 0.08532     lr 1.50e-04  14s  patience 1/15
2026-08-15 19:12:51,366 │ INFO    │   e 22  train 0.10134  val 0.08458  ★  lr 1.50e-04  14s  patience 0/15
2026-08-15 19:13:05,232 │ INFO    │   e 23  train 0.10113  val 0.08541     lr 1.50e-04  14s  patience 1/15
2026-08-15 19:13:19,102 │ INFO    │   e 24  train 0.10103  val 0.08603     lr 1.50e-04  14s  patience 2/15
2026-08-15 19:13:32,970 │ INFO    │   e 25  train 0.10126  val 0.08554     lr 1.50e-04  14s  patience 3/15
2026-08-15 19:13:46,889 │ INFO    │   e 26  train 0.10100  val 0.08278  ★  lr 1.50e-04  14s  patience 0/15
2026-08-15 19:14:00,735 │ INFO    │   e 27  train 0.10054  val 0.08522     lr 1.50e-04  14s  patience 1/15
2026-08-15 19:14:14,578 │ INFO    │   e 28  train 0.10061  val 0.08801     lr 1.50e-04  14s  patience 2/15
2026-08-15 19:14:28,415 │ INFO    │   e 29  train 0.10037  val 0.08306     lr 1.50e-04  14s  patience 3/15
2026-08-15 19:14:42,281 │ INFO    │   e 30  train 0.10073  val 0.08893     lr 1.50e-04  14s  patience 4/15
2026-08-15 19:14:56,192 │ INFO    │   e 31  train 0.10010  val 0.08235  ★  lr 1.50e-04  14s  patience 0/15
2026-08-15 19:15:10,036 │ INFO    │   e 32  train 0.09971  val 0.08445     lr 1.50e-04  14s  patience 1/15
2026-08-15 19:15:23,912 │ INFO    │   e 33  train 0.09977  val 0.08270     lr 1.50e-04  14s  patience 2/15
2026-08-15 19:15:37,789 │ INFO    │   e 34  train 0.10007  val 0.09015     lr 1.50e-04  14s  patience 3/15
2026-08-15 19:15:51,667 │ INFO    │   e 35  train 0.09980  val 0.08482     lr 1.50e-04  14s  patience 4/15
2026-08-15 19:16:05,546 │ INFO    │   e 36  train 0.09960  val 0.08465     lr 1.50e-04  14s  patience 5/15
2026-08-15 19:16:19,459 │ INFO    │   e 37  train 0.09936  val 0.08484     lr 1.50e-04  14s  patience 6/15
2026-08-15 19:16:33,345 │ INFO    │   e 38  train 0.09919  val 0.08761     lr 7.50e-05  14s  patience 7/15
2026-08-15 19:16:47,224 │ INFO    │   e 39  train 0.09892  val 0.08294     lr 7.50e-05  14s  patience 8/15
2026-08-15 19:17:01,171 │ INFO    │   e 40  train 0.09897  val 0.08207  ★  lr 7.50e-05  14s  patience 0/15
2026-08-15 19:17:15,028 │ INFO    │   e 41  train 0.09864  val 0.08268     lr 7.50e-05  14s  patience 1/15
2026-08-15 19:17:28,876 │ INFO    │   e 42  train 0.09886  val 0.08407     lr 7.50e-05  14s  patience 2/15
2026-08-15 19:17:42,756 │ INFO    │   e 43  train 0.09841  val 0.08302     lr 7.50e-05  14s  patience 3/15
2026-08-15 19:17:56,623 │ INFO    │   e 44  train 0.09869  val 0.08588     lr 7.50e-05  14s  patience 4/15
2026-08-15 19:18:10,482 │ INFO    │   e 45  train 0.09851  val 0.08463     lr 7.50e-05  14s  patience 5/15
2026-08-15 19:18:24,341 │ INFO    │   e 46  train 0.09836  val 0.08808     lr 7.50e-05  14s  patience 6/15
2026-08-15 19:18:38,270 │ INFO    │   e 47  train 0.09830  val 0.08180  ★  lr 7.50e-05  14s  patience 0/15
2026-08-15 19:18:52,117 │ INFO    │   e 48  train 0.09820  val 0.08344     lr 7.50e-05  14s  patience 1/15
2026-08-15 19:19:05,967 │ INFO    │   e 49  train 0.09821  val 0.08236     lr 7.50e-05  14s  patience 2/15
2026-08-15 19:19:19,813 │ INFO    │   e 50  train 0.09807  val 0.08435     lr 7.50e-05  14s  patience 3/15
2026-08-15 19:19:33,691 │ INFO    │   e 51  train 0.09817  val 0.08222     lr 7.50e-05  14s  patience 4/15
2026-08-15 19:19:47,555 │ INFO    │   e 52  train 0.09800  val 0.08292     lr 7.50e-05  14s  patience 5/15
2026-08-15 19:20:01,433 │ INFO    │   e 53  train 0.09805  val 0.08472     lr 7.50e-05  14s  patience 6/15
2026-08-15 19:20:15,382 │ INFO    │   e 54  train 0.09794  val 0.08149  ★  lr 7.50e-05  14s  patience 0/15
2026-08-15 19:20:29,266 │ INFO    │   e 55  train 0.09808  val 0.08483     lr 7.50e-05  14s  patience 1/15
2026-08-15 19:20:43,222 │ INFO    │   e 56  train 0.09815  val 0.08115  ★  lr 7.50e-05  14s  patience 0/15
2026-08-15 19:20:57,120 │ INFO    │   e 57  train 0.09780  val 0.08289     lr 7.50e-05  14s  patience 1/15
2026-08-15 19:21:11,033 │ INFO    │   e 58  train 0.09776  val 0.08410     lr 7.50e-05  14s  patience 2/15
2026-08-15 19:21:24,929 │ INFO    │   e 59  train 0.09779  val 0.08257     lr 7.50e-05  14s  patience 3/15
2026-08-15 19:21:38,812 │ INFO    │   e 60  train 0.09761  val 0.08234     lr 7.50e-05  14s  patience 4/15
2026-08-15 19:21:52,700 │ INFO    │   e 61  train 0.09766  val 0.08181     lr 7.50e-05  14s  patience 5/15
2026-08-15 19:22:06,582 │ INFO    │   e 62  train 0.09775  val 0.08124     lr 7.50e-05  14s  patience 6/15
2026-08-15 19:22:20,442 │ INFO    │   e 63  train 0.09755  val 0.08311     lr 3.75e-05  14s  patience 7/15
2026-08-15 19:22:34,304 │ INFO    │   e 64  train 0.09724  val 0.08128     lr 3.75e-05  14s  patience 8/15
2026-08-15 19:22:48,167 │ INFO    │   e 65  train 0.09723  val 0.08354     lr 3.75e-05  14s  patience 9/15
2026-08-15 19:23:02,113 │ INFO    │   e 66  train 0.09721  val 0.08056  ★  lr 3.75e-05  14s  patience 0/15
2026-08-15 19:23:16,001 │ INFO    │   e 67  train 0.09718  val 0.08145     lr 3.75e-05  14s  patience 1/15
2026-08-15 19:23:29,868 │ INFO    │   e 68  train 0.09704  val 0.08128     lr 3.75e-05  14s  patience 2/15
2026-08-15 19:23:43,746 │ INFO    │   e 69  train 0.09703  val 0.08253     lr 3.75e-05  14s  patience 3/15
2026-08-15 19:23:57,596 │ INFO    │   e 70  train 0.09710  val 0.08150     lr 3.75e-05  14s  patience 4/15
2026-08-15 19:24:11,459 │ INFO    │   e 71  train 0.09701  val 0.08286     lr 3.75e-05  14s  patience 5/15
2026-08-15 19:24:25,320 │ INFO    │   e 72  train 0.09707  val 0.08162     lr 3.75e-05  14s  patience 6/15
2026-08-15 19:24:39,182 │ INFO    │   e 73  train 0.09699  val 0.08190     lr 1.87e-05  14s  patience 7/15
2026-08-15 19:24:53,036 │ INFO    │   e 74  train 0.09689  val 0.08275     lr 1.87e-05  14s  patience 8/15
2026-08-15 19:25:06,884 │ INFO    │   e 75  train 0.09673  val 0.08180     lr 1.87e-05  14s  patience 9/15
2026-08-15 19:25:20,756 │ INFO    │   e 76  train 0.09681  val 0.08247     lr 1.87e-05  14s  patience 10/15
2026-08-15 19:25:34,619 │ INFO    │   e 77  train 0.09684  val 0.08234     lr 1.87e-05  14s  patience 11/15
2026-08-15 19:25:48,464 │ INFO    │   e 78  train 0.09673  val 0.08087     lr 1.87e-05  14s  patience 12/15
2026-08-15 19:26:02,347 │ INFO    │   e 79  train 0.09666  val 0.08276     lr 1.87e-05  14s  patience 13/15
2026-08-15 19:26:02,498 │ INFO    │ ✔ finished [Ensemble member 0] best_val=0.08056 @ epoch 66
2026-08-15 19:26:02,584 │ INFO    │ ▶ training [Ensemble member 1] — 3,640 train / 364 tune windows, 114 batches/epoch, from epoch 0
2026-08-15 19:26:16,429 │ INFO    │   e  0  train 0.18869  val 0.12109  ★  lr 3.00e-04  14s  patience 0/15
2026-08-15 19:26:30,365 │ INFO    │   e  1  train 0.12722  val 0.10174  ★  lr 3.00e-04  14s  patience 0/15
2026-08-15 19:26:44,247 │ INFO    │   e  2  train 0.11709  val 0.10636     lr 3.00e-04  14s  patience 1/15
2026-08-15 19:26:58,193 │ INFO    │   e  3  train 0.11370  val 0.09747  ★  lr 3.00e-04  14s  patience 0/15
2026-08-15 19:27:12,159 │ INFO    │   e  4  train 0.11201  val 0.09682  ★  lr 3.00e-04  14s  patience 0/15
2026-08-15 19:27:26,092 │ INFO    │   e  5  train 0.11006  val 0.09424  ★  lr 3.00e-04  14s  patience 0/15
2026-08-15 19:27:40,022 │ INFO    │   e  6  train 0.10932  val 0.09171  ★  lr 3.00e-04  14s  patience 0/15
2026-08-15 19:27:53,941 │ INFO    │   e  7  train 0.10824  val 0.09129  ★  lr 3.00e-04  14s  patience 0/15
2026-08-15 19:28:07,855 │ INFO    │   e  8  train 0.10757  val 0.08836  ★  lr 3.00e-04  14s  patience 0/15
2026-08-15 19:28:21,762 │ INFO    │   e  9  train 0.10699  val 0.08772  ★  lr 3.00e-04  14s  patience 0/15
2026-08-15 19:28:35,608 │ INFO    │   e 10  train 0.10644  val 0.09083     lr 3.00e-04  14s  patience 1/15
2026-08-15 19:28:49,506 │ INFO    │   e 11  train 0.10607  val 0.08714  ★  lr 3.00e-04  14s  patience 0/15
2026-08-15 19:29:03,347 │ INFO    │   e 12  train 0.10554  val 0.09679     lr 3.00e-04  14s  patience 1/15
2026-08-15 19:29:17,207 │ INFO    │   e 13  train 0.10556  val 0.09460     lr 3.00e-04  14s  patience 2/15
2026-08-15 19:29:31,048 │ INFO    │   e 14  train 0.10346  val 0.08977     lr 3.00e-04  14s  patience 3/15
2026-08-15 19:29:44,895 │ INFO    │   e 15  train 0.10477  val 0.08840     lr 3.00e-04  14s  patience 4/15
2026-08-15 19:29:58,732 │ INFO    │   e 16  train 0.10284  val 0.09091     lr 3.00e-04  14s  patience 5/15
2026-08-15 19:30:12,567 │ INFO    │   e 17  train 0.10286  val 0.08975     lr 3.00e-04  14s  patience 6/15
2026-08-15 19:30:26,420 │ INFO    │   e 18  train 0.10290  val 0.08924     lr 1.50e-04  14s  patience 7/15
2026-08-15 19:30:40,328 │ INFO    │   e 19  train 0.10166  val 0.08880     lr 1.50e-04  14s  patience 8/15
2026-08-15 19:30:54,331 │ INFO    │   e 20  train 0.10143  val 0.08437  ★  lr 1.50e-04  14s  patience 0/15
2026-08-15 19:31:08,217 │ INFO    │   e 21  train 0.10105  val 0.08455     lr 1.50e-04  14s  patience 1/15
2026-08-15 19:31:22,144 │ INFO    │   e 22  train 0.10115  val 0.08426  ★  lr 1.50e-04  14s  patience 0/15
2026-08-15 19:31:36,003 │ INFO    │   e 23  train 0.10094  val 0.08473     lr 1.50e-04  14s  patience 1/15
2026-08-15 19:31:49,849 │ INFO    │   e 24  train 0.10064  val 0.08602     lr 1.50e-04  14s  patience 2/15
2026-08-15 19:32:03,698 │ INFO    │   e 25  train 0.10083  val 0.08646     lr 1.50e-04  14s  patience 3/15
2026-08-15 19:32:17,610 │ INFO    │   e 26  train 0.10058  val 0.08293  ★  lr 1.50e-04  14s  patience 0/15
2026-08-15 19:32:31,473 │ INFO    │   e 27  train 0.10027  val 0.08386     lr 1.50e-04  14s  patience 1/15
2026-08-15 19:32:45,307 │ INFO    │   e 28  train 0.10030  val 0.08705     lr 1.50e-04  14s  patience 2/15
2026-08-15 19:32:59,225 │ INFO    │   e 29  train 0.10005  val 0.08270  ★  lr 1.50e-04  14s  patience 0/15
2026-08-15 19:33:13,070 │ INFO    │   e 30  train 0.10009  val 0.08937     lr 1.50e-04  14s  patience 1/15
2026-08-15 19:33:27,007 │ INFO    │   e 31  train 0.09982  val 0.08259  ★  lr 1.50e-04  14s  patience 0/15
2026-08-15 19:33:40,895 │ INFO    │   e 32  train 0.09949  val 0.08291     lr 1.50e-04  14s  patience 1/15
2026-08-15 19:33:54,766 │ INFO    │   e 33  train 0.09944  val 0.08276     lr 1.50e-04  14s  patience 2/15
2026-08-15 19:34:08,634 │ INFO    │   e 34  train 0.09942  val 0.08834     lr 1.50e-04  14s  patience 3/15
2026-08-15 19:34:22,479 │ INFO    │   e 35  train 0.09937  val 0.08504     lr 1.50e-04  14s  patience 4/15
2026-08-15 19:34:36,356 │ INFO    │   e 36  train 0.09929  val 0.08356     lr 1.50e-04  14s  patience 5/15
2026-08-15 19:34:50,227 │ INFO    │   e 37  train 0.09892  val 0.08548     lr 1.50e-04  14s  patience 6/15
2026-08-15 19:35:04,106 │ INFO    │   e 38  train 0.09881  val 0.08647     lr 7.50e-05  14s  patience 7/15
2026-08-15 19:35:17,981 │ INFO    │   e 39  train 0.09857  val 0.08375     lr 7.50e-05  14s  patience 8/15
2026-08-15 19:35:31,932 │ INFO    │   e 40  train 0.09859  val 0.08210  ★  lr 7.50e-05  14s  patience 0/15
2026-08-15 19:35:45,801 │ INFO    │   e 41  train 0.09820  val 0.08295     lr 7.50e-05  14s  patience 1/15
2026-08-15 19:35:59,657 │ INFO    │   e 42  train 0.09854  val 0.08359     lr 7.50e-05  14s  patience 2/15
2026-08-15 19:36:13,536 │ INFO    │   e 43  train 0.09799  val 0.08295     lr 7.50e-05  14s  patience 3/15
2026-08-15 19:36:27,394 │ INFO    │   e 44  train 0.09813  val 0.08638     lr 7.50e-05  14s  patience 4/15
2026-08-15 19:36:41,247 │ INFO    │   e 45  train 0.09803  val 0.08364     lr 7.50e-05  14s  patience 5/15
2026-08-15 19:36:55,110 │ INFO    │   e 46  train 0.09805  val 0.08731     lr 7.50e-05  14s  patience 6/15
2026-08-15 19:37:09,046 │ INFO    │   e 47  train 0.09791  val 0.08130  ★  lr 7.50e-05  14s  patience 0/15
2026-08-15 19:37:22,916 │ INFO    │   e 48  train 0.09781  val 0.08414     lr 7.50e-05  14s  patience 1/15
2026-08-15 19:37:36,814 │ INFO    │   e 49  train 0.09792  val 0.08275     lr 7.50e-05  14s  patience 2/15
2026-08-15 19:37:50,697 │ INFO    │   e 50  train 0.09763  val 0.08496     lr 7.50e-05  14s  patience 3/15
2026-08-15 19:38:04,591 │ INFO    │   e 51  train 0.09776  val 0.08216     lr 7.50e-05  14s  patience 4/15
2026-08-15 19:38:18,480 │ INFO    │   e 52  train 0.09770  val 0.08219     lr 7.50e-05  14s  patience 5/15
2026-08-15 19:38:32,374 │ INFO    │   e 53  train 0.09773  val 0.08397     lr 7.50e-05  14s  patience 6/15
2026-08-15 19:38:46,252 │ INFO    │   e 54  train 0.09747  val 0.08204     lr 3.75e-05  14s  patience 7/15
2026-08-15 19:39:00,136 │ INFO    │   e 55  train 0.09733  val 0.08320     lr 3.75e-05  14s  patience 8/15
2026-08-15 19:39:14,034 │ INFO    │   e 56  train 0.09741  val 0.08245     lr 3.75e-05  14s  patience 9/15
2026-08-15 19:39:27,992 │ INFO    │   e 57  train 0.09716  val 0.08115  ★  lr 3.75e-05  14s  patience 0/15
2026-08-15 19:39:39,729 │ WARNING │   ⏸ interrupted — checkpoint written at epoch 58 batch 98. Re-run this cell to continue.
2026-08-15 19:39:53,998 │ INFO    │ ✓ cached  [LSTM] predictions + metrics loaded
2026-08-15 19:39:54,118 │ INFO    │ ✓ cached  [TCN] predictions + metrics loaded
2026-08-15 19:39:54,290 │ INFO    │ ✓ cached  [ConvLSTM] predictions + metrics loaded
2026-08-15 19:39:54,443 │ INFO    │ ✓ cached  [SVR-LSTM] predictions + metrics loaded
2026-08-15 19:39:54,556 │ INFO    │ ✓ cached  [STGCN] predictions + metrics loaded
2026-08-15 19:39:54,679 │ INFO    │ ✓ cached  [DCRNN] predictions + metrics loaded
2026-08-15 19:39:54,798 │ INFO    │ ✓ cached  [Graph WaveNet] predictions + metrics loaded
2026-08-15 19:39:54,919 │ INFO    │ ✓ cached  [AGCRN] predictions + metrics loaded
2026-08-15 19:39:55,070 │ INFO    │ ✓ cached  [TGALSTM] predictions + metrics loaded
2026-08-15 19:39:55,192 │ INFO    │ ✓ cached  [TDAG-Net] predictions + metrics loaded
2026-08-15 19:39:55,304 │ INFO    │ ✓ cached  [TDAG-Net (Input-Splitter)] predictions + metrics loaded
2026-08-15 19:39:55,714 │ INFO    │ ✓ cached  [CALM-Net] predictions + metrics loaded
2026-08-15 19:39:56,021 │ INFO    │ ✓ cached  [CALM-Net w/o CDG] predictions + metrics loaded
2026-08-15 19:39:56,374 │ INFO    │ ✓ cached  [CALM-Net w/o BFC] predictions + metrics loaded
2026-08-15 19:39:56,802 │ INFO    │ ✓ cached  [CALM-Net w/o PMC] predictions + metrics loaded
2026-08-15 19:39:56,981 │ INFO    │ ✓ cached  [CALM-Net w/o ECQ] predictions + metrics loaded
2026-08-15 19:39:57,388 │ INFO    │ ✓ cached  [CALM-Net delta=0] predictions + metrics loaded
2026-08-15 19:39:58,221 │ INFO    │ ✓ cached  [CALM-Net delta<=1] predictions + metrics loaded
2026-08-15 19:39:58,898 │ INFO    │ ✓ cached  [CALM-Net delta<=2] predictions + metrics loaded
2026-08-15 19:39:59,609 │ INFO    │ ✓ cached  [MC-Dropout] predictions + metrics loaded
2026-08-15 19:40:00,349 │ INFO    │ ✓ cached  [Quantile Reg.] predictions + metrics loaded
2026-08-15 19:40:00,461 │ INFO    │ ✓ trained [Ensemble member 0] — DONE marker present, skipping
2026-08-15 19:40:00,697 │ INFO    │   ↻ resumed [Ensemble member 0] at epoch 80, batch 0, best_val=0.08056 (epoch 66)
2026-08-15 19:40:01,269 │ INFO    │   ↻ resumed [Ensemble member 1] at epoch 58, batch 98, best_val=0.08115 (epoch 57)
2026-08-15 19:40:01,273 │ INFO    │ ▶ training [Ensemble member 1] — 3,640 train / 364 tune windows, 114 batches/epoch, from epoch 58
2026-08-15 19:40:01,276 │ INFO    │   ↻ skipping 98 already-completed batches of epoch 58
2026-08-15 19:40:04,227 │ INFO    │   e 58  train 0.09707  val 0.08119     lr 3.75e-05  3s  patience 1/15
2026-08-15 19:40:19,993 │ INFO    │   e 59  train 0.09721  val 0.08125     lr 3.75e-05  16s  patience 2/15
2026-08-15 19:40:34,581 │ INFO    │   e 60  train 0.09713  val 0.08290     lr 3.75e-05  14s  patience 3/15
2026-08-15 19:40:48,829 │ INFO    │   e 61  train 0.09716  val 0.08300     lr 3.75e-05  14s  patience 4/15
2026-08-15 19:41:02,848 │ INFO    │   e 62  train 0.09722  val 0.08199     lr 3.75e-05  14s  patience 5/15
2026-08-15 19:41:16,632 │ INFO    │   e 63  train 0.09689  val 0.08151     lr 3.75e-05  14s  patience 6/15
2026-08-15 19:41:30,476 │ INFO    │   e 64  train 0.09693  val 0.08160     lr 1.87e-05  14s  patience 7/15
2026-08-15 19:41:44,475 │ INFO    │   e 65  train 0.09694  val 0.08233     lr 1.87e-05  14s  patience 8/15
2026-08-15 19:41:58,618 │ INFO    │   e 66  train 0.09691  val 0.08157     lr 1.87e-05  14s  patience 9/15
2026-08-15 19:42:13,289 │ INFO    │   e 67  train 0.09694  val 0.08209     lr 1.87e-05  15s  patience 10/15
2026-08-15 19:42:27,257 │ INFO    │   e 68  train 0.09679  val 0.08174     lr 1.87e-05  14s  patience 11/15
2026-08-15 19:42:41,153 │ INFO    │   e 69  train 0.09673  val 0.08198     lr 1.87e-05  14s  patience 12/15
2026-08-15 19:42:55,566 │ INFO    │   e 70  train 0.09687  val 0.08161     lr 1.87e-05  14s  patience 13/15
2026-08-15 19:43:09,510 │ INFO    │   e 71  train 0.09674  val 0.08274     lr 9.37e-06  14s  patience 14/15
2026-08-15 19:43:23,527 │ INFO    │   e 72  train 0.09665  val 0.08204     lr 9.37e-06  14s  patience 15/15
2026-08-15 19:43:23,617 │ INFO    │   ⏹ early stop at epoch 73 (best 0.08115 @ epoch 57)
2026-08-15 19:43:23,703 │ INFO    │ ✔ finished [Ensemble member 1] best_val=0.08115 @ epoch 57
2026-08-15 19:43:23,784 │ INFO    │ ▶ training [Ensemble member 2] — 3,640 train / 364 tune windows, 114 batches/epoch, from epoch 0
2026-08-15 19:43:37,667 │ INFO    │   e  0  train 0.19220  val 0.12333  ★  lr 3.00e-04  14s  patience 0/15
2026-08-15 19:43:51,582 │ INFO    │   e  1  train 0.12873  val 0.10611  ★  lr 3.00e-04  14s  patience 0/15
2026-08-15 19:44:05,426 │ INFO    │   e  2  train 0.11821  val 0.10706     lr 3.00e-04  14s  patience 1/15
2026-08-15 19:44:19,328 │ INFO    │   e  3  train 0.11456  val 0.10331  ★  lr 3.00e-04  14s  patience 0/15
2026-08-15 19:44:33,211 │ INFO    │   e  4  train 0.11193  val 0.09790  ★  lr 3.00e-04  14s  patience 0/15
2026-08-15 19:44:47,103 │ INFO    │   e  5  train 0.10994  val 0.09172  ★  lr 3.00e-04  14s  patience 0/15
2026-08-15 19:45:01,012 │ INFO    │   e  6  train 0.10894  val 0.09112  ★  lr 3.00e-04  14s  patience 0/15
2026-08-15 19:45:14,940 │ INFO    │   e  7  train 0.10795  val 0.08935  ★  lr 3.00e-04  14s  patience 0/15
2026-08-15 19:45:28,873 │ INFO    │   e  8  train 0.10693  val 0.08877  ★  lr 3.00e-04  14s  patience 0/15
2026-08-15 19:45:42,825 │ INFO    │   e  9  train 0.10645  val 0.08736  ★  lr 3.00e-04  14s  patience 0/15
2026-08-15 19:45:56,718 │ INFO    │   e 10  train 0.10603  val 0.08816     lr 3.00e-04  14s  patience 1/15
2026-08-15 19:46:10,580 │ INFO    │   e 11  train 0.10553  val 0.08794     lr 3.00e-04  14s  patience 2/15
2026-08-15 19:46:24,452 │ INFO    │   e 12  train 0.10512  val 0.09274     lr 3.00e-04  14s  patience 3/15
2026-08-15 19:46:38,315 │ INFO    │   e 13  train 0.10498  val 0.09315     lr 3.00e-04  14s  patience 4/15
2026-08-15 19:46:52,190 │ INFO    │   e 14  train 0.10326  val 0.08984     lr 3.00e-04  14s  patience 5/15
2026-08-15 19:47:06,135 │ INFO    │   e 15  train 0.10447  val 0.08635  ★  lr 3.00e-04  14s  patience 0/15
2026-08-15 19:47:19,994 │ INFO    │   e 16  train 0.10270  val 0.09107     lr 3.00e-04  14s  patience 1/15
2026-08-15 19:47:33,884 │ INFO    │   e 17  train 0.10290  val 0.09155     lr 3.00e-04  14s  patience 2/15
2026-08-15 19:47:47,745 │ INFO    │   e 18  train 0.10265  val 0.09039     lr 3.00e-04  14s  patience 3/15
2026-08-15 19:48:01,605 │ INFO    │   e 19  train 0.10295  val 0.08815     lr 3.00e-04  14s  patience 4/15
2026-08-15 19:48:15,477 │ INFO    │   e 20  train 0.10234  val 0.08979     lr 3.00e-04  14s  patience 5/15
2026-08-15 19:48:29,351 │ INFO    │   e 21  train 0.10150  val 0.08782     lr 3.00e-04  14s  patience 6/15
2026-08-15 19:48:43,285 │ INFO    │   e 22  train 0.10174  val 0.08294  ★  lr 3.00e-04  14s  patience 0/15
2026-08-15 19:48:57,207 │ INFO    │   e 23  train 0.10097  val 0.08238  ★  lr 3.00e-04  14s  patience 0/15
2026-08-15 19:49:11,070 │ INFO    │   e 24  train 0.10070  val 0.08596     lr 3.00e-04  14s  patience 1/15
2026-08-15 19:49:24,942 │ INFO    │   e 25  train 0.10124  val 0.08279     lr 3.00e-04  14s  patience 2/15
2026-08-15 19:49:38,807 │ INFO    │   e 26  train 0.10034  val 0.08398     lr 3.00e-04  14s  patience 3/15
2026-08-15 19:49:52,675 │ INFO    │   e 27  train 0.10020  val 0.08457     lr 3.00e-04  14s  patience 4/15
2026-08-15 19:50:06,533 │ INFO    │   e 28  train 0.10042  val 0.09046     lr 3.00e-04  14s  patience 5/15
2026-08-15 19:50:20,409 │ INFO    │   e 29  train 0.09992  val 0.08349     lr 3.00e-04  14s  patience 6/15
2026-08-15 19:50:34,277 │ INFO    │   e 30  train 0.10010  val 0.09255     lr 1.50e-04  14s  patience 7/15
2026-08-15 19:50:48,209 │ INFO    │   e 31  train 0.09917  val 0.08201  ★  lr 1.50e-04  14s  patience 0/15
2026-08-15 19:51:02,122 │ INFO    │   e 32  train 0.09885  val 0.08186  ★  lr 1.50e-04  14s  patience 0/15
2026-08-15 19:51:16,048 │ INFO    │   e 33  train 0.09879  val 0.08122  ★  lr 1.50e-04  14s  patience 0/15
2026-08-15 19:51:29,905 │ INFO    │   e 34  train 0.09879  val 0.08730     lr 1.50e-04  14s  patience 1/15
2026-08-15 19:51:43,763 │ INFO    │   e 35  train 0.09874  val 0.08211     lr 1.50e-04  14s  patience 2/15
2026-08-15 19:51:57,623 │ INFO    │   e 36  train 0.09885  val 0.08202     lr 1.50e-04  14s  patience 3/15
2026-08-15 19:52:11,503 │ INFO    │   e 37  train 0.09844  val 0.08345     lr 1.50e-04  14s  patience 4/15
2026-08-15 19:52:25,359 │ INFO    │   e 38  train 0.09842  val 0.08520     lr 1.50e-04  14s  patience 5/15
2026-08-15 19:52:39,224 │ INFO    │   e 39  train 0.09854  val 0.08235     lr 1.50e-04  14s  patience 6/15
2026-08-15 19:52:53,084 │ INFO    │   e 40  train 0.09840  val 0.08388     lr 7.50e-05  14s  patience 7/15
2026-08-15 19:53:06,958 │ INFO    │   e 41  train 0.09781  val 0.08251     lr 7.50e-05  14s  patience 8/15
2026-08-15 19:53:20,845 │ INFO    │   e 42  train 0.09811  val 0.08368     lr 7.50e-05  14s  patience 9/15
2026-08-15 19:53:34,715 │ INFO    │   e 43  train 0.09765  val 0.08148     lr 7.50e-05  14s  patience 10/15
2026-08-15 19:53:48,582 │ INFO    │   e 44  train 0.09784  val 0.08333     lr 7.50e-05  14s  patience 11/15
2026-08-15 19:54:02,447 │ INFO    │   e 45  train 0.09776  val 0.08345     lr 7.50e-05  14s  patience 12/15
2026-08-15 19:54:16,305 │ INFO    │   e 46  train 0.09778  val 0.08550     lr 7.50e-05  14s  patience 13/15
2026-08-15 19:54:30,241 │ INFO    │   e 47  train 0.09775  val 0.08098  ★  lr 7.50e-05  14s  patience 0/15
2026-08-15 19:54:44,112 │ INFO    │   e 48  train 0.09751  val 0.08325     lr 7.50e-05  14s  patience 1/15
2026-08-15 19:54:57,970 │ INFO    │   e 49  train 0.09768  val 0.08219     lr 7.50e-05  14s  patience 2/15
2026-08-15 19:55:11,834 │ INFO    │   e 50  train 0.09746  val 0.08275     lr 7.50e-05  14s  patience 3/15
2026-08-15 19:55:25,715 │ INFO    │   e 51  train 0.09752  val 0.08135     lr 7.50e-05  14s  patience 4/15
2026-08-15 19:55:39,584 │ INFO    │   e 52  train 0.09747  val 0.08228     lr 7.50e-05  14s  patience 5/15
2026-08-15 19:55:53,448 │ INFO    │   e 53  train 0.09766  val 0.08309     lr 7.50e-05  14s  patience 6/15
2026-08-15 19:56:07,314 │ INFO    │   e 54  train 0.09738  val 0.08133     lr 3.75e-05  14s  patience 7/15
2026-08-15 19:56:21,204 │ INFO    │   e 55  train 0.09719  val 0.08273     lr 3.75e-05  14s  patience 8/15
2026-08-15 19:56:35,080 │ INFO    │   e 56  train 0.09732  val 0.08149     lr 3.75e-05  14s  patience 9/15
2026-08-15 19:56:48,944 │ INFO    │   e 57  train 0.09709  val 0.08107     lr 3.75e-05  14s  patience 10/15
2026-08-15 19:57:02,822 │ INFO    │   e 58  train 0.09712  val 0.08116     lr 3.75e-05  14s  patience 11/15
2026-08-15 19:57:16,771 │ INFO    │   e 59  train 0.09714  val 0.08033  ★  lr 3.75e-05  14s  patience 0/15
2026-08-15 19:57:30,645 │ INFO    │   e 60  train 0.09708  val 0.08172     lr 3.75e-05  14s  patience 1/15
2026-08-15 19:57:44,519 │ INFO    │   e 61  train 0.09717  val 0.08254     lr 3.75e-05  14s  patience 2/15
2026-08-15 19:57:58,385 │ INFO    │   e 62  train 0.09717  val 0.08218     lr 3.75e-05  14s  patience 3/15
2026-08-15 19:58:12,253 │ INFO    │   e 63  train 0.09695  val 0.08100     lr 3.75e-05  14s  patience 4/15
2026-08-15 19:58:26,123 │ INFO    │   e 64  train 0.09699  val 0.08099     lr 3.75e-05  14s  patience 5/15
2026-08-15 19:58:40,002 │ INFO    │   e 65  train 0.09707  val 0.08276     lr 3.75e-05  14s  patience 6/15
2026-08-15 19:58:53,869 │ INFO    │   e 66  train 0.09704  val 0.08074     lr 1.87e-05  14s  patience 7/15
2026-08-15 19:59:07,726 │ INFO    │   e 67  train 0.09695  val 0.08128     lr 1.87e-05  14s  patience 8/15
2026-08-15 19:59:21,604 │ INFO    │   e 68  train 0.09677  val 0.08147     lr 1.87e-05  14s  patience 9/15
2026-08-15 19:59:35,478 │ INFO    │   e 69  train 0.09676  val 0.08156     lr 1.87e-05  14s  patience 10/15
2026-08-15 19:59:49,341 │ INFO    │   e 70  train 0.09689  val 0.08128     lr 1.87e-05  14s  patience 11/15
2026-08-15 20:00:03,208 │ INFO    │   e 71  train 0.09673  val 0.08200     lr 1.87e-05  14s  patience 12/15
2026-08-15 20:00:17,102 │ INFO    │   e 72  train 0.09675  val 0.08136     lr 1.87e-05  14s  patience 13/15
2026-08-15 20:00:30,987 │ INFO    │   e 73  train 0.09679  val 0.08202     lr 9.37e-06  14s  patience 14/15
2026-08-15 20:00:44,856 │ INFO    │   e 74  train 0.09674  val 0.08130     lr 9.37e-06  14s  patience 15/15
2026-08-15 20:00:44,931 │ INFO    │   ⏹ early stop at epoch 75 (best 0.08033 @ epoch 59)
2026-08-15 20:00:45,022 │ INFO    │ ✔ finished [Ensemble member 2] best_val=0.08033 @ epoch 59
2026-08-15 20:00:45,075 │ INFO    │ Deep Ensemble assembled from M=3 members
2026-08-15 20:01:20,797 │ INFO    │ ✓ cached  [LSTM] predictions + metrics loaded
2026-08-15 20:01:20,882 │ INFO    │ ✓ cached  [TCN] predictions + metrics loaded
2026-08-15 20:01:20,978 │ INFO    │ ✓ cached  [ConvLSTM] predictions + metrics loaded
2026-08-15 20:01:21,068 │ INFO    │ ✓ cached  [SVR-LSTM] predictions + metrics loaded
2026-08-15 20:01:21,158 │ INFO    │ ✓ cached  [STGCN] predictions + metrics loaded
2026-08-15 20:01:21,237 │ INFO    │ ✓ cached  [DCRNN] predictions + metrics loaded
2026-08-15 20:01:21,318 │ INFO    │ ✓ cached  [Graph WaveNet] predictions + metrics loaded
2026-08-15 20:01:21,398 │ INFO    │ ✓ cached  [AGCRN] predictions + metrics loaded
2026-08-15 20:01:21,480 │ INFO    │ ✓ cached  [TGALSTM] predictions + metrics loaded
2026-08-15 20:01:21,560 │ INFO    │ ✓ cached  [TDAG-Net] predictions + metrics loaded
2026-08-15 20:01:21,649 │ INFO    │ ✓ cached  [TDAG-Net (Input-Splitter)] predictions + metrics loaded
2026-08-15 20:01:21,840 │ INFO    │ ✓ cached  [CALM-Net] predictions + metrics loaded
2026-08-15 20:01:22,032 │ INFO    │ ✓ cached  [CALM-Net w/o CDG] predictions + metrics loaded
2026-08-15 20:01:22,234 │ INFO    │ ✓ cached  [CALM-Net w/o BFC] predictions + metrics loaded
2026-08-15 20:01:22,430 │ INFO    │ ✓ cached  [CALM-Net w/o PMC] predictions + metrics loaded
2026-08-15 20:01:22,512 │ INFO    │ ✓ cached  [CALM-Net w/o ECQ] predictions + metrics loaded
2026-08-15 20:01:22,721 │ INFO    │ ✓ cached  [CALM-Net delta=0] predictions + metrics loaded
2026-08-15 20:01:22,916 │ INFO    │ ✓ cached  [CALM-Net delta<=1] predictions + metrics loaded
2026-08-15 20:01:23,114 │ INFO    │ ✓ cached  [CALM-Net delta<=2] predictions + metrics loaded
2026-08-15 20:01:23,316 │ INFO    │ ✓ cached  [MC-Dropout] predictions + metrics loaded
2026-08-15 20:01:23,513 │ INFO    │ ✓ cached  [Quantile Reg.] predictions + metrics loaded
2026-08-15 20:01:23,721 │ INFO    │ ✓ cached  [Deep Ensemble]
2026-08-15 20:02:22,024 │ INFO    │ 🖼  figure  [F20] Training convergence and loss curves → F20_fig_training_curves.png
2026-08-15 20:02:24,457 │ INFO    │ 🖼  figure  [F21] Benchmark comparison across all six accuracy metrics → F21_fig_metric_comparison.png
2026-08-15 20:02:25,814 │ INFO    │ 🖼  figure  [F22] Accuracy decomposed by flow direction → F22_fig_channel_breakdown.png
2026-08-15 20:02:25,857 │ INFO    │ F23 horizon RMSE (CALM-Net): 31.9161, 32.8916, 32.4885, 35.9176, 38.0485, 39.0279  → degradation +22.28%
2026-08-15 20:02:27,408 │ INFO    │ 🖼  figure  [F23] Error growth over the forecast horizon → F23_fig_horizon_degradation.png
2026-08-15 20:02:30,849 │ INFO    │ 🖼  figure  [F24] Observed versus predicted flow at representative stations → F24_fig_prediction_traces.png
2026-08-15 20:02:32,843 │ INFO    │ 🖼  figure  [F25] Event-window behaviour and peak forecasting resilience → F25_fig_event_zoom.png
2026-08-15 20:02:34,083 │ INFO    │ 🖼  figure  [F26] Ablation of the four CALM-Net modules → F26_fig_ablation.png
2026-08-15 20:02:36,580 │ INFO    │ 🖼  figure  [F28] Residual diagnostics and per-station error → F28_fig_residuals.png
2026-08-15 20:02:38,129 │ INFO    │ 🖼  figure  [F29] Coverage calibration against the nominal level → F29_fig_calibration.png
2026-08-15 20:02:39,202 │ INFO    │ 🖼  figure  [F30] Conditional coverage inside each Mondrian bin → F30_fig_conditional_coverage.png
2026-08-15 20:02:40,747 │ INFO    │ 🖼  figure  [F31] Peak containment on event days → F31_fig_peak_containment.png
2026-08-15 20:02:42,163 │ INFO    │ 🖼  figure  [F32] Prediction intervals through an event day → F32_fig_interval_fan.png
2026-08-15 20:02:42,245 │ INFO    │ CALM-Net restored from best.pt
2026-08-15 20:02:45,226 │ INFO    │ 🖼  figure  [F33] Context-driven graph reorganisation across operating regimes → F33_fig_cdg_regimes.png
2026-08-15 20:02:45,316 │ INFO    │ CALM-Net restored from best.pt
2026-08-15 20:02:47,482 │ INFO    │ 🖼  figure  [F34] Hour-by-hour reorganisation of network connectivity → F34_fig_graph_per_hour.png
2026-08-15 20:02:48,536 │ INFO    │ 🖼  figure  [F27] Delay-kernel order ablation and the learned weights → F27_fig_kernel_ablation.png
2026-08-15 20:02:48,540 │ INFO    │ Result figures rendered/verified: 15/15
2026-08-15 20:02:55,124 │ INFO    │ CALM-Net restored from best.pt
2026-08-15 20:03:53,409 │ INFO    │ PIPELINE COMPLETE - CALM-Net.
2026-08-15 20:32:53,988 │ INFO    │ Core infrastructure online — CALM-Net.
2026-08-15 20:32:54,419 │ INFO    │ Device: cuda │ Log file: /content/drive/MyDrive/CALM_Net/logs/calmnet_20260815.log
2026-08-15 20:32:54,422 │ INFO    │ Startup: RAM 0.77 GB │ GPU 0.00/0.00 GB
2026-08-15 20:32:54,447 │ INFO    │ AFC reader ready (4 dialects).
2026-08-15 20:32:54,800 │ INFO    │ ✓ cached  [file_manifest] loaded in 0.3s  (file_manifest__2023__7fda0833bf.parquet)
2026-08-15 20:32:54,910 │ INFO    │ Ingestion [2023] — 17 done, 0 pending (5.08 GB total)  │  cache: reused from TDAG_Net (17 flow parquet files)
2026-08-15 20:32:54,912 │ INFO    │ Nothing to ingest. ✓
2026-08-15 20:32:59,551 │ INFO    │ ✓ cached  [day_source_map] loaded in 0.2s  (day_source_map__2023__9fe854d7ee.parquet)
2026-08-15 20:33:01,728 │ INFO    │ ✓ cached  [tensors] loaded in 2.0s  (tensors__2023__084ad33c34.pkl)
2026-08-15 20:33:02,164 │ INFO    │ After tensors: RAM 0.92 GB │ GPU 0.00/0.00 GB
2026-08-15 20:33:03,669 │ INFO    │ ✓ cached  [card_signatures] loaded in 0.4s  (card_signatures__2023__b08eb4f084.pkl)
2026-08-15 20:33:04,189 │ INFO    │ ✓ cached  [persona_prior] loaded in 0.3s  (persona_prior__2023__4d0870a6c1.pkl)
2026-08-15 20:33:05,271 │ INFO    │ ✓ cached  [spatial_probe] loaded in 0.6s  (spatial_probe__2023__ec43276801.pkl)
2026-08-15 20:33:05,722 │ INFO    │ ✓ cached  [A_topo] loaded in 0.4s  (A_topo__2023__d6587516ea.pkl)
2026-08-15 20:33:06,210 │ INFO    │ ✓ cached  [graph_mask] loaded in 0.5s  (graph_mask__2023__e163a6c92d.pkl)
2026-08-15 20:33:06,692 │ INFO    │ ✓ cached  [delay_support] loaded in 0.4s  (delay_support__2023__0b147800fc.pkl)
2026-08-15 20:33:07,553 │ INFO    │ ✓ cached  [events] loaded in 0.6s  (events__2023__759bb12f03.pkl)
2026-08-15 20:33:07,911 │ INFO    │ ✓ cached  [C_venue] loaded in 0.3s  (C_venue__2023__c38cca5bff.pkl)
2026-08-15 20:33:08,529 │ INFO    │ ✓ cached  [exogenous] loaded in 0.6s  (exogenous__2023__c29b8b64eb.pkl)
2026-08-15 20:33:08,589 │ INFO    │ IEEE × M3 plot style configured (single 3.5in / double 7.16in, 600 dpi, Type-42 fonts).
2026-08-15 20:33:08,937 │ INFO    │ ✓ figure  [F01] exists — skipping (force=True to redraw)
2026-08-15 20:33:08,941 │ INFO    │ ✓ figure  [F02] exists — skipping (force=True to redraw)
2026-08-15 20:33:08,945 │ INFO    │ ✓ figure  [F03] exists — skipping (force=True to redraw)
2026-08-15 20:33:08,946 │ INFO    │ ✓ figure  [F04] exists — skipping (force=True to redraw)
2026-08-15 20:33:08,948 │ INFO    │ ✓ figure  [F05] exists — skipping (force=True to redraw)
2026-08-15 20:33:08,950 │ INFO    │ ✓ figure  [F06] exists — skipping (force=True to redraw)
2026-08-15 20:33:08,951 │ INFO    │ ✓ figure  [F07] exists — skipping (force=True to redraw)
2026-08-15 20:33:09,150 │ INFO    │ ✓ figure  [F08] exists — skipping (force=True to redraw)
2026-08-15 20:33:09,157 │ INFO    │ ✓ figure  [F09] exists — skipping (force=True to redraw)
2026-08-15 20:33:09,159 │ INFO    │ ✓ figure  [F10] exists — skipping (force=True to redraw)
2026-08-15 20:33:09,162 │ INFO    │ ✓ figure  [F11] exists — skipping (force=True to redraw)
2026-08-15 20:33:09,164 │ INFO    │ ✓ figure  [F12] exists — skipping (force=True to redraw)
2026-08-15 20:33:09,342 │ INFO    │ ✓ figure  [F13] exists — skipping (force=True to redraw)
2026-08-15 20:33:09,346 │ INFO    │ ✓ figure  [F14] exists — skipping (force=True to redraw)
2026-08-15 20:33:09,347 │ INFO    │ ✓ figure  [F15] exists — skipping (force=True to redraw)
2026-08-15 20:33:09,349 │ INFO    │ ✓ figure  [F16] exists — skipping (force=True to redraw)
2026-08-15 20:33:09,529 │ INFO    │ ✓ figure  [F17] exists — skipping (force=True to redraw)
2026-08-15 20:33:09,533 │ INFO    │ ✓ figure  [F18] exists — skipping (force=True to redraw)
2026-08-15 20:33:09,535 │ INFO    │ ✓ figure  [F19] exists — skipping (force=True to redraw)
2026-08-15 20:33:09,538 │ INFO    │ Descriptive figures rendered/verified: 19/19
2026-08-15 20:33:10,397 │ INFO    │ ✓ cached  [windows] loaded in 0.4s  (windows__2023__5b7a3a5529.pkl)
2026-08-15 20:33:11,132 │ INFO    │ CALM-Net components defined: CDG · BFC · PMC · quantile heads (+ inherited TCN / GAT / attention-LSTM backbone).
2026-08-15 20:33:11,160 │ INFO    │ CALM-Net assembled.
2026-08-15 20:33:11,204 │ INFO    │ Baselines part 1 defined (LSTM · TCN · ConvLSTM · SVR-LSTM · TGALSTM · TDAG-Net · TDAG-Net Input-Splitter).
2026-08-15 20:33:11,252 │ INFO    │ Baselines part 2 defined (STGCN · DCRNN · Graph WaveNet · AGCRN).
2026-08-15 20:33:11,270 │ INFO    │ Uncertainty baselines defined (MC-Dropout · Deep Ensemble · Quantile Regression).
2026-08-15 20:33:13,773 │ INFO    │ Trainer ready — resumable to the batch, Huber + pinball objective.
2026-08-15 20:36:14,122 │ INFO    │ Core infrastructure online — CALM-Net.
2026-08-15 20:36:14,123 │ INFO    │ Device: cuda │ Log file: /content/drive/MyDrive/CALM_Net/logs/calmnet_20260815.log
2026-08-15 20:36:14,126 │ INFO    │ Startup: RAM 1.84 GB │ GPU 0.31/0.32 GB
2026-08-15 20:36:14,143 │ INFO    │ AFC reader ready (4 dialects).
2026-08-15 20:36:14,163 │ INFO    │ ✓ cached  [file_manifest] loaded in 0.0s  (file_manifest__2023__7fda0833bf.parquet)
2026-08-15 20:36:14,271 │ INFO    │ Ingestion [2023] — 17 done, 0 pending (5.08 GB total)  │  cache: reused from TDAG_Net (17 flow parquet files)
2026-08-15 20:36:14,272 │ INFO    │ Nothing to ingest. ✓
2026-08-15 20:36:14,413 │ INFO    │ ✓ cached  [day_source_map] loaded in 0.0s  (day_source_map__2023__9fe854d7ee.parquet)
2026-08-15 20:36:14,669 │ INFO    │ ✓ cached  [tensors] loaded in 0.2s  (tensors__2023__084ad33c34.pkl)
2026-08-15 20:36:14,765 │ INFO    │ After tensors: RAM 1.97 GB │ GPU 0.31/0.32 GB
2026-08-15 20:36:14,787 │ INFO    │ ✓ cached  [card_signatures] loaded in 0.0s  (card_signatures__2023__b08eb4f084.pkl)
2026-08-15 20:36:14,840 │ INFO    │ ✓ cached  [persona_prior] loaded in 0.0s  (persona_prior__2023__4d0870a6c1.pkl)
2026-08-15 20:36:15,195 │ INFO    │ ✓ cached  [spatial_probe] loaded in 0.0s  (spatial_probe__2023__ec43276801.pkl)
2026-08-15 20:36:15,340 │ INFO    │ ✓ cached  [A_topo] loaded in 0.0s  (A_topo__2023__d6587516ea.pkl)
2026-08-15 20:36:15,403 │ INFO    │ ✓ cached  [graph_mask] loaded in 0.0s  (graph_mask__2023__e163a6c92d.pkl)
2026-08-15 20:36:15,499 │ INFO    │ ✓ cached  [delay_support] loaded in 0.0s  (delay_support__2023__0b147800fc.pkl)
2026-08-15 20:36:15,621 │ INFO    │ ✓ cached  [events] loaded in 0.0s  (events__2023__759bb12f03.pkl)
2026-08-15 20:36:15,663 │ INFO    │ ✓ cached  [C_venue] loaded in 0.0s  (C_venue__2023__c38cca5bff.pkl)
2026-08-15 20:36:15,709 │ INFO    │ ✓ cached  [exogenous] loaded in 0.0s  (exogenous__2023__c29b8b64eb.pkl)
2026-08-15 20:36:15,768 │ INFO    │ IEEE × M3 plot style configured (single 3.5in / double 7.16in, 600 dpi, Type-42 fonts).
2026-08-15 20:36:15,929 │ INFO    │ ✓ figure  [F01] exists — skipping (force=True to redraw)
2026-08-15 20:36:15,933 │ INFO    │ ✓ figure  [F02] exists — skipping (force=True to redraw)
2026-08-15 20:36:15,937 │ INFO    │ ✓ figure  [F03] exists — skipping (force=True to redraw)
2026-08-15 20:36:15,940 │ INFO    │ ✓ figure  [F04] exists — skipping (force=True to redraw)
2026-08-15 20:36:15,944 │ INFO    │ ✓ figure  [F05] exists — skipping (force=True to redraw)
2026-08-15 20:36:15,946 │ INFO    │ ✓ figure  [F06] exists — skipping (force=True to redraw)
2026-08-15 20:36:15,948 │ INFO    │ ✓ figure  [F07] exists — skipping (force=True to redraw)
2026-08-15 20:36:15,950 │ INFO    │ ✓ figure  [F08] exists — skipping (force=True to redraw)
2026-08-15 20:36:15,952 │ INFO    │ ✓ figure  [F09] exists — skipping (force=True to redraw)
2026-08-15 20:36:15,954 │ INFO    │ ✓ figure  [F10] exists — skipping (force=True to redraw)
2026-08-15 20:36:15,956 │ INFO    │ ✓ figure  [F11] exists — skipping (force=True to redraw)
2026-08-15 20:36:15,957 │ INFO    │ ✓ figure  [F12] exists — skipping (force=True to redraw)
2026-08-15 20:36:15,960 │ INFO    │ ✓ figure  [F13] exists — skipping (force=True to redraw)
2026-08-15 20:36:15,962 │ INFO    │ ✓ figure  [F14] exists — skipping (force=True to redraw)
2026-08-15 20:36:15,963 │ INFO    │ ✓ figure  [F15] exists — skipping (force=True to redraw)
2026-08-15 20:36:15,965 │ INFO    │ ✓ figure  [F16] exists — skipping (force=True to redraw)
2026-08-15 20:36:15,966 │ INFO    │ ✓ figure  [F17] exists — skipping (force=True to redraw)
2026-08-15 20:36:15,968 │ INFO    │ ✓ figure  [F18] exists — skipping (force=True to redraw)
2026-08-15 20:36:15,970 │ INFO    │ ✓ figure  [F19] exists — skipping (force=True to redraw)
2026-08-15 20:36:15,972 │ INFO    │ Descriptive figures rendered/verified: 19/19
2026-08-15 20:36:16,032 │ INFO    │ ✓ cached  [windows] loaded in 0.0s  (windows__2023__5b7a3a5529.pkl)
2026-08-15 20:36:16,421 │ INFO    │ CALM-Net components defined: CDG · BFC · PMC · quantile heads (+ inherited TCN / GAT / attention-LSTM backbone).
2026-08-15 20:36:16,444 │ INFO    │ CALM-Net assembled.
2026-08-15 20:36:16,700 │ INFO    │ Baselines part 1 defined (LSTM · TCN · ConvLSTM · SVR-LSTM · TGALSTM · TDAG-Net · TDAG-Net Input-Splitter).
2026-08-15 20:36:16,756 │ INFO    │ Baselines part 2 defined (STGCN · DCRNN · Graph WaveNet · AGCRN).
2026-08-15 20:36:16,785 │ INFO    │ Uncertainty baselines defined (MC-Dropout · Deep Ensemble · Quantile Regression).
2026-08-15 20:36:17,532 │ INFO    │ Trainer ready — resumable to the batch, Huber + pinball objective.
2026-08-15 20:36:19,759 │ INFO    │ ✓ cached  [LSTM] predictions + metrics loaded
2026-08-15 20:36:21,575 │ INFO    │ ✓ cached  [TCN] predictions + metrics loaded
2026-08-15 20:36:23,165 │ INFO    │ ✓ cached  [ConvLSTM] predictions + metrics loaded
2026-08-15 20:36:24,971 │ INFO    │ ✓ cached  [SVR-LSTM] predictions + metrics loaded
2026-08-15 20:36:26,400 │ INFO    │ ✓ cached  [STGCN] predictions + metrics loaded
2026-08-15 20:36:27,943 │ INFO    │ ✓ cached  [DCRNN] predictions + metrics loaded
2026-08-15 20:36:29,644 │ INFO    │ ✓ cached  [Graph WaveNet] predictions + metrics loaded
2026-08-15 20:36:31,356 │ INFO    │ ✓ cached  [AGCRN] predictions + metrics loaded
2026-08-15 20:36:33,017 │ INFO    │ ✓ cached  [TGALSTM] predictions + metrics loaded
2026-08-15 20:36:34,799 │ INFO    │ ✓ cached  [TDAG-Net] predictions + metrics loaded
2026-08-15 20:36:36,487 │ INFO    │ ✓ cached  [TDAG-Net (Input-Splitter)] predictions + metrics loaded
2026-08-15 20:36:41,576 │ INFO    │ ▶ training [CALM-Net] — 3,640 train / 364 tune windows, 114 batches/epoch, from epoch 0
2026-08-15 20:36:58,107 │ INFO    │   e  0  train 0.25802  val 0.16540  ★  lr 3.00e-04  17s  patience 0/15
2026-08-15 20:37:12,732 │ INFO    │   e  1  train 0.16385  val 0.13232  ★  lr 3.00e-04  15s  patience 0/15
2026-08-15 20:37:28,663 │ INFO    │   e  2  train 0.14816  val 0.12770  ★  lr 3.00e-04  16s  patience 0/15
2026-08-15 20:37:44,074 │ INFO    │   e  3  train 0.14201  val 0.11973  ★  lr 3.00e-04  15s  patience 0/15
2026-08-15 20:37:59,526 │ INFO    │   e  4  train 0.13870  val 0.11942  ★  lr 3.00e-04  15s  patience 0/15
2026-08-15 20:38:14,769 │ INFO    │   e  5  train 0.13574  val 0.11371  ★  lr 3.00e-04  15s  patience 0/15
2026-08-15 20:38:29,851 │ INFO    │   e  6  train 0.13455  val 0.11246  ★  lr 3.00e-04  15s  patience 0/15
2026-08-15 20:38:44,828 │ INFO    │   e  7  train 0.13288  val 0.11475     lr 3.00e-04  15s  patience 1/15
2026-08-15 20:38:59,946 │ INFO    │   e  8  train 0.13113  val 0.10992  ★  lr 3.00e-04  15s  patience 0/15
2026-08-15 20:39:15,363 │ INFO    │   e  9  train 0.13020  val 0.10740  ★  lr 3.00e-04  15s  patience 0/15
2026-08-15 20:39:30,509 │ INFO    │   e 10  train 0.12943  val 0.10920     lr 3.00e-04  15s  patience 1/15
2026-08-15 20:39:45,669 │ INFO    │   e 11  train 0.12875  val 0.10675  ★  lr 3.00e-04  15s  patience 0/15
2026-08-15 20:40:00,755 │ INFO    │   e 12  train 0.12830  val 0.11228     lr 3.00e-04  15s  patience 1/15
2026-08-15 20:40:15,812 │ INFO    │   e 13  train 0.12775  val 0.10923     lr 3.00e-04  15s  patience 2/15
2026-08-15 20:40:30,941 │ INFO    │   e 14  train 0.12597  val 0.10607  ★  lr 3.00e-04  15s  patience 0/15
2026-08-15 20:40:46,082 │ INFO    │   e 15  train 0.12665  val 0.10592  ★  lr 3.00e-04  15s  patience 0/15
2026-08-15 20:41:01,146 │ INFO    │   e 16  train 0.12510  val 0.10778     lr 3.00e-04  15s  patience 1/15
2026-08-15 20:41:16,242 │ INFO    │   e 17  train 0.12485  val 0.10728     lr 3.00e-04  15s  patience 2/15
2026-08-15 20:41:31,451 │ INFO    │   e 18  train 0.12512  val 0.10573  ★  lr 3.00e-04  15s  patience 0/15
2026-08-15 20:41:46,671 │ INFO    │   e 19  train 0.12491  val 0.10535  ★  lr 3.00e-04  15s  patience 0/15
2026-08-15 20:42:01,770 │ INFO    │   e 20  train 0.12391  val 0.10633     lr 3.00e-04  15s  patience 1/15
2026-08-15 20:42:16,931 │ INFO    │   e 21  train 0.12348  val 0.10347  ★  lr 3.00e-04  15s  patience 0/15
2026-08-15 20:42:32,128 │ INFO    │   e 22  train 0.12381  val 0.10222  ★  lr 3.00e-04  15s  patience 0/15
2026-08-15 20:42:47,220 │ INFO    │   e 23  train 0.12315  val 0.10432     lr 3.00e-04  15s  patience 1/15
2026-08-15 20:43:02,336 │ INFO    │   e 24  train 0.12237  val 0.10355     lr 3.00e-04  15s  patience 2/15
2026-08-15 20:43:17,454 │ INFO    │   e 25  train 0.12239  val 0.10272     lr 3.00e-04  15s  patience 3/15
2026-08-15 20:43:32,657 │ INFO    │   e 26  train 0.12187  val 0.10093  ★  lr 3.00e-04  15s  patience 0/15
2026-08-15 20:43:47,772 │ INFO    │   e 27  train 0.12186  val 0.10249     lr 3.00e-04  15s  patience 1/15
2026-08-15 20:44:02,890 │ INFO    │   e 28  train 0.12175  val 0.10211     lr 3.00e-04  15s  patience 2/15
2026-08-15 20:44:18,061 │ INFO    │   e 29  train 0.12109  val 0.09868  ★  lr 3.00e-04  15s  patience 0/15
2026-08-15 20:44:33,173 │ INFO    │   e 30  train 0.12099  val 0.10760     lr 3.00e-04  15s  patience 1/15
2026-08-15 20:44:48,296 │ INFO    │   e 31  train 0.12069  val 0.10098     lr 3.00e-04  15s  patience 2/15
2026-08-15 20:45:03,450 │ INFO    │   e 32  train 0.12020  val 0.10129     lr 3.00e-04  15s  patience 3/15
2026-08-15 20:45:18,576 │ INFO    │   e 33  train 0.11985  val 0.09909     lr 3.00e-04  15s  patience 4/15
2026-08-15 20:45:33,692 │ INFO    │   e 34  train 0.12000  val 0.10187     lr 3.00e-04  15s  patience 5/15
2026-08-15 20:45:48,830 │ INFO    │   e 35  train 0.12018  val 0.10171     lr 3.00e-04  15s  patience 6/15
2026-08-15 20:46:03,966 │ INFO    │   e 36  train 0.11991  val 0.09962     lr 1.50e-04  15s  patience 7/15
2026-08-15 20:46:19,084 │ INFO    │   e 37  train 0.11816  val 0.09910     lr 1.50e-04  15s  patience 8/15
2026-08-15 20:46:34,212 │ INFO    │   e 38  train 0.11797  val 0.10094     lr 1.50e-04  15s  patience 9/15
2026-08-15 20:46:49,388 │ INFO    │   e 39  train 0.11808  val 0.09855  ★  lr 1.50e-04  15s  patience 0/15
2026-08-15 20:47:04,589 │ INFO    │   e 40  train 0.11785  val 0.09806  ★  lr 1.50e-04  15s  patience 0/15
2026-08-15 20:47:19,777 │ INFO    │   e 41  train 0.11755  val 0.09758  ★  lr 1.50e-04  15s  patience 0/15
2026-08-15 20:47:34,965 │ INFO    │   e 42  train 0.11819  val 0.09758  ★  lr 1.50e-04  15s  patience 0/15
2026-08-15 20:47:50,163 │ INFO    │   e 43  train 0.11736  val 0.09666  ★  lr 1.50e-04  15s  patience 0/15
2026-08-15 20:48:05,290 │ INFO    │   e 44  train 0.11734  val 0.09967     lr 1.50e-04  15s  patience 1/15
2026-08-15 20:48:20,409 │ INFO    │   e 45  train 0.11712  val 0.09694     lr 1.50e-04  15s  patience 2/15
2026-08-15 20:48:35,536 │ INFO    │   e 46  train 0.11673  val 0.09752     lr 1.50e-04  15s  patience 3/15
2026-08-15 20:48:50,663 │ INFO    │   e 47  train 0.11700  val 0.09727     lr 1.50e-04  15s  patience 4/15
2026-08-15 20:49:05,853 │ INFO    │   e 48  train 0.11676  val 0.09554  ★  lr 1.50e-04  15s  patience 0/15
2026-08-15 20:49:20,989 │ INFO    │   e 49  train 0.11691  val 0.09785     lr 1.50e-04  15s  patience 1/15
2026-08-15 20:49:36,137 │ INFO    │   e 50  train 0.11656  val 0.09780     lr 1.50e-04  15s  patience 2/15
2026-08-15 20:49:51,287 │ INFO    │   e 51  train 0.11663  val 0.09732     lr 1.50e-04  15s  patience 3/15
2026-08-15 20:50:06,422 │ INFO    │   e 52  train 0.11641  val 0.09725     lr 1.50e-04  15s  patience 4/15
2026-08-15 20:50:21,534 │ INFO    │   e 53  train 0.11641  val 0.09603     lr 1.50e-04  15s  patience 5/15
2026-08-15 20:50:36,637 │ INFO    │   e 54  train 0.11657  val 0.10079     lr 1.50e-04  15s  patience 6/15
2026-08-15 20:50:51,822 │ INFO    │   e 55  train 0.11652  val 0.09529  ★  lr 1.50e-04  15s  patience 0/15
2026-08-15 20:51:06,960 │ INFO    │   e 56  train 0.11632  val 0.09972     lr 1.50e-04  15s  patience 1/15
2026-08-15 20:51:22,102 │ INFO    │   e 57  train 0.11564  val 0.09598     lr 1.50e-04  15s  patience 2/15
2026-08-15 20:51:37,239 │ INFO    │   e 58  train 0.11577  val 0.09688     lr 1.50e-04  15s  patience 3/15
2026-08-15 20:51:52,367 │ INFO    │   e 59  train 0.11590  val 0.09697     lr 1.50e-04  15s  patience 4/15
2026-08-15 20:52:07,478 │ INFO    │   e 60  train 0.11609  val 0.09558     lr 1.50e-04  15s  patience 5/15
2026-08-15 20:52:22,587 │ INFO    │   e 61  train 0.11551  val 0.09543     lr 1.50e-04  15s  patience 6/15
2026-08-15 20:52:37,704 │ INFO    │   e 62  train 0.11593  val 0.09657     lr 7.50e-05  15s  patience 7/15
2026-08-15 20:52:52,819 │ INFO    │   e 63  train 0.11492  val 0.09623     lr 7.50e-05  15s  patience 8/15
2026-08-15 20:53:08,067 │ INFO    │   e 64  train 0.11488  val 0.09442  ★  lr 7.50e-05  15s  patience 0/15
2026-08-15 20:53:23,185 │ INFO    │   e 65  train 0.11511  val 0.09491     lr 7.50e-05  15s  patience 1/15
2026-08-15 20:53:38,332 │ INFO    │   e 66  train 0.11484  val 0.09446     lr 7.50e-05  15s  patience 2/15
2026-08-15 20:53:53,495 │ INFO    │   e 67  train 0.11482  val 0.09502     lr 7.50e-05  15s  patience 3/15
2026-08-15 20:54:08,718 │ INFO    │   e 68  train 0.11468  val 0.09386  ★  lr 7.50e-05  15s  patience 0/15
2026-08-15 20:54:23,819 │ INFO    │   e 69  train 0.11466  val 0.09402     lr 7.50e-05  15s  patience 1/15
2026-08-15 20:54:38,942 │ INFO    │   e 70  train 0.11458  val 0.09555     lr 7.50e-05  15s  patience 2/15
2026-08-15 20:54:54,049 │ INFO    │   e 71  train 0.11464  val 0.09566     lr 7.50e-05  15s  patience 3/15
2026-08-15 20:55:09,177 │ INFO    │   e 72  train 0.11459  val 0.09552     lr 7.50e-05  15s  patience 4/15
2026-08-15 20:55:24,308 │ INFO    │   e 73  train 0.11460  val 0.09459     lr 7.50e-05  15s  patience 5/15
2026-08-15 20:55:39,430 │ INFO    │   e 74  train 0.11456  val 0.09596     lr 7.50e-05  15s  patience 6/15
2026-08-15 20:55:54,541 │ INFO    │   e 75  train 0.11431  val 0.09632     lr 3.75e-05  15s  patience 7/15
2026-08-15 20:56:09,664 │ INFO    │   e 76  train 0.11429  val 0.09558     lr 3.75e-05  15s  patience 8/15
2026-08-15 20:56:24,808 │ INFO    │   e 77  train 0.11414  val 0.09393     lr 3.75e-05  15s  patience 9/15
2026-08-15 20:56:39,930 │ INFO    │   e 78  train 0.11409  val 0.09475     lr 3.75e-05  15s  patience 10/15
2026-08-15 20:56:55,060 │ INFO    │   e 79  train 0.11398  val 0.09538     lr 3.75e-05  15s  patience 11/15
2026-08-15 20:56:55,249 │ INFO    │ ✔ finished [CALM-Net] best_val=0.09386 @ epoch 68
2026-08-15 20:57:04,739 │ INFO    │ ✓ cached  [CALM-Net w/o CDG] predictions + metrics loaded
2026-08-15 20:57:07,082 │ INFO    │ ✓ cached  [CALM-Net w/o BFC] predictions + metrics loaded
2026-08-15 20:57:09,171 │ INFO    │ ✓ cached  [CALM-Net w/o PMC] predictions + metrics loaded
2026-08-15 20:57:11,016 │ INFO    │ ✓ cached  [CALM-Net w/o ECQ] predictions + metrics loaded
2026-08-15 20:57:13,212 │ INFO    │ ✓ cached  [CALM-Net delta=0] predictions + metrics loaded
2026-08-15 20:57:15,395 │ INFO    │ ✓ cached  [CALM-Net delta<=1] predictions + metrics loaded
2026-08-15 20:57:18,741 │ INFO    │ ✓ cached  [CALM-Net delta<=2] predictions + metrics loaded
2026-08-15 20:57:20,929 │ INFO    │ ✓ cached  [MC-Dropout] predictions + metrics loaded
2026-08-15 20:57:23,355 │ INFO    │ ✓ cached  [Quantile Reg.] predictions + metrics loaded
2026-08-15 20:57:25,578 │ INFO    │ ✓ cached  [Deep Ensemble]
2026-08-15 20:57:26,637 │ INFO    │ ✓ figure  [F20] exists — skipping (force=True to redraw)
2026-08-15 20:57:26,906 │ INFO    │ ✓ figure  [F21] exists — skipping (force=True to redraw)
2026-08-15 20:57:26,911 │ INFO    │ ✓ figure  [F22] exists — skipping (force=True to redraw)
2026-08-15 20:57:26,913 │ INFO    │ ✓ figure  [F23] exists — skipping (force=True to redraw)
2026-08-15 20:57:26,914 │ INFO    │ ✓ figure  [F24] exists — skipping (force=True to redraw)
2026-08-15 20:57:26,916 │ INFO    │ ✓ figure  [F25] exists — skipping (force=True to redraw)
2026-08-15 20:57:26,918 │ INFO    │ ✓ figure  [F26] exists — skipping (force=True to redraw)
2026-08-15 20:57:26,920 │ INFO    │ ✓ figure  [F28] exists — skipping (force=True to redraw)
2026-08-15 20:57:27,102 │ INFO    │ ✓ figure  [F29] exists — skipping (force=True to redraw)
2026-08-15 20:57:27,106 │ INFO    │ ✓ figure  [F30] exists — skipping (force=True to redraw)
2026-08-15 20:57:27,109 │ INFO    │ ✓ figure  [F31] exists — skipping (force=True to redraw)
2026-08-15 20:57:27,111 │ INFO    │ ✓ figure  [F32] exists — skipping (force=True to redraw)
2026-08-15 20:57:27,115 │ INFO    │ ✓ figure  [F33] exists — skipping (force=True to redraw)
2026-08-15 20:57:27,120 │ INFO    │ ✓ figure  [F34] exists — skipping (force=True to redraw)
2026-08-15 20:57:27,123 │ INFO    │ ✓ figure  [F27] exists — skipping (force=True to redraw)
2026-08-15 20:57:27,126 │ INFO    │ Result figures rendered/verified: 15/15
2026-08-15 20:57:27,257 │ INFO    │ CALM-Net restored from best.pt
2026-08-15 20:58:31,530 │ INFO    │ PIPELINE COMPLETE - CALM-Net.
2026-08-15 21:05:31,673 │ INFO    │ ✓ figure  [F20] exists — skipping (force=True to redraw)
2026-08-15 21:05:31,678 │ INFO    │ ✓ figure  [F21] exists — skipping (force=True to redraw)
2026-08-15 21:05:31,682 │ INFO    │ ✓ figure  [F22] exists — skipping (force=True to redraw)
2026-08-15 21:05:31,685 │ INFO    │ ✓ figure  [F23] exists — skipping (force=True to redraw)
2026-08-15 21:05:31,687 │ INFO    │ ✓ figure  [F24] exists — skipping (force=True to redraw)
2026-08-15 21:05:31,689 │ INFO    │ ✓ figure  [F25] exists — skipping (force=True to redraw)
2026-08-15 21:05:31,692 │ INFO    │ ✓ figure  [F26] exists — skipping (force=True to redraw)
2026-08-15 21:05:31,694 │ INFO    │ ✓ figure  [F28] exists — skipping (force=True to redraw)
2026-08-15 21:05:31,696 │ INFO    │ ✓ figure  [F29] exists — skipping (force=True to redraw)
2026-08-15 21:05:31,698 │ INFO    │ ✓ figure  [F30] exists — skipping (force=True to redraw)
2026-08-15 21:05:31,700 │ INFO    │ ✓ figure  [F31] exists — skipping (force=True to redraw)
2026-08-15 21:05:31,704 │ INFO    │ ✓ figure  [F32] exists — skipping (force=True to redraw)
2026-08-15 21:05:31,706 │ INFO    │ ✓ figure  [F33] exists — skipping (force=True to redraw)
2026-08-15 21:05:31,708 │ INFO    │ ✓ figure  [F34] exists — skipping (force=True to redraw)
2026-08-15 21:05:31,710 │ INFO    │ ✓ figure  [F27] exists — skipping (force=True to redraw)
2026-08-15 21:05:31,713 │ INFO    │ Result figures rendered/verified: 15/15
2026-08-15 21:05:40,179 │ INFO    │ CALM-Net restored from best.pt
2026-08-15 21:06:02,031 │ INFO    │ PIPELINE COMPLETE - CALM-Net.
2026-08-15 21:26:47,446 │ INFO    │ Core infrastructure online — CALM-Net.
2026-08-15 21:26:47,451 │ INFO    │ Device: cuda │ Log file: /content/drive/MyDrive/CALM_Net/logs/calmnet_20260815.log
2026-08-15 21:26:47,456 │ INFO    │ Startup: RAM 3.30 GB │ GPU 0.62/1.08 GB
2026-08-15 21:26:47,489 │ INFO    │ AFC reader ready (4 dialects).
2026-08-15 21:26:47,534 │ INFO    │ ✓ cached  [file_manifest] loaded in 0.0s  (file_manifest__2023__7fda0833bf.parquet)
2026-08-15 21:26:47,658 │ INFO    │ Ingestion [2023] — 17 done, 0 pending (5.08 GB total)  │  cache: reused from TDAG_Net (17 flow parquet files)
2026-08-15 21:26:47,659 │ INFO    │ Nothing to ingest. ✓
2026-08-15 21:26:47,915 │ INFO    │ ✓ cached  [day_source_map] loaded in 0.0s  (day_source_map__2023__9fe854d7ee.parquet)
2026-08-15 21:26:48,353 │ INFO    │ ✓ cached  [tensors] loaded in 0.4s  (tensors__2023__084ad33c34.pkl)
2026-08-15 21:26:48,553 │ INFO    │ After tensors: RAM 3.31 GB │ GPU 0.62/1.08 GB
2026-08-15 21:26:48,615 │ INFO    │ ✓ cached  [card_signatures] loaded in 0.0s  (card_signatures__2023__b08eb4f084.pkl)
2026-08-15 21:26:48,815 │ INFO    │ ✓ cached  [persona_prior] loaded in 0.0s  (persona_prior__2023__4d0870a6c1.pkl)
2026-08-15 21:26:49,360 │ INFO    │ ✓ cached  [spatial_probe] loaded in 0.0s  (spatial_probe__2023__ec43276801.pkl)
2026-08-15 21:26:49,470 │ INFO    │ ✓ cached  [A_topo] loaded in 0.0s  (A_topo__2023__d6587516ea.pkl)
2026-08-15 21:26:49,515 │ INFO    │ ✓ cached  [graph_mask] loaded in 0.0s  (graph_mask__2023__e163a6c92d.pkl)
2026-08-15 21:26:49,578 │ INFO    │ ✓ cached  [delay_support] loaded in 0.0s  (delay_support__2023__0b147800fc.pkl)
2026-08-15 21:26:49,681 │ INFO    │ ✓ cached  [events] loaded in 0.0s  (events__2023__759bb12f03.pkl)
2026-08-15 21:26:49,761 │ INFO    │ ✓ cached  [C_venue] loaded in 0.0s  (C_venue__2023__c38cca5bff.pkl)
2026-08-15 21:26:49,839 │ INFO    │ ✓ cached  [exogenous] loaded in 0.0s  (exogenous__2023__c29b8b64eb.pkl)
2026-08-15 21:26:49,932 │ INFO    │ IEEE × M3 plot style configured (single 3.5in / double 7.16in, 600 dpi, Type-42 fonts).
2026-08-15 21:26:50,405 │ INFO    │ ✓ figure  [F01] exists — skipping (force=True to redraw)
2026-08-15 21:26:50,410 │ INFO    │ ✓ figure  [F02] exists — skipping (force=True to redraw)
2026-08-15 21:26:50,422 │ INFO    │ ✓ figure  [F03] exists — skipping (force=True to redraw)
2026-08-15 21:26:50,427 │ INFO    │ ✓ figure  [F04] exists — skipping (force=True to redraw)
2026-08-15 21:26:50,434 │ INFO    │ ✓ figure  [F05] exists — skipping (force=True to redraw)
2026-08-15 21:26:50,438 │ INFO    │ ✓ figure  [F06] exists — skipping (force=True to redraw)
2026-08-15 21:26:50,442 │ INFO    │ ✓ figure  [F07] exists — skipping (force=True to redraw)
2026-08-15 21:26:50,447 │ INFO    │ ✓ figure  [F08] exists — skipping (force=True to redraw)
2026-08-15 21:26:50,451 │ INFO    │ ✓ figure  [F09] exists — skipping (force=True to redraw)
2026-08-15 21:26:50,454 │ INFO    │ ✓ figure  [F10] exists — skipping (force=True to redraw)
2026-08-15 21:26:50,458 │ INFO    │ ✓ figure  [F11] exists — skipping (force=True to redraw)
2026-08-15 21:26:50,464 │ INFO    │ ✓ figure  [F12] exists — skipping (force=True to redraw)
2026-08-15 21:26:50,468 │ INFO    │ ✓ figure  [F13] exists — skipping (force=True to redraw)
2026-08-15 21:26:50,474 │ INFO    │ ✓ figure  [F14] exists — skipping (force=True to redraw)
2026-08-15 21:26:50,482 │ INFO    │ ✓ figure  [F15] exists — skipping (force=True to redraw)
2026-08-15 21:26:50,485 │ INFO    │ ✓ figure  [F16] exists — skipping (force=True to redraw)
2026-08-15 21:26:50,491 │ INFO    │ ✓ figure  [F17] exists — skipping (force=True to redraw)
2026-08-15 21:26:50,494 │ INFO    │ ✓ figure  [F18] exists — skipping (force=True to redraw)
2026-08-15 21:26:50,500 │ INFO    │ ✓ figure  [F19] exists — skipping (force=True to redraw)
2026-08-15 21:26:50,505 │ INFO    │ Descriptive figures rendered/verified: 19/19
2026-08-15 21:26:50,696 │ INFO    │ ✓ cached  [windows] loaded in 0.0s  (windows__2023__5b7a3a5529.pkl)
2026-08-15 21:26:51,748 │ INFO    │ CALM-Net components defined: CDG · BFC · PMC · quantile heads (+ inherited TCN / GAT / attention-LSTM backbone).
2026-08-15 21:26:51,829 │ INFO    │ CALM-Net assembled.
2026-08-15 21:26:51,977 │ INFO    │ Baselines part 1 defined (LSTM · TCN · ConvLSTM · SVR-LSTM · TGALSTM · TDAG-Net · TDAG-Net Input-Splitter).
2026-08-15 21:26:52,068 │ INFO    │ Baselines part 2 defined (STGCN · DCRNN · Graph WaveNet · AGCRN).
2026-08-15 21:26:52,107 │ INFO    │ Uncertainty baselines defined (MC-Dropout · Deep Ensemble · Quantile Regression).
2026-08-15 21:26:53,695 │ INFO    │ Trainer ready — resumable to the batch, Huber + pinball objective.
2026-08-15 21:26:54,061 │ INFO    │ ✓ cached  [LSTM] predictions + metrics loaded
2026-08-15 21:26:54,276 │ INFO    │ ✓ cached  [TCN] predictions + metrics loaded
2026-08-15 21:26:54,589 │ INFO    │ ✓ cached  [ConvLSTM] predictions + metrics loaded
2026-08-15 21:26:54,822 │ INFO    │ ✓ cached  [SVR-LSTM] predictions + metrics loaded
2026-08-15 21:26:55,051 │ INFO    │ ✓ cached  [STGCN] predictions + metrics loaded
2026-08-15 21:26:55,175 │ INFO    │ ✓ cached  [DCRNN] predictions + metrics loaded
2026-08-15 21:26:55,294 │ INFO    │ ✓ cached  [Graph WaveNet] predictions + metrics loaded
2026-08-15 21:26:55,415 │ INFO    │ ✓ cached  [AGCRN] predictions + metrics loaded
2026-08-15 21:26:55,600 │ INFO    │ ✓ cached  [TGALSTM] predictions + metrics loaded
2026-08-15 21:26:55,725 │ INFO    │ ✓ cached  [TDAG-Net] predictions + metrics loaded
2026-08-15 21:26:55,844 │ INFO    │ ✓ cached  [TDAG-Net (Input-Splitter)] predictions + metrics loaded
2026-08-15 21:26:56,151 │ INFO    │ ✓ cached  [CALM-Net] predictions + metrics loaded
2026-08-15 21:26:56,216 │ INFO    │ ▶ training [CALM-Net w/o CDG] — 3,640 train / 364 tune windows, 114 batches/epoch, from epoch 0
2026-08-15 21:27:11,768 │ INFO    │   e  0  train 0.25804  val 0.16561  ★  lr 3.00e-04  16s  patience 0/15
2026-08-15 21:27:26,679 │ INFO    │   e  1  train 0.16400  val 0.13255  ★  lr 3.00e-04  15s  patience 0/15
2026-08-15 21:27:41,877 │ INFO    │   e  2  train 0.14838  val 0.12796  ★  lr 3.00e-04  15s  patience 0/15
2026-08-15 21:27:57,265 │ INFO    │   e  3  train 0.14226  val 0.11997  ★  lr 3.00e-04  15s  patience 0/15
2026-08-15 21:28:12,477 │ INFO    │   e  4  train 0.13897  val 0.11992  ★  lr 3.00e-04  15s  patience 0/15
2026-08-15 21:28:27,546 │ INFO    │   e  5  train 0.13602  val 0.11402  ★  lr 3.00e-04  15s  patience 0/15
2026-08-15 21:28:42,576 │ INFO    │   e  6  train 0.13472  val 0.11256  ★  lr 3.00e-04  15s  patience 0/15
2026-08-15 21:28:58,674 │ INFO    │   e  7  train 0.13308  val 0.11507     lr 3.00e-04  16s  patience 1/15
2026-08-15 21:29:13,808 │ INFO    │   e  8  train 0.13137  val 0.11021  ★  lr 3.00e-04  15s  patience 0/15
2026-08-15 21:29:29,030 │ INFO    │   e  9  train 0.13046  val 0.10760  ★  lr 3.00e-04  15s  patience 0/15
2026-08-15 21:29:44,136 │ INFO    │   e 10  train 0.12972  val 0.10892     lr 3.00e-04  15s  patience 1/15
2026-08-15 21:29:59,277 │ INFO    │   e 11  train 0.12906  val 0.10679  ★  lr 3.00e-04  15s  patience 0/15
2026-08-15 21:30:14,925 │ INFO    │   e 12  train 0.12849  val 0.11223     lr 3.00e-04  16s  patience 1/15
2026-08-15 21:30:29,971 │ INFO    │   e 13  train 0.12811  val 0.10936     lr 3.00e-04  15s  patience 2/15
2026-08-15 21:30:45,078 │ INFO    │   e 14  train 0.12629  val 0.10639  ★  lr 3.00e-04  15s  patience 0/15
2026-08-15 21:31:00,158 │ INFO    │   e 15  train 0.12695  val 0.10619  ★  lr 3.00e-04  15s  patience 0/15
2026-08-15 21:31:15,171 │ INFO    │   e 16  train 0.12542  val 0.10726     lr 3.00e-04  15s  patience 1/15
2026-08-15 21:31:30,203 │ INFO    │   e 17  train 0.12520  val 0.10790     lr 3.00e-04  15s  patience 2/15
2026-08-15 21:31:45,244 │ INFO    │   e 18  train 0.12531  val 0.10645     lr 3.00e-04  15s  patience 3/15
2026-08-15 21:32:00,351 │ INFO    │   e 19  train 0.12532  val 0.10571  ★  lr 3.00e-04  15s  patience 0/15
2026-08-15 21:32:15,409 │ INFO    │   e 20  train 0.12425  val 0.10666     lr 3.00e-04  15s  patience 1/15
2026-08-15 21:32:30,537 │ INFO    │   e 21  train 0.12381  val 0.10392  ★  lr 3.00e-04  15s  patience 0/15
2026-08-15 21:32:45,673 │ INFO    │   e 22  train 0.12408  val 0.10254  ★  lr 3.00e-04  15s  patience 0/15
2026-08-15 21:33:00,731 │ INFO    │   e 23  train 0.12348  val 0.10444     lr 3.00e-04  15s  patience 1/15
2026-08-15 21:33:15,801 │ INFO    │   e 24  train 0.12276  val 0.10373     lr 3.00e-04  15s  patience 2/15
2026-08-15 21:33:30,873 │ INFO    │   e 25  train 0.12287  val 0.10301     lr 3.00e-04  15s  patience 3/15
2026-08-15 21:33:46,044 │ INFO    │   e 26  train 0.12220  val 0.10100  ★  lr 3.00e-04  15s  patience 0/15
2026-08-15 21:34:01,130 │ INFO    │   e 27  train 0.12232  val 0.10277     lr 3.00e-04  15s  patience 1/15
2026-08-15 21:34:16,235 │ INFO    │   e 28  train 0.12206  val 0.10220     lr 3.00e-04  15s  patience 2/15
2026-08-15 21:34:31,404 │ INFO    │   e 29  train 0.12141  val 0.09914  ★  lr 3.00e-04  15s  patience 0/15
2026-08-15 21:34:46,488 │ INFO    │   e 30  train 0.12150  val 0.10792     lr 3.00e-04  15s  patience 1/15
2026-08-15 21:35:01,576 │ INFO    │   e 31  train 0.12110  val 0.10104     lr 3.00e-04  15s  patience 2/15
2026-08-15 21:35:16,683 │ INFO    │   e 32  train 0.12064  val 0.10145     lr 3.00e-04  15s  patience 3/15
2026-08-15 21:35:31,767 │ INFO    │   e 33  train 0.12042  val 0.09956     lr 3.00e-04  15s  patience 4/15
2026-08-15 21:35:46,858 │ INFO    │   e 34  train 0.12058  val 0.10228     lr 3.00e-04  15s  patience 5/15
2026-08-15 21:36:01,941 │ INFO    │   e 35  train 0.12088  val 0.10200     lr 3.00e-04  15s  patience 6/15
2026-08-15 21:36:17,037 │ INFO    │   e 36  train 0.12052  val 0.10053     lr 1.50e-04  15s  patience 7/15
2026-08-15 21:36:32,142 │ INFO    │   e 37  train 0.11885  val 0.09962     lr 1.50e-04  15s  patience 8/15
2026-08-15 21:36:47,230 │ INFO    │   e 38  train 0.11869  val 0.10140     lr 1.50e-04  15s  patience 9/15
2026-08-15 21:37:02,328 │ INFO    │   e 39  train 0.11888  val 0.09960     lr 1.50e-04  15s  patience 10/15
2026-08-15 21:37:17,476 │ INFO    │   e 40  train 0.11859  val 0.09892  ★  lr 1.50e-04  15s  patience 0/15
2026-08-15 21:37:32,632 │ INFO    │   e 41  train 0.11838  val 0.09833  ★  lr 1.50e-04  15s  patience 0/15
2026-08-15 21:37:47,704 │ INFO    │   e 42  train 0.11903  val 0.09864     lr 1.50e-04  15s  patience 1/15
2026-08-15 21:38:02,856 │ INFO    │   e 43  train 0.11820  val 0.09794  ★  lr 1.50e-04  15s  patience 0/15
2026-08-15 21:38:17,949 │ INFO    │   e 44  train 0.11821  val 0.10060     lr 1.50e-04  15s  patience 1/15
2026-08-15 21:38:33,065 │ INFO    │   e 45  train 0.11810  val 0.09835     lr 1.50e-04  15s  patience 2/15
2026-08-15 21:38:48,155 │ INFO    │   e 46  train 0.11777  val 0.09859     lr 1.50e-04  15s  patience 3/15
2026-08-15 21:39:03,335 │ INFO    │   e 47  train 0.11800  val 0.09794  ★  lr 1.50e-04  15s  patience 0/15
2026-08-15 21:39:18,498 │ INFO    │   e 48  train 0.11784  val 0.09716  ★  lr 1.50e-04  15s  patience 0/15
2026-08-15 21:39:33,587 │ INFO    │   e 49  train 0.11805  val 0.09855     lr 1.50e-04  15s  patience 1/15
2026-08-15 21:39:48,666 │ INFO    │   e 50  train 0.11763  val 0.09892     lr 1.50e-04  15s  patience 2/15
2026-08-15 21:40:03,745 │ INFO    │   e 51  train 0.11768  val 0.09860     lr 1.50e-04  15s  patience 3/15
2026-08-15 21:40:18,859 │ INFO    │   e 52  train 0.11756  val 0.09793     lr 1.50e-04  15s  patience 4/15
2026-08-15 21:40:33,946 │ INFO    │   e 53  train 0.11750  val 0.09748     lr 1.50e-04  15s  patience 5/15
2026-08-15 21:40:49,044 │ INFO    │   e 54  train 0.11760  val 0.10172     lr 1.50e-04  15s  patience 6/15
2026-08-15 21:41:04,199 │ INFO    │   e 55  train 0.11769  val 0.09674  ★  lr 1.50e-04  15s  patience 0/15
2026-08-15 21:41:19,283 │ INFO    │   e 56  train 0.11748  val 0.09892     lr 1.50e-04  15s  patience 1/15
2026-08-15 21:41:34,375 │ INFO    │   e 57  train 0.11677  val 0.09759     lr 1.50e-04  15s  patience 2/15
2026-08-15 21:41:49,467 │ INFO    │   e 58  train 0.11697  val 0.09764     lr 1.50e-04  15s  patience 3/15
2026-08-15 21:42:04,572 │ INFO    │   e 59  train 0.11697  val 0.09772     lr 1.50e-04  15s  patience 4/15
2026-08-15 21:42:19,660 │ INFO    │   e 60  train 0.11724  val 0.09683     lr 1.50e-04  15s  patience 5/15
2026-08-15 21:42:34,853 │ INFO    │   e 61  train 0.11672  val 0.09661  ★  lr 1.50e-04  15s  patience 0/15
2026-08-15 21:42:49,947 │ INFO    │   e 62  train 0.11724  val 0.09730     lr 1.50e-04  15s  patience 1/15
2026-08-15 21:43:05,064 │ INFO    │   e 63  train 0.11686  val 0.09819     lr 1.50e-04  15s  patience 2/15
2026-08-15 21:43:20,164 │ INFO    │   e 64  train 0.11674  val 0.09733     lr 1.50e-04  15s  patience 3/15
2026-08-15 21:43:35,391 │ INFO    │   e 65  train 0.11661  val 0.09621  ★  lr 1.50e-04  15s  patience 0/15
2026-08-15 21:43:50,588 │ INFO    │   e 66  train 0.11655  val 0.09573  ★  lr 1.50e-04  15s  patience 0/15
2026-08-15 21:44:05,696 │ INFO    │   e 67  train 0.11641  val 0.09969     lr 1.50e-04  15s  patience 1/15
2026-08-15 21:44:20,858 │ INFO    │   e 68  train 0.11639  val 0.09524  ★  lr 1.50e-04  15s  patience 0/15
2026-08-15 21:44:35,956 │ INFO    │   e 69  train 0.11611  val 0.09524     lr 1.50e-04  15s  patience 1/15
2026-08-15 21:44:51,048 │ INFO    │   e 70  train 0.11617  val 0.09882     lr 1.50e-04  15s  patience 2/15
2026-08-15 21:45:06,150 │ INFO    │   e 71  train 0.11610  val 0.09657     lr 1.50e-04  15s  patience 3/15
2026-08-15 21:45:21,253 │ INFO    │   e 72  train 0.11587  val 0.09546     lr 1.50e-04  15s  patience 4/15
2026-08-15 21:45:36,370 │ INFO    │   e 73  train 0.11623  val 0.09616     lr 1.50e-04  15s  patience 5/15
2026-08-15 21:45:51,478 │ INFO    │   e 74  train 0.11585  val 0.09620     lr 1.50e-04  15s  patience 6/15
2026-08-15 21:46:06,569 │ INFO    │   e 75  train 0.11557  val 0.09655     lr 7.50e-05  15s  patience 7/15
2026-08-15 21:46:21,676 │ INFO    │   e 76  train 0.11553  val 0.09755     lr 7.50e-05  15s  patience 8/15
2026-08-15 21:46:36,836 │ INFO    │   e 77  train 0.11532  val 0.09516  ★  lr 7.50e-05  15s  patience 0/15
2026-08-15 21:46:51,947 │ INFO    │   e 78  train 0.11508  val 0.09652     lr 7.50e-05  15s  patience 1/15
2026-08-15 21:47:07,058 │ INFO    │   e 79  train 0.11530  val 0.09848     lr 7.50e-05  15s  patience 2/15
2026-08-15 21:47:07,251 │ INFO    │ ✔ finished [CALM-Net w/o CDG] best_val=0.09516 @ epoch 77
2026-08-15 21:47:13,875 │ INFO    │ ▶ training [CALM-Net w/o BFC] — 3,640 train / 364 tune windows, 114 batches/epoch, from epoch 0
2026-08-15 21:47:28,665 │ INFO    │   e  0  train 0.25840  val 0.16423  ★  lr 3.00e-04  15s  patience 0/15
2026-08-15 21:47:43,552 │ INFO    │   e  1  train 0.16301  val 0.13163  ★  lr 3.00e-04  15s  patience 0/15
2026-08-15 21:47:58,482 │ INFO    │   e  2  train 0.14745  val 0.12584  ★  lr 3.00e-04  15s  patience 0/15
2026-08-15 21:48:13,415 │ INFO    │   e  3  train 0.14139  val 0.12025  ★  lr 3.00e-04  15s  patience 0/15
2026-08-15 21:48:28,368 │ INFO    │   e  4  train 0.13826  val 0.11773  ★  lr 3.00e-04  15s  patience 0/15
2026-08-15 21:48:43,288 │ INFO    │   e  5  train 0.13519  val 0.11326  ★  lr 3.00e-04  15s  patience 0/15
2026-08-15 21:48:58,199 │ INFO    │   e  6  train 0.13401  val 0.11213  ★  lr 3.00e-04  15s  patience 0/15
2026-08-15 21:49:13,028 │ INFO    │   e  7  train 0.13236  val 0.11313     lr 3.00e-04  15s  patience 1/15
2026-08-15 21:49:27,916 │ INFO    │   e  8  train 0.13091  val 0.10872  ★  lr 3.00e-04  15s  patience 0/15
2026-08-15 21:49:42,803 │ INFO    │   e  9  train 0.12987  val 0.10650  ★  lr 3.00e-04  15s  patience 0/15
2026-08-15 21:49:57,631 │ INFO    │   e 10  train 0.12921  val 0.10841     lr 3.00e-04  15s  patience 1/15
2026-08-15 21:50:12,478 │ INFO    │   e 11  train 0.12846  val 0.10749     lr 3.00e-04  15s  patience 2/15
2026-08-15 21:50:27,337 │ INFO    │   e 12  train 0.12783  val 0.11222     lr 3.00e-04  15s  patience 3/15
2026-08-15 21:50:42,215 │ INFO    │   e 13  train 0.12750  val 0.10864     lr 3.00e-04  15s  patience 4/15
2026-08-15 21:50:57,151 │ INFO    │   e 14  train 0.12564  val 0.10563  ★  lr 3.00e-04  15s  patience 0/15
2026-08-15 21:51:12,071 │ INFO    │   e 15  train 0.12642  val 0.10500  ★  lr 3.00e-04  15s  patience 0/15
2026-08-15 21:51:26,947 │ INFO    │   e 16  train 0.12477  val 0.10675     lr 3.00e-04  15s  patience 1/15
2026-08-15 21:51:41,814 │ INFO    │   e 17  train 0.12447  val 0.10632     lr 3.00e-04  15s  patience 2/15
2026-08-15 21:51:56,779 │ INFO    │   e 18  train 0.12459  val 0.10450  ★  lr 3.00e-04  15s  patience 0/15
2026-08-15 21:52:11,751 │ INFO    │   e 19  train 0.12468  val 0.10403  ★  lr 3.00e-04  15s  patience 0/15
2026-08-15 21:52:26,637 │ INFO    │   e 20  train 0.12371  val 0.10802     lr 3.00e-04  15s  patience 1/15
2026-08-15 21:52:41,540 │ INFO    │   e 21  train 0.12305  val 0.10446     lr 3.00e-04  15s  patience 2/15
2026-08-15 21:52:56,458 │ INFO    │   e 22  train 0.12346  val 0.10177  ★  lr 3.00e-04  15s  patience 0/15
2026-08-15 21:53:11,293 │ INFO    │   e 23  train 0.12297  val 0.10355     lr 3.00e-04  15s  patience 1/15
2026-08-15 21:53:26,134 │ INFO    │   e 24  train 0.12220  val 0.10383     lr 3.00e-04  15s  patience 2/15
2026-08-15 21:53:40,972 │ INFO    │   e 25  train 0.12222  val 0.10300     lr 3.00e-04  15s  patience 3/15
2026-08-15 21:53:55,878 │ INFO    │   e 26  train 0.12150  val 0.10131  ★  lr 3.00e-04  15s  patience 0/15
2026-08-15 21:54:10,696 │ INFO    │   e 27  train 0.12170  val 0.10138     lr 3.00e-04  15s  patience 1/15
2026-08-15 21:54:25,505 │ INFO    │   e 28  train 0.12169  val 0.10240     lr 3.00e-04  15s  patience 2/15
2026-08-15 21:54:40,393 │ INFO    │   e 29  train 0.12110  val 0.09928  ★  lr 3.00e-04  15s  patience 0/15
2026-08-15 21:54:55,177 │ INFO    │   e 30  train 0.12097  val 0.10784     lr 3.00e-04  15s  patience 1/15
2026-08-15 21:55:09,954 │ INFO    │   e 31  train 0.12071  val 0.10279     lr 3.00e-04  15s  patience 2/15
2026-08-15 21:55:24,742 │ INFO    │   e 32  train 0.12032  val 0.10229     lr 3.00e-04  15s  patience 3/15
2026-08-15 21:55:39,612 │ INFO    │   e 33  train 0.11992  val 0.09901  ★  lr 3.00e-04  15s  patience 0/15
2026-08-15 21:55:54,441 │ INFO    │   e 34  train 0.12033  val 0.10182     lr 3.00e-04  15s  patience 1/15
2026-08-15 21:56:09,269 │ INFO    │   e 35  train 0.12018  val 0.10110     lr 3.00e-04  15s  patience 2/15
2026-08-15 21:56:24,101 │ INFO    │   e 36  train 0.12008  val 0.09962     lr 3.00e-04  15s  patience 3/15
2026-08-15 21:56:38,948 │ INFO    │   e 37  train 0.11947  val 0.09912     lr 3.00e-04  15s  patience 4/15
2026-08-15 21:56:53,808 │ INFO    │   e 38  train 0.11922  val 0.10442     lr 3.00e-04  15s  patience 5/15
2026-08-15 21:57:08,669 │ INFO    │   e 39  train 0.11942  val 0.09906     lr 3.00e-04  15s  patience 6/15
2026-08-15 21:57:23,519 │ INFO    │   e 40  train 0.11894  val 0.10261     lr 1.50e-04  15s  patience 7/15
2026-08-15 21:57:38,468 │ INFO    │   e 41  train 0.11777  val 0.09844  ★  lr 1.50e-04  15s  patience 0/15
2026-08-15 21:57:53,301 │ INFO    │   e 42  train 0.11832  val 0.09876     lr 1.50e-04  15s  patience 1/15
2026-08-15 21:58:08,163 │ INFO    │   e 43  train 0.11763  val 0.09880     lr 1.50e-04  15s  patience 2/15
2026-08-15 21:58:23,012 │ INFO    │   e 44  train 0.11753  val 0.10021     lr 1.50e-04  15s  patience 3/15
2026-08-15 21:58:37,860 │ INFO    │   e 45  train 0.11757  val 0.09853     lr 1.50e-04  15s  patience 4/15
2026-08-15 21:58:52,804 │ INFO    │   e 46  train 0.11724  val 0.09782  ★  lr 1.50e-04  15s  patience 0/15
2026-08-15 21:59:07,674 │ INFO    │   e 47  train 0.11744  val 0.09799     lr 1.50e-04  15s  patience 1/15
2026-08-15 21:59:22,587 │ INFO    │   e 48  train 0.11733  val 0.09715  ★  lr 1.50e-04  15s  patience 0/15
2026-08-15 21:59:37,426 │ INFO    │   e 49  train 0.11753  val 0.09828     lr 1.50e-04  15s  patience 1/15
2026-08-15 21:59:52,282 │ INFO    │   e 50  train 0.11704  val 0.09848     lr 1.50e-04  15s  patience 2/15
2026-08-15 22:00:07,213 │ INFO    │   e 51  train 0.11701  val 0.09663  ★  lr 1.50e-04  15s  patience 0/15
2026-08-15 22:00:22,051 │ INFO    │   e 52  train 0.11710  val 0.09859     lr 1.50e-04  15s  patience 1/15
2026-08-15 22:00:36,904 │ INFO    │   e 53  train 0.11684  val 0.09674     lr 1.50e-04  15s  patience 2/15
2026-08-15 22:00:51,758 │ INFO    │   e 54  train 0.11718  val 0.10245     lr 1.50e-04  15s  patience 3/15
2026-08-15 22:01:06,627 │ INFO    │   e 55  train 0.11736  val 0.09666     lr 1.50e-04  15s  patience 4/15
2026-08-15 22:01:21,482 │ INFO    │   e 56  train 0.11699  val 0.09906     lr 1.50e-04  15s  patience 5/15
2026-08-15 22:01:36,331 │ INFO    │   e 57  train 0.11629  val 0.09729     lr 1.50e-04  15s  patience 6/15
2026-08-15 22:01:51,178 │ INFO    │   e 58  train 0.11654  val 0.09746     lr 7.50e-05  15s  patience 7/15
2026-08-15 22:02:06,040 │ INFO    │   e 59  train 0.11600  val 0.09672     lr 7.50e-05  15s  patience 8/15
2026-08-15 22:02:20,898 │ INFO    │   e 60  train 0.11596  val 0.09701     lr 7.50e-05  15s  patience 9/15
2026-08-15 22:02:35,751 │ INFO    │   e 61  train 0.11584  val 0.09868     lr 7.50e-05  15s  patience 10/15
2026-08-15 22:02:50,667 │ INFO    │   e 62  train 0.11611  val 0.09567  ★  lr 7.50e-05  15s  patience 0/15
2026-08-15 22:03:05,523 │ INFO    │   e 63  train 0.11574  val 0.09721     lr 7.50e-05  15s  patience 1/15
2026-08-15 22:03:20,379 │ INFO    │   e 64  train 0.11583  val 0.09576     lr 7.50e-05  15s  patience 2/15
2026-08-15 22:03:35,273 │ INFO    │   e 65  train 0.11591  val 0.09618     lr 7.50e-05  15s  patience 3/15
2026-08-15 22:03:50,143 │ INFO    │   e 66  train 0.11571  val 0.09574     lr 7.50e-05  15s  patience 4/15
2026-08-15 22:04:05,009 │ INFO    │   e 67  train 0.11573  val 0.09668     lr 7.50e-05  15s  patience 5/15
2026-08-15 22:04:19,853 │ INFO    │   e 68  train 0.11562  val 0.09569     lr 7.50e-05  15s  patience 6/15
2026-08-15 22:04:34,711 │ INFO    │   e 69  train 0.11553  val 0.09578     lr 3.75e-05  15s  patience 7/15
2026-08-15 22:04:49,596 │ INFO    │   e 70  train 0.11534  val 0.09592     lr 3.75e-05  15s  patience 8/15
2026-08-15 22:05:04,469 │ INFO    │   e 71  train 0.11519  val 0.09642     lr 3.75e-05  15s  patience 9/15
2026-08-15 22:05:19,378 │ INFO    │   e 72  train 0.11513  val 0.09605     lr 3.75e-05  15s  patience 10/15
2026-08-15 22:05:34,244 │ INFO    │   e 73  train 0.11517  val 0.09679     lr 3.75e-05  15s  patience 11/15
2026-08-15 22:05:49,126 │ INFO    │   e 74  train 0.11522  val 0.09722     lr 3.75e-05  15s  patience 12/15
2026-08-15 22:06:03,994 │ INFO    │   e 75  train 0.11513  val 0.09659     lr 3.75e-05  15s  patience 13/15
2026-08-15 22:06:18,849 │ INFO    │   e 76  train 0.11534  val 0.09709     lr 1.87e-05  15s  patience 14/15
2026-08-15 22:06:33,685 │ INFO    │   e 77  train 0.11502  val 0.09664     lr 1.87e-05  15s  patience 15/15
2026-08-15 22:06:33,768 │ INFO    │   ⏹ early stop at epoch 78 (best 0.09567 @ epoch 62)
2026-08-15 22:06:33,862 │ INFO    │ ✔ finished [CALM-Net w/o BFC] best_val=0.09567 @ epoch 62
2026-08-15 22:06:40,458 │ INFO    │ ▶ training [CALM-Net w/o PMC] — 3,640 train / 364 tune windows, 114 batches/epoch, from epoch 0
2026-08-15 22:06:55,312 │ INFO    │   e  0  train 0.25790  val 0.16507  ★  lr 3.00e-04  15s  patience 0/15
2026-08-15 22:07:10,271 │ INFO    │   e  1  train 0.16360  val 0.13179  ★  lr 3.00e-04  15s  patience 0/15
2026-08-15 22:07:25,260 │ INFO    │   e  2  train 0.14783  val 0.12800  ★  lr 3.00e-04  15s  patience 0/15
2026-08-15 22:07:40,259 │ INFO    │   e  3  train 0.14173  val 0.11896  ★  lr 3.00e-04  15s  patience 0/15
2026-08-15 22:07:55,179 │ INFO    │   e  4  train 0.13840  val 0.11883  ★  lr 3.00e-04  15s  patience 0/15
2026-08-15 22:08:10,097 │ INFO    │   e  5  train 0.13543  val 0.11379  ★  lr 3.00e-04  15s  patience 0/15
2026-08-15 22:08:25,037 │ INFO    │   e  6  train 0.13421  val 0.11201  ★  lr 3.00e-04  15s  patience 0/15
2026-08-15 22:08:39,887 │ INFO    │   e  7  train 0.13249  val 0.11454     lr 3.00e-04  15s  patience 1/15
2026-08-15 22:08:54,808 │ INFO    │   e  8  train 0.13089  val 0.11015  ★  lr 3.00e-04  15s  patience 0/15
2026-08-15 22:09:09,737 │ INFO    │   e  9  train 0.12992  val 0.10712  ★  lr 3.00e-04  15s  patience 0/15
2026-08-15 22:09:24,608 │ INFO    │   e 10  train 0.12938  val 0.10910     lr 3.00e-04  15s  patience 1/15
2026-08-15 22:09:39,545 │ INFO    │   e 11  train 0.12853  val 0.10673  ★  lr 3.00e-04  15s  patience 0/15
2026-08-15 22:09:54,416 │ INFO    │   e 12  train 0.12816  val 0.11234     lr 3.00e-04  15s  patience 1/15
2026-08-15 22:10:09,290 │ INFO    │   e 13  train 0.12766  val 0.10919     lr 3.00e-04  15s  patience 2/15
2026-08-15 22:10:24,252 │ INFO    │   e 14  train 0.12589  val 0.10607  ★  lr 3.00e-04  15s  patience 0/15
2026-08-15 22:10:39,213 │ INFO    │   e 15  train 0.12656  val 0.10550  ★  lr 3.00e-04  15s  patience 0/15
2026-08-15 22:10:54,091 │ INFO    │   e 16  train 0.12507  val 0.10783     lr 3.00e-04  15s  patience 1/15
2026-08-15 22:11:08,990 │ INFO    │   e 17  train 0.12474  val 0.10779     lr 3.00e-04  15s  patience 2/15
2026-08-15 22:11:23,968 │ INFO    │   e 18  train 0.12497  val 0.10523  ★  lr 3.00e-04  15s  patience 0/15
2026-08-15 22:11:38,858 │ INFO    │   e 19  train 0.12478  val 0.10523     lr 3.00e-04  15s  patience 1/15
2026-08-15 22:11:53,759 │ INFO    │   e 20  train 0.12385  val 0.10628     lr 3.00e-04  15s  patience 2/15
2026-08-15 22:12:08,729 │ INFO    │   e 21  train 0.12354  val 0.10361  ★  lr 3.00e-04  15s  patience 0/15
2026-08-15 22:12:23,701 │ INFO    │   e 22  train 0.12393  val 0.10246  ★  lr 3.00e-04  15s  patience 0/15
2026-08-15 22:12:38,602 │ INFO    │   e 23  train 0.12316  val 0.10400     lr 3.00e-04  15s  patience 1/15
2026-08-15 22:12:53,498 │ INFO    │   e 24  train 0.12237  val 0.10324     lr 3.00e-04  15s  patience 2/15
2026-08-15 22:13:08,415 │ INFO    │   e 25  train 0.12246  val 0.10246     lr 3.00e-04  15s  patience 3/15
2026-08-15 22:13:23,426 │ INFO    │   e 26  train 0.12187  val 0.10107  ★  lr 3.00e-04  15s  patience 0/15
2026-08-15 22:13:38,344 │ INFO    │   e 27  train 0.12189  val 0.10203     lr 3.00e-04  15s  patience 1/15
2026-08-15 22:13:53,287 │ INFO    │   e 28  train 0.12172  val 0.10257     lr 3.00e-04  15s  patience 2/15
2026-08-15 22:14:08,260 │ INFO    │   e 29  train 0.12118  val 0.09881  ★  lr 3.00e-04  15s  patience 0/15
2026-08-15 22:14:23,194 │ INFO    │   e 30  train 0.12097  val 0.10815     lr 3.00e-04  15s  patience 1/15
2026-08-15 22:14:38,113 │ INFO    │   e 31  train 0.12075  val 0.10154     lr 3.00e-04  15s  patience 2/15
2026-08-15 22:14:53,046 │ INFO    │   e 32  train 0.12035  val 0.10205     lr 3.00e-04  15s  patience 3/15
2026-08-15 22:15:07,941 │ INFO    │   e 33  train 0.11990  val 0.09941     lr 3.00e-04  15s  patience 4/15
2026-08-15 22:15:22,844 │ INFO    │   e 34  train 0.12002  val 0.10126     lr 3.00e-04  15s  patience 5/15
2026-08-15 22:15:37,741 │ INFO    │   e 35  train 0.12015  val 0.10183     lr 3.00e-04  15s  patience 6/15
2026-08-15 22:15:52,616 │ INFO    │   e 36  train 0.11991  val 0.10003     lr 1.50e-04  15s  patience 7/15
2026-08-15 22:16:07,490 │ INFO    │   e 37  train 0.11828  val 0.09943     lr 1.50e-04  15s  patience 8/15
2026-08-15 22:16:22,358 │ INFO    │   e 38  train 0.11807  val 0.10087     lr 1.50e-04  15s  patience 9/15
2026-08-15 22:16:37,299 │ INFO    │   e 39  train 0.11816  val 0.09874  ★  lr 1.50e-04  15s  patience 0/15
2026-08-15 22:16:52,257 │ INFO    │   e 40  train 0.11791  val 0.09847  ★  lr 1.50e-04  15s  patience 0/15
2026-08-15 22:17:07,176 │ INFO    │   e 41  train 0.11764  val 0.09747  ★  lr 1.50e-04  15s  patience 0/15
2026-08-15 22:17:22,031 │ INFO    │   e 42  train 0.11832  val 0.09767     lr 1.50e-04  15s  patience 1/15
2026-08-15 22:17:36,968 │ INFO    │   e 43  train 0.11747  val 0.09705  ★  lr 1.50e-04  15s  patience 0/15
2026-08-15 22:17:51,836 │ INFO    │   e 44  train 0.11740  val 0.09973     lr 1.50e-04  15s  patience 1/15
2026-08-15 22:18:06,701 │ INFO    │   e 45  train 0.11722  val 0.09766     lr 1.50e-04  15s  patience 2/15
2026-08-15 22:18:21,564 │ INFO    │   e 46  train 0.11691  val 0.09727     lr 1.50e-04  15s  patience 3/15
2026-08-15 22:18:36,441 │ INFO    │   e 47  train 0.11715  val 0.09809     lr 1.50e-04  15s  patience 4/15
2026-08-15 22:18:51,403 │ INFO    │   e 48  train 0.11688  val 0.09583  ★  lr 1.50e-04  15s  patience 0/15
2026-08-15 22:19:06,274 │ INFO    │   e 49  train 0.11700  val 0.09764     lr 1.50e-04  15s  patience 1/15
2026-08-15 22:19:21,167 │ INFO    │   e 50  train 0.11664  val 0.09814     lr 1.50e-04  15s  patience 2/15
2026-08-15 22:19:36,061 │ INFO    │   e 51  train 0.11675  val 0.09798     lr 1.50e-04  15s  patience 3/15
2026-08-15 22:19:50,966 │ INFO    │   e 52  train 0.11659  val 0.09777     lr 1.50e-04  15s  patience 4/15
2026-08-15 22:20:05,892 │ INFO    │   e 53  train 0.11651  val 0.09614     lr 1.50e-04  15s  patience 5/15
2026-08-15 22:20:20,827 │ INFO    │   e 54  train 0.11666  val 0.10134     lr 1.50e-04  15s  patience 6/15
2026-08-15 22:20:35,811 │ INFO    │   e 55  train 0.11659  val 0.09576  ★  lr 1.50e-04  15s  patience 0/15
2026-08-15 22:20:50,716 │ INFO    │   e 56  train 0.11647  val 0.10023     lr 1.50e-04  15s  patience 1/15
2026-08-15 22:21:05,663 │ INFO    │   e 57  train 0.11585  val 0.09592     lr 1.50e-04  15s  patience 2/15
2026-08-15 22:21:20,602 │ INFO    │   e 58  train 0.11589  val 0.09658     lr 1.50e-04  15s  patience 3/15
2026-08-15 22:21:35,529 │ INFO    │   e 59  train 0.11610  val 0.09666     lr 1.50e-04  15s  patience 4/15
2026-08-15 22:21:50,535 │ INFO    │   e 60  train 0.11627  val 0.09533  ★  lr 1.50e-04  15s  patience 0/15
2026-08-15 22:22:05,460 │ INFO    │   e 61  train 0.11562  val 0.09557     lr 1.50e-04  15s  patience 1/15
2026-08-15 22:22:20,349 │ INFO    │   e 62  train 0.11611  val 0.09631     lr 1.50e-04  15s  patience 2/15
2026-08-15 22:22:35,264 │ INFO    │   e 63  train 0.11570  val 0.09726     lr 1.50e-04  15s  patience 3/15
2026-08-15 22:22:50,174 │ INFO    │   e 64  train 0.11578  val 0.09604     lr 1.50e-04  15s  patience 4/15
2026-08-15 22:23:05,164 │ INFO    │   e 65  train 0.11558  val 0.09471  ★  lr 1.50e-04  15s  patience 0/15
2026-08-15 22:23:20,143 │ INFO    │   e 66  train 0.11556  val 0.09417  ★  lr 1.50e-04  15s  patience 0/15
2026-08-15 22:23:35,052 │ INFO    │   e 67  train 0.11535  val 0.09983     lr 1.50e-04  15s  patience 1/15
2026-08-15 22:23:50,035 │ INFO    │   e 68  train 0.11539  val 0.09411  ★  lr 1.50e-04  15s  patience 0/15
2026-08-15 22:24:05,019 │ INFO    │   e 69  train 0.11503  val 0.09383  ★  lr 1.50e-04  15s  patience 0/15
2026-08-15 22:24:19,931 │ INFO    │   e 70  train 0.11518  val 0.09766     lr 1.50e-04  15s  patience 1/15
2026-08-15 22:24:34,844 │ INFO    │   e 71  train 0.11505  val 0.09488     lr 1.50e-04  15s  patience 2/15
2026-08-15 22:24:49,770 │ INFO    │   e 72  train 0.11484  val 0.09400     lr 1.50e-04  15s  patience 3/15
2026-08-15 22:25:04,658 │ INFO    │   e 73  train 0.11529  val 0.09506     lr 1.50e-04  15s  patience 4/15
2026-08-15 22:25:19,540 │ INFO    │   e 74  train 0.11477  val 0.09514     lr 1.50e-04  15s  patience 5/15
2026-08-15 22:25:34,421 │ INFO    │   e 75  train 0.11469  val 0.09516     lr 1.50e-04  15s  patience 6/15
2026-08-15 22:25:49,297 │ INFO    │   e 76  train 0.11540  val 0.09427     lr 7.50e-05  15s  patience 7/15
2026-08-15 22:26:04,175 │ INFO    │   e 77  train 0.11424  val 0.09391     lr 7.50e-05  15s  patience 8/15
2026-08-15 22:26:19,053 │ INFO    │   e 78  train 0.11404  val 0.09535     lr 7.50e-05  15s  patience 9/15
2026-08-15 22:26:33,948 │ INFO    │   e 79  train 0.11417  val 0.09728     lr 7.50e-05  15s  patience 10/15
2026-08-15 22:26:34,122 │ INFO    │ ✔ finished [CALM-Net w/o PMC] best_val=0.09383 @ epoch 69
2026-08-15 22:26:40,762 │ INFO    │ ▶ training [CALM-Net w/o ECQ] — 3,640 train / 364 tune windows, 114 batches/epoch, from epoch 0
2026-08-15 22:26:55,762 │ INFO    │   e  0  train 0.19894  val 0.13069  ★  lr 3.00e-04  15s  patience 0/15
2026-08-15 22:27:10,869 │ INFO    │   e  1  train 0.12982  val 0.10462  ★  lr 3.00e-04  15s  patience 0/15
2026-08-15 22:27:26,015 │ INFO    │   e  2  train 0.11794  val 0.10227  ★  lr 3.00e-04  15s  patience 0/15
2026-08-15 22:27:41,123 │ INFO    │   e  3  train 0.11361  val 0.09341  ★  lr 3.00e-04  15s  patience 0/15
2026-08-15 22:27:56,163 │ INFO    │   e  4  train 0.11091  val 0.09392     lr 3.00e-04  15s  patience 1/15
2026-08-15 22:28:11,243 │ INFO    │   e  5  train 0.10895  val 0.09059  ★  lr 3.00e-04  15s  patience 0/15
2026-08-15 22:28:26,328 │ INFO    │   e  6  train 0.10816  val 0.09035  ★  lr 3.00e-04  15s  patience 0/15
2026-08-15 22:28:41,349 │ INFO    │   e  7  train 0.10698  val 0.09150     lr 3.00e-04  15s  patience 1/15
2026-08-15 22:28:56,438 │ INFO    │   e  8  train 0.10545  val 0.08875  ★  lr 3.00e-04  15s  patience 0/15
2026-08-15 22:29:11,552 │ INFO    │   e  9  train 0.10485  val 0.08600  ★  lr 3.00e-04  15s  patience 0/15
2026-08-15 22:29:26,543 │ INFO    │   e 10  train 0.10447  val 0.08743     lr 3.00e-04  15s  patience 1/15
2026-08-15 22:29:41,606 │ INFO    │   e 11  train 0.10379  val 0.08595  ★  lr 3.00e-04  15s  patience 0/15
2026-08-15 22:29:56,593 │ INFO    │   e 12  train 0.10347  val 0.09024     lr 3.00e-04  15s  patience 1/15
2026-08-15 22:30:11,614 │ INFO    │   e 13  train 0.10331  val 0.08728     lr 3.00e-04  15s  patience 2/15
2026-08-15 22:30:26,683 │ INFO    │   e 14  train 0.10151  val 0.08448  ★  lr 3.00e-04  15s  patience 0/15
2026-08-15 22:30:41,716 │ INFO    │   e 15  train 0.10246  val 0.08612     lr 3.00e-04  15s  patience 1/15
2026-08-15 22:30:56,718 │ INFO    │   e 16  train 0.10119  val 0.08642     lr 3.00e-04  15s  patience 2/15
2026-08-15 22:31:11,727 │ INFO    │   e 17  train 0.10087  val 0.08566     lr 3.00e-04  15s  patience 3/15
2026-08-15 22:31:26,818 │ INFO    │   e 18  train 0.10075  val 0.08259  ★  lr 3.00e-04  15s  patience 0/15
2026-08-15 22:31:41,847 │ INFO    │   e 19  train 0.10086  val 0.08437     lr 3.00e-04  15s  patience 1/15
2026-08-15 22:31:56,875 │ INFO    │   e 20  train 0.10017  val 0.08506     lr 3.00e-04  15s  patience 2/15
2026-08-15 22:32:11,927 │ INFO    │   e 21  train 0.09951  val 0.08347     lr 3.00e-04  15s  patience 3/15
2026-08-15 22:32:27,041 │ INFO    │   e 22  train 0.10003  val 0.08091  ★  lr 3.00e-04  15s  patience 0/15
2026-08-15 22:32:42,078 │ INFO    │   e 23  train 0.09940  val 0.08485     lr 3.00e-04  15s  patience 1/15
2026-08-15 22:32:57,102 │ INFO    │   e 24  train 0.09885  val 0.08374     lr 3.00e-04  15s  patience 2/15
2026-08-15 22:33:12,120 │ INFO    │   e 25  train 0.09865  val 0.08319     lr 3.00e-04  15s  patience 3/15
2026-08-15 22:33:27,148 │ INFO    │   e 26  train 0.09837  val 0.08198     lr 3.00e-04  15s  patience 4/15
2026-08-15 22:33:42,188 │ INFO    │   e 27  train 0.09843  val 0.08117     lr 3.00e-04  15s  patience 5/15
2026-08-15 22:33:57,229 │ INFO    │   e 28  train 0.09868  val 0.08254     lr 3.00e-04  15s  patience 6/15
2026-08-15 22:34:12,382 │ INFO    │   e 29  train 0.09764  val 0.07994  ★  lr 3.00e-04  15s  patience 0/15
2026-08-15 22:34:27,421 │ INFO    │   e 30  train 0.09784  val 0.08713     lr 3.00e-04  15s  patience 1/15
2026-08-15 22:34:42,440 │ INFO    │   e 31  train 0.09750  val 0.08000     lr 3.00e-04  15s  patience 2/15
2026-08-15 22:34:57,493 │ INFO    │   e 32  train 0.09718  val 0.08102     lr 3.00e-04  15s  patience 3/15
2026-08-15 22:35:12,620 │ INFO    │   e 33  train 0.09701  val 0.07929  ★  lr 3.00e-04  15s  patience 0/15
2026-08-15 22:35:27,676 │ INFO    │   e 34  train 0.09726  val 0.08209     lr 3.00e-04  15s  patience 1/15
2026-08-15 22:35:42,723 │ INFO    │   e 35  train 0.09731  val 0.08185     lr 3.00e-04  15s  patience 2/15
2026-08-15 22:35:57,801 │ INFO    │   e 36  train 0.09671  val 0.08092     lr 3.00e-04  15s  patience 3/15
2026-08-15 22:36:12,823 │ INFO    │   e 37  train 0.09670  val 0.07961     lr 3.00e-04  15s  patience 4/15
2026-08-15 22:36:27,832 │ INFO    │   e 38  train 0.09620  val 0.08556     lr 3.00e-04  15s  patience 5/15
2026-08-15 22:36:42,906 │ INFO    │   e 39  train 0.09641  val 0.07874  ★  lr 3.00e-04  15s  patience 0/15
2026-08-15 22:36:57,929 │ INFO    │   e 40  train 0.09576  val 0.08102     lr 3.00e-04  15s  patience 1/15
2026-08-15 22:37:13,059 │ INFO    │   e 41  train 0.09569  val 0.07821  ★  lr 3.00e-04  15s  patience 0/15
2026-08-15 22:37:28,108 │ INFO    │   e 42  train 0.09626  val 0.07902     lr 3.00e-04  15s  patience 1/15
2026-08-15 22:37:43,146 │ INFO    │   e 43  train 0.09553  val 0.07899     lr 3.00e-04  15s  patience 2/15
2026-08-15 22:37:58,167 │ INFO    │   e 44  train 0.09520  val 0.07900     lr 3.00e-04  15s  patience 3/15
2026-08-15 22:38:13,210 │ INFO    │   e 45  train 0.09554  val 0.08013     lr 3.00e-04  15s  patience 4/15
2026-08-15 22:38:28,341 │ INFO    │   e 46  train 0.09505  val 0.07676  ★  lr 3.00e-04  15s  patience 0/15
2026-08-15 22:38:43,382 │ INFO    │   e 47  train 0.09514  val 0.07947     lr 3.00e-04  15s  patience 1/15
2026-08-15 22:38:58,407 │ INFO    │   e 48  train 0.09489  val 0.07717     lr 3.00e-04  15s  patience 2/15
2026-08-15 22:39:13,473 │ INFO    │   e 49  train 0.09485  val 0.07905     lr 3.00e-04  15s  patience 3/15
2026-08-15 22:39:28,505 │ INFO    │   e 50  train 0.09472  val 0.07968     lr 3.00e-04  15s  patience 4/15
2026-08-15 22:39:43,611 │ INFO    │   e 51  train 0.09464  val 0.07665  ★  lr 3.00e-04  15s  patience 0/15
2026-08-15 22:39:58,767 │ INFO    │   e 52  train 0.09431  val 0.07630  ★  lr 3.00e-04  15s  patience 0/15
2026-08-15 22:40:13,812 │ INFO    │   e 53  train 0.09437  val 0.08019     lr 3.00e-04  15s  patience 1/15
2026-08-15 22:40:28,881 │ INFO    │   e 54  train 0.09439  val 0.07752     lr 3.00e-04  15s  patience 2/15
2026-08-15 22:40:43,919 │ INFO    │   e 55  train 0.09515  val 0.07818     lr 3.00e-04  15s  patience 3/15
2026-08-15 22:40:58,962 │ INFO    │   e 56  train 0.09437  val 0.07779     lr 3.00e-04  15s  patience 4/15
2026-08-15 22:41:13,992 │ INFO    │   e 57  train 0.09405  val 0.07763     lr 3.00e-04  15s  patience 5/15
2026-08-15 22:41:29,003 │ INFO    │   e 58  train 0.09387  val 0.08046     lr 3.00e-04  15s  patience 6/15
2026-08-15 22:41:44,027 │ INFO    │   e 59  train 0.09373  val 0.07746     lr 1.50e-04  15s  patience 7/15
2026-08-15 22:41:59,046 │ INFO    │   e 60  train 0.09320  val 0.07713     lr 1.50e-04  15s  patience 8/15
2026-08-15 22:42:14,157 │ INFO    │   e 61  train 0.09289  val 0.07611  ★  lr 1.50e-04  15s  patience 0/15
2026-08-15 22:42:29,252 │ INFO    │   e 62  train 0.09311  val 0.07556  ★  lr 1.50e-04  15s  patience 0/15
2026-08-15 22:42:44,274 │ INFO    │   e 63  train 0.09291  val 0.07855     lr 1.50e-04  15s  patience 1/15
2026-08-15 22:42:59,283 │ INFO    │   e 64  train 0.09297  val 0.07680     lr 1.50e-04  15s  patience 2/15
2026-08-15 22:43:14,304 │ INFO    │   e 65  train 0.09280  val 0.07638     lr 1.50e-04  15s  patience 3/15
2026-08-15 22:43:29,301 │ INFO    │   e 66  train 0.09292  val 0.07670     lr 1.50e-04  15s  patience 4/15
2026-08-15 22:43:44,323 │ INFO    │   e 67  train 0.09288  val 0.08076     lr 1.50e-04  15s  patience 5/15
2026-08-15 22:43:59,366 │ INFO    │   e 68  train 0.09293  val 0.07674     lr 1.50e-04  15s  patience 6/15
2026-08-15 22:44:14,397 │ INFO    │   e 69  train 0.09251  val 0.07748     lr 7.50e-05  15s  patience 7/15
2026-08-15 22:44:29,412 │ INFO    │   e 70  train 0.09220  val 0.07673     lr 7.50e-05  15s  patience 8/15
2026-08-15 22:44:44,453 │ INFO    │   e 71  train 0.09216  val 0.07605     lr 7.50e-05  15s  patience 9/15
2026-08-15 22:44:59,477 │ INFO    │   e 72  train 0.09208  val 0.07620     lr 7.50e-05  15s  patience 10/15
2026-08-15 22:45:14,503 │ INFO    │   e 73  train 0.09212  val 0.07605     lr 7.50e-05  15s  patience 11/15
2026-08-15 22:45:29,505 │ INFO    │   e 74  train 0.09210  val 0.07679     lr 7.50e-05  15s  patience 12/15
2026-08-15 22:45:44,513 │ INFO    │   e 75  train 0.09199  val 0.07731     lr 7.50e-05  15s  patience 13/15
2026-08-15 22:45:59,526 │ INFO    │   e 76  train 0.09219  val 0.07767     lr 3.75e-05  15s  patience 14/15
2026-08-15 22:46:14,531 │ INFO    │   e 77  train 0.09184  val 0.07557     lr 3.75e-05  15s  patience 15/15
2026-08-15 22:46:14,615 │ INFO    │   ⏹ early stop at epoch 78 (best 0.07556 @ epoch 62)
2026-08-15 22:46:14,704 │ INFO    │ ✔ finished [CALM-Net w/o ECQ] best_val=0.07556 @ epoch 62
2026-08-15 22:46:18,552 │ INFO    │ ▶ training [CALM-Net delta=0] — 3,640 train / 364 tune windows, 114 batches/epoch, from epoch 0
2026-08-15 22:46:31,929 │ INFO    │   e  0  train 0.25740  val 0.15784  ★  lr 3.00e-04  13s  patience 0/15
2026-08-15 22:46:45,385 │ INFO    │   e  1  train 0.16004  val 0.13185  ★  lr 3.00e-04  13s  patience 0/15
2026-08-15 22:46:58,860 │ INFO    │   e  2  train 0.14664  val 0.12756  ★  lr 3.00e-04  13s  patience 0/15
2026-08-15 22:47:12,308 │ INFO    │   e  3  train 0.14111  val 0.11693  ★  lr 3.00e-04  13s  patience 0/15
2026-08-15 22:47:25,777 │ INFO    │   e  4  train 0.13758  val 0.11477  ★  lr 3.00e-04  13s  patience 0/15
2026-08-15 22:47:39,256 │ INFO    │   e  5  train 0.13525  val 0.11387  ★  lr 3.00e-04  13s  patience 0/15
2026-08-15 22:47:52,736 │ INFO    │   e  6  train 0.13349  val 0.11125  ★  lr 3.00e-04  13s  patience 0/15
2026-08-15 22:48:06,142 │ INFO    │   e  7  train 0.13263  val 0.11297     lr 3.00e-04  13s  patience 1/15
2026-08-15 22:48:19,612 │ INFO    │   e  8  train 0.13076  val 0.11055  ★  lr 3.00e-04  13s  patience 0/15
2026-08-15 22:48:33,128 │ INFO    │   e  9  train 0.12940  val 0.10772  ★  lr 3.00e-04  13s  patience 0/15
2026-08-15 22:48:46,610 │ INFO    │   e 10  train 0.12938  val 0.10684  ★  lr 3.00e-04  13s  patience 0/15
2026-08-15 22:49:00,031 │ INFO    │   e 11  train 0.12866  val 0.10695     lr 3.00e-04  13s  patience 1/15
2026-08-15 22:49:13,431 │ INFO    │   e 12  train 0.12787  val 0.11361     lr 3.00e-04  13s  patience 2/15
2026-08-15 22:49:26,854 │ INFO    │   e 13  train 0.12765  val 0.10868     lr 3.00e-04  13s  patience 3/15
2026-08-15 22:49:40,271 │ INFO    │   e 14  train 0.12568  val 0.10712     lr 3.00e-04  13s  patience 4/15
2026-08-15 22:49:53,680 │ INFO    │   e 15  train 0.12652  val 0.10976     lr 3.00e-04  13s  patience 5/15
2026-08-15 22:50:07,085 │ INFO    │   e 16  train 0.12496  val 0.11009     lr 3.00e-04  13s  patience 6/15
2026-08-15 22:50:20,571 │ INFO    │   e 17  train 0.12508  val 0.10623  ★  lr 3.00e-04  13s  patience 0/15
2026-08-15 22:50:34,063 │ INFO    │   e 18  train 0.12488  val 0.10622  ★  lr 3.00e-04  13s  patience 0/15
2026-08-15 22:50:47,474 │ INFO    │   e 19  train 0.12460  val 0.10648     lr 3.00e-04  13s  patience 1/15
2026-08-15 22:51:00,947 │ INFO    │   e 20  train 0.12414  val 0.10554  ★  lr 3.00e-04  13s  patience 0/15
2026-08-15 22:51:14,363 │ INFO    │   e 21  train 0.12313  val 0.10769     lr 3.00e-04  13s  patience 1/15
2026-08-15 22:51:27,837 │ INFO    │   e 22  train 0.12418  val 0.10320  ★  lr 3.00e-04  13s  patience 0/15
2026-08-15 22:51:41,269 │ INFO    │   e 23  train 0.12302  val 0.10435     lr 3.00e-04  13s  patience 1/15
2026-08-15 22:51:54,775 │ INFO    │   e 24  train 0.12226  val 0.10291  ★  lr 3.00e-04  13s  patience 0/15
2026-08-15 22:52:08,277 │ INFO    │   e 25  train 0.12251  val 0.10173  ★  lr 3.00e-04  13s  patience 0/15
2026-08-15 22:52:21,703 │ INFO    │   e 26  train 0.12171  val 0.10199     lr 3.00e-04  13s  patience 1/15
2026-08-15 22:52:35,204 │ INFO    │   e 27  train 0.12181  val 0.10158  ★  lr 3.00e-04  13s  patience 0/15
2026-08-15 22:52:48,617 │ INFO    │   e 28  train 0.12183  val 0.10164     lr 3.00e-04  13s  patience 1/15
2026-08-15 22:53:02,158 │ INFO    │   e 29  train 0.12101  val 0.09951  ★  lr 3.00e-04  13s  patience 0/15
2026-08-15 22:53:15,587 │ INFO    │   e 30  train 0.12131  val 0.10714     lr 3.00e-04  13s  patience 1/15
2026-08-15 22:53:29,024 │ INFO    │   e 31  train 0.12080  val 0.10052     lr 3.00e-04  13s  patience 2/15
2026-08-15 22:53:42,450 │ INFO    │   e 32  train 0.12051  val 0.10250     lr 3.00e-04  13s  patience 3/15
2026-08-15 22:53:55,856 │ INFO    │   e 33  train 0.12042  val 0.09962     lr 3.00e-04  13s  patience 4/15
2026-08-15 22:54:09,275 │ INFO    │   e 34  train 0.12030  val 0.10281     lr 3.00e-04  13s  patience 5/15
2026-08-15 22:54:22,686 │ INFO    │   e 35  train 0.12039  val 0.10055     lr 3.00e-04  13s  patience 6/15
2026-08-15 22:54:36,137 │ INFO    │   e 36  train 0.12012  val 0.10008     lr 1.50e-04  13s  patience 7/15
2026-08-15 22:54:49,570 │ INFO    │   e 37  train 0.11879  val 0.09984     lr 1.50e-04  13s  patience 8/15
2026-08-15 22:55:02,985 │ INFO    │   e 38  train 0.11850  val 0.10178     lr 1.50e-04  13s  patience 9/15
2026-08-15 22:55:16,474 │ INFO    │   e 39  train 0.11864  val 0.09905  ★  lr 1.50e-04  13s  patience 0/15
2026-08-15 22:55:29,952 │ INFO    │   e 40  train 0.11841  val 0.09875  ★  lr 1.50e-04  13s  patience 0/15
2026-08-15 22:55:43,366 │ INFO    │   e 41  train 0.11823  val 0.09898     lr 1.50e-04  13s  patience 1/15
2026-08-15 22:55:56,783 │ INFO    │   e 42  train 0.11874  val 0.09891     lr 1.50e-04  13s  patience 2/15
2026-08-15 22:56:10,202 │ INFO    │   e 43  train 0.11807  val 0.09884     lr 1.50e-04  13s  patience 3/15
2026-08-15 22:56:23,635 │ INFO    │   e 44  train 0.11800  val 0.10100     lr 1.50e-04  13s  patience 4/15
2026-08-15 22:56:37,161 │ INFO    │   e 45  train 0.11802  val 0.09764  ★  lr 1.50e-04  13s  patience 0/15
2026-08-15 22:56:50,577 │ INFO    │   e 46  train 0.11777  val 0.09772     lr 1.50e-04  13s  patience 1/15
2026-08-15 22:57:04,007 │ INFO    │   e 47  train 0.11800  val 0.09829     lr 1.50e-04  13s  patience 2/15
2026-08-15 22:57:17,420 │ INFO    │   e 48  train 0.11783  val 0.09833     lr 1.50e-04  13s  patience 3/15
2026-08-15 22:57:30,828 │ INFO    │   e 49  train 0.11776  val 0.09955     lr 1.50e-04  13s  patience 4/15
2026-08-15 22:57:44,253 │ INFO    │   e 50  train 0.11740  val 0.09850     lr 1.50e-04  13s  patience 5/15
2026-08-15 22:57:57,680 │ INFO    │   e 51  train 0.11752  val 0.09770     lr 1.50e-04  13s  patience 6/15
2026-08-15 22:58:11,103 │ INFO    │   e 52  train 0.11736  val 0.09777     lr 7.50e-05  13s  patience 7/15
2026-08-15 22:58:24,523 │ INFO    │   e 53  train 0.11697  val 0.09811     lr 7.50e-05  13s  patience 8/15
2026-08-15 22:58:38,014 │ INFO    │   e 54  train 0.11680  val 0.09701  ★  lr 7.50e-05  13s  patience 0/15
2026-08-15 22:58:51,425 │ INFO    │   e 55  train 0.11708  val 0.09802     lr 7.50e-05  13s  patience 1/15
2026-08-15 22:59:04,920 │ INFO    │   e 56  train 0.11711  val 0.09669  ★  lr 7.50e-05  13s  patience 0/15
2026-08-15 22:59:18,325 │ INFO    │   e 57  train 0.11672  val 0.09720     lr 7.50e-05  13s  patience 1/15
2026-08-15 22:59:31,732 │ INFO    │   e 58  train 0.11663  val 0.09729     lr 7.50e-05  13s  patience 2/15
2026-08-15 22:59:45,215 │ INFO    │   e 59  train 0.11663  val 0.09658  ★  lr 7.50e-05  13s  patience 0/15
2026-08-15 22:59:58,624 │ INFO    │   e 60  train 0.11655  val 0.09716     lr 7.50e-05  13s  patience 1/15
2026-08-15 23:00:12,042 │ INFO    │   e 61  train 0.11639  val 0.09808     lr 7.50e-05  13s  patience 2/15
2026-08-15 23:00:25,522 │ INFO    │   e 62  train 0.11663  val 0.09610  ★  lr 7.50e-05  13s  patience 0/15
2026-08-15 23:00:38,969 │ INFO    │   e 63  train 0.11643  val 0.09776     lr 7.50e-05  13s  patience 1/15
2026-08-15 23:00:52,471 │ INFO    │   e 64  train 0.11646  val 0.09603  ★  lr 7.50e-05  13s  patience 0/15
2026-08-15 23:01:05,881 │ INFO    │   e 65  train 0.11645  val 0.09613     lr 7.50e-05  13s  patience 1/15
2026-08-15 23:01:19,305 │ INFO    │   e 66  train 0.11632  val 0.09683     lr 7.50e-05  13s  patience 2/15
2026-08-15 23:01:32,713 │ INFO    │   e 67  train 0.11636  val 0.09719     lr 7.50e-05  13s  patience 3/15
2026-08-15 23:01:46,144 │ INFO    │   e 68  train 0.11616  val 0.09628     lr 7.50e-05  13s  patience 4/15
2026-08-15 23:01:59,555 │ INFO    │   e 69  train 0.11604  val 0.09637     lr 7.50e-05  13s  patience 5/15
2026-08-15 23:02:12,989 │ INFO    │   e 70  train 0.11615  val 0.09727     lr 7.50e-05  13s  patience 6/15
2026-08-15 23:02:26,417 │ INFO    │   e 71  train 0.11617  val 0.09736     lr 3.75e-05  13s  patience 7/15
2026-08-15 23:02:39,836 │ INFO    │   e 72  train 0.11583  val 0.09657     lr 3.75e-05  13s  patience 8/15
2026-08-15 23:02:53,259 │ INFO    │   e 73  train 0.11578  val 0.09629     lr 3.75e-05  13s  patience 9/15
2026-08-15 23:03:06,693 │ INFO    │   e 74  train 0.11574  val 0.09697     lr 3.75e-05  13s  patience 10/15
2026-08-15 23:03:20,113 │ INFO    │   e 75  train 0.11566  val 0.09688     lr 3.75e-05  13s  patience 11/15
2026-08-15 23:03:33,538 │ INFO    │   e 76  train 0.11579  val 0.09791     lr 3.75e-05  13s  patience 12/15
2026-08-15 23:03:47,071 │ INFO    │   e 77  train 0.11579  val 0.09568  ★  lr 3.75e-05  13s  patience 0/15
2026-08-15 23:04:00,498 │ INFO    │   e 78  train 0.11567  val 0.09625     lr 3.75e-05  13s  patience 1/15
2026-08-15 23:04:13,944 │ INFO    │   e 79  train 0.11555  val 0.09649     lr 3.75e-05  13s  patience 2/15
2026-08-15 23:04:14,115 │ INFO    │ ✔ finished [CALM-Net delta=0] best_val=0.09568 @ epoch 77
2026-08-15 23:04:21,226 │ INFO    │ ▶ training [CALM-Net delta<=1] — 3,640 train / 364 tune windows, 114 batches/epoch, from epoch 0
2026-08-15 23:04:35,179 │ INFO    │   e  0  train 0.26321  val 0.16796  ★  lr 3.00e-04  14s  patience 0/15
2026-08-15 23:04:49,235 │ INFO    │   e  1  train 0.16685  val 0.13015  ★  lr 3.00e-04  14s  patience 0/15
2026-08-15 23:05:03,309 │ INFO    │   e  2  train 0.14881  val 0.12821  ★  lr 3.00e-04  14s  patience 0/15
2026-08-15 23:05:17,393 │ INFO    │   e  3  train 0.14254  val 0.12380  ★  lr 3.00e-04  14s  patience 0/15
2026-08-15 23:05:31,425 │ INFO    │   e  4  train 0.13861  val 0.11800  ★  lr 3.00e-04  14s  patience 0/15
2026-08-15 23:05:45,449 │ INFO    │   e  5  train 0.13605  val 0.11450  ★  lr 3.00e-04  14s  patience 0/15
2026-08-15 23:05:59,473 │ INFO    │   e  6  train 0.13456  val 0.11136  ★  lr 3.00e-04  14s  patience 0/15
2026-08-15 23:06:13,405 │ INFO    │   e  7  train 0.13326  val 0.11197     lr 3.00e-04  14s  patience 1/15
2026-08-15 23:06:27,385 │ INFO    │   e  8  train 0.13175  val 0.10992  ★  lr 3.00e-04  14s  patience 0/15
2026-08-15 23:06:41,385 │ INFO    │   e  9  train 0.13106  val 0.10849  ★  lr 3.00e-04  14s  patience 0/15
2026-08-15 23:06:55,291 │ INFO    │   e 10  train 0.13029  val 0.11283     lr 3.00e-04  14s  patience 1/15
2026-08-15 23:07:09,250 │ INFO    │   e 11  train 0.12957  val 0.10952     lr 3.00e-04  14s  patience 2/15
2026-08-15 23:07:23,198 │ INFO    │   e 12  train 0.12886  val 0.11486     lr 3.00e-04  14s  patience 3/15
2026-08-15 23:07:37,177 │ INFO    │   e 13  train 0.12870  val 0.11167     lr 3.00e-04  14s  patience 4/15
2026-08-15 23:07:51,201 │ INFO    │   e 14  train 0.12682  val 0.10817  ★  lr 3.00e-04  14s  patience 0/15
2026-08-15 23:08:05,238 │ INFO    │   e 15  train 0.12767  val 0.10794  ★  lr 3.00e-04  14s  patience 0/15
2026-08-15 23:08:19,287 │ INFO    │   e 16  train 0.12607  val 0.10721  ★  lr 3.00e-04  14s  patience 0/15
2026-08-15 23:08:33,275 │ INFO    │   e 17  train 0.12573  val 0.10967     lr 3.00e-04  14s  patience 1/15
2026-08-15 23:08:47,284 │ INFO    │   e 18  train 0.12556  val 0.11044     lr 3.00e-04  14s  patience 2/15
2026-08-15 23:09:01,359 │ INFO    │   e 19  train 0.12572  val 0.10543  ★  lr 3.00e-04  14s  patience 0/15
2026-08-15 23:09:15,348 │ INFO    │   e 20  train 0.12473  val 0.10735     lr 3.00e-04  14s  patience 1/15
2026-08-15 23:09:29,386 │ INFO    │   e 21  train 0.12396  val 0.10513  ★  lr 3.00e-04  14s  patience 0/15
2026-08-15 23:09:43,428 │ INFO    │   e 22  train 0.12433  val 0.10246  ★  lr 3.00e-04  14s  patience 0/15
2026-08-15 23:09:57,406 │ INFO    │   e 23  train 0.12377  val 0.10289     lr 3.00e-04  14s  patience 1/15
2026-08-15 23:10:11,383 │ INFO    │   e 24  train 0.12287  val 0.10380     lr 3.00e-04  14s  patience 2/15
2026-08-15 23:10:25,428 │ INFO    │   e 25  train 0.12295  val 0.10230  ★  lr 3.00e-04  14s  patience 0/15
2026-08-15 23:10:39,461 │ INFO    │   e 26  train 0.12204  val 0.10105  ★  lr 3.00e-04  14s  patience 0/15
2026-08-15 23:10:53,419 │ INFO    │   e 27  train 0.12217  val 0.10225     lr 3.00e-04  14s  patience 1/15
2026-08-15 23:11:07,364 │ INFO    │   e 28  train 0.12219  val 0.10216     lr 3.00e-04  14s  patience 2/15
2026-08-15 23:11:21,397 │ INFO    │   e 29  train 0.12131  val 0.09929  ★  lr 3.00e-04  14s  patience 0/15
2026-08-15 23:11:35,370 │ INFO    │   e 30  train 0.12173  val 0.10677     lr 3.00e-04  14s  patience 1/15
2026-08-15 23:11:49,336 │ INFO    │   e 31  train 0.12104  val 0.10186     lr 3.00e-04  14s  patience 2/15
2026-08-15 23:12:03,307 │ INFO    │   e 32  train 0.12060  val 0.10215     lr 3.00e-04  14s  patience 3/15
2026-08-15 23:12:17,274 │ INFO    │   e 33  train 0.12038  val 0.09937     lr 3.00e-04  14s  patience 4/15
2026-08-15 23:12:31,231 │ INFO    │   e 34  train 0.12056  val 0.10170     lr 3.00e-04  14s  patience 5/15
2026-08-15 23:12:45,195 │ INFO    │   e 35  train 0.12052  val 0.10003     lr 3.00e-04  14s  patience 6/15
2026-08-15 23:12:59,151 │ INFO    │   e 36  train 0.12059  val 0.10008     lr 1.50e-04  14s  patience 7/15
2026-08-15 23:13:13,189 │ INFO    │   e 37  train 0.11884  val 0.09910  ★  lr 1.50e-04  14s  patience 0/15
2026-08-15 23:13:27,166 │ INFO    │   e 38  train 0.11869  val 0.10194     lr 1.50e-04  14s  patience 1/15
2026-08-15 23:13:41,195 │ INFO    │   e 39  train 0.11884  val 0.09896  ★  lr 1.50e-04  14s  patience 0/15
2026-08-15 23:13:55,150 │ INFO    │   e 40  train 0.11862  val 0.09977     lr 1.50e-04  14s  patience 1/15
2026-08-15 23:14:09,190 │ INFO    │   e 41  train 0.11848  val 0.09773  ★  lr 1.50e-04  14s  patience 0/15
2026-08-15 23:14:23,172 │ INFO    │   e 42  train 0.11897  val 0.09877     lr 1.50e-04  14s  patience 1/15
2026-08-15 23:14:37,133 │ INFO    │   e 43  train 0.11813  val 0.09827     lr 1.50e-04  14s  patience 2/15
2026-08-15 23:14:51,087 │ INFO    │   e 44  train 0.11822  val 0.10159     lr 1.50e-04  14s  patience 3/15
2026-08-15 23:15:05,049 │ INFO    │   e 45  train 0.11798  val 0.09988     lr 1.50e-04  14s  patience 4/15
2026-08-15 23:15:19,069 │ INFO    │   e 46  train 0.11784  val 0.09768  ★  lr 1.50e-04  14s  patience 0/15
2026-08-15 23:15:33,110 │ INFO    │   e 47  train 0.11822  val 0.09698  ★  lr 1.50e-04  14s  patience 0/15
2026-08-15 23:15:47,049 │ INFO    │   e 48  train 0.11770  val 0.09726     lr 1.50e-04  14s  patience 1/15
2026-08-15 23:16:01,012 │ INFO    │   e 49  train 0.11783  val 0.09810     lr 1.50e-04  14s  patience 2/15
2026-08-15 23:16:14,972 │ INFO    │   e 50  train 0.11771  val 0.10065     lr 1.50e-04  14s  patience 3/15
2026-08-15 23:16:28,951 │ INFO    │   e 51  train 0.11766  val 0.09941     lr 1.50e-04  14s  patience 4/15
2026-08-15 23:16:42,971 │ INFO    │   e 52  train 0.11739  val 0.09667  ★  lr 1.50e-04  14s  patience 0/15
2026-08-15 23:16:56,914 │ INFO    │   e 53  train 0.11775  val 0.09690     lr 1.50e-04  14s  patience 1/15
2026-08-15 23:17:10,870 │ INFO    │   e 54  train 0.11767  val 0.10054     lr 1.50e-04  14s  patience 2/15
2026-08-15 23:17:24,849 │ INFO    │   e 55  train 0.11766  val 0.09738     lr 1.50e-04  14s  patience 3/15
2026-08-15 23:17:38,847 │ INFO    │   e 56  train 0.11749  val 0.09969     lr 1.50e-04  14s  patience 4/15
2026-08-15 23:17:52,808 │ INFO    │   e 57  train 0.11689  val 0.09714     lr 1.50e-04  14s  patience 5/15
2026-08-15 23:18:06,766 │ INFO    │   e 58  train 0.11714  val 0.09680     lr 1.50e-04  14s  patience 6/15
2026-08-15 23:18:20,719 │ INFO    │   e 59  train 0.11699  val 0.09675     lr 7.50e-05  14s  patience 7/15
2026-08-15 23:18:34,677 │ INFO    │   e 60  train 0.11641  val 0.09674     lr 7.50e-05  14s  patience 8/15
2026-08-15 23:18:48,683 │ INFO    │   e 61  train 0.11632  val 0.09854     lr 7.50e-05  14s  patience 9/15
2026-08-15 23:19:02,709 │ INFO    │   e 62  train 0.11648  val 0.09582  ★  lr 7.50e-05  14s  patience 0/15
2026-08-15 23:19:16,657 │ INFO    │   e 63  train 0.11623  val 0.09669     lr 7.50e-05  14s  patience 1/15
2026-08-15 23:19:30,693 │ INFO    │   e 64  train 0.11621  val 0.09551  ★  lr 7.50e-05  14s  patience 0/15
2026-08-15 23:19:44,663 │ INFO    │   e 65  train 0.11632  val 0.09558     lr 7.50e-05  14s  patience 1/15
2026-08-15 23:19:58,652 │ INFO    │   e 66  train 0.11605  val 0.09567     lr 7.50e-05  14s  patience 2/15
2026-08-15 23:20:12,616 │ INFO    │   e 67  train 0.11616  val 0.09795     lr 7.50e-05  14s  patience 3/15
2026-08-15 23:20:26,585 │ INFO    │   e 68  train 0.11599  val 0.09580     lr 7.50e-05  14s  patience 4/15
2026-08-15 23:20:40,633 │ INFO    │   e 69  train 0.11592  val 0.09550  ★  lr 7.50e-05  14s  patience 0/15
2026-08-15 23:20:54,623 │ INFO    │   e 70  train 0.11604  val 0.09701     lr 7.50e-05  14s  patience 1/15
2026-08-15 23:21:08,603 │ INFO    │   e 71  train 0.11600  val 0.09657     lr 7.50e-05  14s  patience 2/15
2026-08-15 23:21:22,589 │ INFO    │   e 72  train 0.11584  val 0.09643     lr 7.50e-05  14s  patience 3/15
2026-08-15 23:21:36,565 │ INFO    │   e 73  train 0.11603  val 0.09638     lr 7.50e-05  14s  patience 4/15
2026-08-15 23:21:50,541 │ INFO    │   e 74  train 0.11572  val 0.09667     lr 7.50e-05  14s  patience 5/15
2026-08-15 23:22:04,535 │ INFO    │   e 75  train 0.11568  val 0.09664     lr 7.50e-05  14s  patience 6/15
2026-08-15 23:22:18,508 │ INFO    │   e 76  train 0.11610  val 0.09556     lr 3.75e-05  14s  patience 7/15
2026-08-15 23:22:32,578 │ INFO    │   e 77  train 0.11549  val 0.09507  ★  lr 3.75e-05  14s  patience 0/15
2026-08-15 23:22:46,536 │ INFO    │   e 78  train 0.11537  val 0.09591     lr 3.75e-05  14s  patience 1/15
2026-08-15 23:23:00,513 │ INFO    │   e 79  train 0.11522  val 0.09626     lr 3.75e-05  14s  patience 2/15
2026-08-15 23:23:00,674 │ INFO    │ ✔ finished [CALM-Net delta<=1] best_val=0.09507 @ epoch 77
2026-08-15 23:23:07,963 │ INFO    │ ▶ training [CALM-Net delta<=2] — 3,640 train / 364 tune windows, 114 batches/epoch, from epoch 0
2026-08-15 23:23:22,528 │ INFO    │   e  0  train 0.25186  val 0.15595  ★  lr 3.00e-04  15s  patience 0/15
2026-08-15 23:23:37,108 │ INFO    │   e  1  train 0.15796  val 0.12805  ★  lr 3.00e-04  15s  patience 0/15
2026-08-15 23:23:51,723 │ INFO    │   e  2  train 0.14499  val 0.12536  ★  lr 3.00e-04  15s  patience 0/15
2026-08-15 23:24:06,289 │ INFO    │   e  3  train 0.14022  val 0.11945  ★  lr 3.00e-04  14s  patience 0/15
2026-08-15 23:24:20,856 │ INFO    │   e  4  train 0.13699  val 0.11533  ★  lr 3.00e-04  14s  patience 0/15
2026-08-15 23:24:35,396 │ INFO    │   e  5  train 0.13463  val 0.11523  ★  lr 3.00e-04  14s  patience 0/15
2026-08-15 23:24:49,932 │ INFO    │   e  6  train 0.13362  val 0.11042  ★  lr 3.00e-04  14s  patience 0/15
2026-08-15 23:25:04,396 │ INFO    │   e  7  train 0.13247  val 0.11165     lr 3.00e-04  14s  patience 1/15
2026-08-15 23:25:18,988 │ INFO    │   e  8  train 0.13076  val 0.10924  ★  lr 3.00e-04  15s  patience 0/15
2026-08-15 23:25:33,528 │ INFO    │   e  9  train 0.12986  val 0.10703  ★  lr 3.00e-04  14s  patience 0/15
2026-08-15 23:25:48,001 │ INFO    │   e 10  train 0.12877  val 0.10775     lr 3.00e-04  14s  patience 1/15
2026-08-15 23:26:02,480 │ INFO    │   e 11  train 0.12821  val 0.10736     lr 3.00e-04  14s  patience 2/15
2026-08-15 23:26:16,960 │ INFO    │   e 12  train 0.12725  val 0.11323     lr 3.00e-04  14s  patience 3/15
2026-08-15 23:26:31,456 │ INFO    │   e 13  train 0.12731  val 0.10876     lr 3.00e-04  14s  patience 4/15
2026-08-15 23:26:46,009 │ INFO    │   e 14  train 0.12548  val 0.10492  ★  lr 3.00e-04  14s  patience 0/15
2026-08-15 23:27:00,484 │ INFO    │   e 15  train 0.12597  val 0.10640     lr 3.00e-04  14s  patience 1/15
2026-08-15 23:27:14,940 │ INFO    │   e 16  train 0.12431  val 0.10522     lr 3.00e-04  14s  patience 2/15
2026-08-15 23:27:29,503 │ INFO    │   e 17  train 0.12421  val 0.10486  ★  lr 3.00e-04  14s  patience 0/15
2026-08-15 23:27:44,073 │ INFO    │   e 18  train 0.12406  val 0.10298  ★  lr 3.00e-04  14s  patience 0/15
2026-08-15 23:27:58,551 │ INFO    │   e 19  train 0.12429  val 0.10781     lr 3.00e-04  14s  patience 1/15
2026-08-15 23:28:13,030 │ INFO    │   e 20  train 0.12336  val 0.10424     lr 3.00e-04  14s  patience 2/15
2026-08-15 23:28:27,517 │ INFO    │   e 21  train 0.12280  val 0.10447     lr 3.00e-04  14s  patience 3/15
2026-08-15 23:28:42,054 │ INFO    │   e 22  train 0.12298  val 0.10085  ★  lr 3.00e-04  14s  patience 0/15
2026-08-15 23:28:56,542 │ INFO    │   e 23  train 0.12210  val 0.10439     lr 3.00e-04  14s  patience 1/15
2026-08-15 23:29:11,036 │ INFO    │   e 24  train 0.12169  val 0.10111     lr 3.00e-04  14s  patience 2/15
2026-08-15 23:29:25,511 │ INFO    │   e 25  train 0.12164  val 0.10272     lr 3.00e-04  14s  patience 3/15
2026-08-15 23:29:40,008 │ INFO    │   e 26  train 0.12107  val 0.10146     lr 3.00e-04  14s  patience 4/15
2026-08-15 23:29:54,482 │ INFO    │   e 27  train 0.12118  val 0.10128     lr 3.00e-04  14s  patience 5/15
2026-08-15 23:30:08,954 │ INFO    │   e 28  train 0.12114  val 0.10117     lr 3.00e-04  14s  patience 6/15
2026-08-15 23:30:23,493 │ INFO    │   e 29  train 0.12023  val 0.09988  ★  lr 3.00e-04  14s  patience 0/15
2026-08-15 23:30:38,001 │ INFO    │   e 30  train 0.12056  val 0.10278     lr 3.00e-04  14s  patience 1/15
2026-08-15 23:30:52,480 │ INFO    │   e 31  train 0.12019  val 0.09989     lr 3.00e-04  14s  patience 2/15
2026-08-15 23:31:06,965 │ INFO    │   e 32  train 0.12001  val 0.10330     lr 3.00e-04  14s  patience 3/15
2026-08-15 23:31:21,515 │ INFO    │   e 33  train 0.11939  val 0.09899  ★  lr 3.00e-04  14s  patience 0/15
2026-08-15 23:31:36,000 │ INFO    │   e 34  train 0.11962  val 0.10142     lr 3.00e-04  14s  patience 1/15
2026-08-15 23:31:50,529 │ INFO    │   e 35  train 0.11973  val 0.09870  ★  lr 3.00e-04  14s  patience 0/15
2026-08-15 23:32:05,031 │ INFO    │   e 36  train 0.11975  val 0.09920     lr 3.00e-04  14s  patience 1/15
2026-08-15 23:32:19,579 │ INFO    │   e 37  train 0.11882  val 0.09817  ★  lr 3.00e-04  14s  patience 0/15
2026-08-15 23:32:34,048 │ INFO    │   e 38  train 0.11878  val 0.10494     lr 3.00e-04  14s  patience 1/15
2026-08-15 23:32:48,535 │ INFO    │   e 39  train 0.11880  val 0.09883     lr 3.00e-04  14s  patience 2/15
2026-08-15 23:33:03,035 │ INFO    │   e 40  train 0.11830  val 0.10090     lr 3.00e-04  14s  patience 3/15
2026-08-15 23:33:17,572 │ INFO    │   e 41  train 0.11815  val 0.09659  ★  lr 3.00e-04  14s  patience 0/15
2026-08-15 23:33:32,062 │ INFO    │   e 42  train 0.11854  val 0.09794     lr 3.00e-04  14s  patience 1/15
2026-08-15 23:33:46,536 │ INFO    │   e 43  train 0.11770  val 0.09783     lr 3.00e-04  14s  patience 2/15
2026-08-15 23:34:01,026 │ INFO    │   e 44  train 0.11764  val 0.09918     lr 3.00e-04  14s  patience 3/15
2026-08-15 23:34:15,509 │ INFO    │   e 45  train 0.11800  val 0.09900     lr 3.00e-04  14s  patience 4/15
2026-08-15 23:34:29,971 │ INFO    │   e 46  train 0.11727  val 0.09664     lr 3.00e-04  14s  patience 5/15
2026-08-15 23:34:44,534 │ INFO    │   e 47  train 0.11719  val 0.09620  ★  lr 3.00e-04  14s  patience 0/15
2026-08-15 23:34:59,007 │ INFO    │   e 48  train 0.11712  val 0.09634     lr 3.00e-04  14s  patience 1/15
2026-08-15 23:35:13,504 │ INFO    │   e 49  train 0.11707  val 0.09750     lr 3.00e-04  14s  patience 2/15
2026-08-15 23:35:28,003 │ INFO    │   e 50  train 0.11717  val 0.09811     lr 3.00e-04  14s  patience 3/15
2026-08-15 23:35:42,485 │ INFO    │   e 51  train 0.11663  val 0.09685     lr 3.00e-04  14s  patience 4/15
2026-08-15 23:35:57,040 │ INFO    │   e 52  train 0.11638  val 0.09585  ★  lr 3.00e-04  14s  patience 0/15
2026-08-15 23:36:11,552 │ INFO    │   e 53  train 0.11637  val 0.09881     lr 3.00e-04  14s  patience 1/15
2026-08-15 23:36:26,127 │ INFO    │   e 54  train 0.11649  val 0.09570  ★  lr 3.00e-04  14s  patience 0/15
2026-08-15 23:36:40,648 │ INFO    │   e 55  train 0.11721  val 0.09620     lr 3.00e-04  14s  patience 1/15
2026-08-15 23:36:55,188 │ INFO    │   e 56  train 0.11627  val 0.09562  ★  lr 3.00e-04  14s  patience 0/15
2026-08-15 23:37:09,731 │ INFO    │   e 57  train 0.11556  val 0.09532  ★  lr 3.00e-04  14s  patience 0/15
2026-08-15 23:37:24,213 │ INFO    │   e 58  train 0.11562  val 0.10047     lr 3.00e-04  14s  patience 1/15
2026-08-15 23:37:38,725 │ INFO    │   e 59  train 0.11529  val 0.09551     lr 3.00e-04  14s  patience 2/15
2026-08-15 23:37:53,206 │ INFO    │   e 60  train 0.11555  val 0.09677     lr 3.00e-04  14s  patience 3/15
2026-08-15 23:38:07,688 │ INFO    │   e 61  train 0.11543  val 0.09743     lr 3.00e-04  14s  patience 4/15
2026-08-15 23:38:22,216 │ INFO    │   e 62  train 0.11545  val 0.09369  ★  lr 3.00e-04  14s  patience 0/15
2026-08-15 23:38:36,731 │ INFO    │   e 63  train 0.11533  val 0.10025     lr 3.00e-04  14s  patience 1/15
2026-08-15 23:38:51,225 │ INFO    │   e 64  train 0.11604  val 0.09494     lr 3.00e-04  14s  patience 2/15
2026-08-15 23:39:05,720 │ INFO    │   e 65  train 0.11490  val 0.09514     lr 3.00e-04  14s  patience 3/15
2026-08-15 23:39:20,204 │ INFO    │   e 66  train 0.11453  val 0.09469     lr 3.00e-04  14s  patience 4/15
2026-08-15 23:39:34,695 │ INFO    │   e 67  train 0.11496  val 0.09409     lr 3.00e-04  14s  patience 5/15
2026-08-15 23:39:49,202 │ INFO    │   e 68  train 0.11511  val 0.09759     lr 3.00e-04  14s  patience 6/15
2026-08-15 23:40:03,751 │ INFO    │   e 69  train 0.11451  val 0.09357  ★  lr 3.00e-04  14s  patience 0/15
2026-08-15 23:40:18,199 │ INFO    │   e 70  train 0.11471  val 0.09413     lr 3.00e-04  14s  patience 1/15
2026-08-15 23:40:32,668 │ INFO    │   e 71  train 0.11512  val 0.09526     lr 3.00e-04  14s  patience 2/15
2026-08-15 23:40:47,217 │ INFO    │   e 72  train 0.11443  val 0.09318  ★  lr 3.00e-04  14s  patience 0/15
2026-08-15 23:41:01,710 │ INFO    │   e 73  train 0.11436  val 0.09421     lr 3.00e-04  14s  patience 1/15
2026-08-15 23:41:16,182 │ INFO    │   e 74  train 0.11409  val 0.09459     lr 3.00e-04  14s  patience 2/15
2026-08-15 23:41:30,635 │ INFO    │   e 75  train 0.11405  val 0.09555     lr 3.00e-04  14s  patience 3/15
2026-08-15 23:41:45,147 │ INFO    │   e 76  train 0.11455  val 0.09450     lr 3.00e-04  14s  patience 4/15
2026-08-15 23:41:59,626 │ INFO    │   e 77  train 0.11397  val 0.09466     lr 3.00e-04  14s  patience 5/15
2026-08-15 23:42:14,179 │ INFO    │   e 78  train 0.11431  val 0.09315  ★  lr 3.00e-04  14s  patience 0/15
2026-08-15 23:42:28,634 │ INFO    │   e 79  train 0.11311  val 0.09374     lr 3.00e-04  14s  patience 1/15
2026-08-15 23:42:28,810 │ INFO    │ ✔ finished [CALM-Net delta<=2] best_val=0.09315 @ epoch 78
2026-08-15 23:42:35,442 │ INFO    │ ▶ training [MC-Dropout] — 3,640 train / 364 tune windows, 114 batches/epoch, from epoch 0
2026-08-15 23:42:50,408 │ INFO    │   e  0  train 0.19894  val 0.13069  ★  lr 3.00e-04  15s  patience 0/15
2026-08-15 23:43:05,453 │ INFO    │   e  1  train 0.12982  val 0.10462  ★  lr 3.00e-04  15s  patience 0/15
2026-08-15 23:43:20,542 │ INFO    │   e  2  train 0.11794  val 0.10227  ★  lr 3.00e-04  15s  patience 0/15
2026-08-15 23:43:35,628 │ INFO    │   e  3  train 0.11361  val 0.09341  ★  lr 3.00e-04  15s  patience 0/15
2026-08-15 23:43:50,628 │ INFO    │   e  4  train 0.11091  val 0.09392     lr 3.00e-04  15s  patience 1/15
2026-08-15 23:44:05,689 │ INFO    │   e  5  train 0.10895  val 0.09059  ★  lr 3.00e-04  15s  patience 0/15
2026-08-15 23:44:20,755 │ INFO    │   e  6  train 0.10816  val 0.09035  ★  lr 3.00e-04  15s  patience 0/15
2026-08-15 23:44:35,751 │ INFO    │   e  7  train 0.10698  val 0.09150     lr 3.00e-04  15s  patience 1/15
2026-08-15 23:44:50,787 │ INFO    │   e  8  train 0.10545  val 0.08875  ★  lr 3.00e-04  15s  patience 0/15
2026-08-15 23:45:05,823 │ INFO    │   e  9  train 0.10485  val 0.08600  ★  lr 3.00e-04  15s  patience 0/15
2026-08-15 23:45:20,796 │ INFO    │   e 10  train 0.10447  val 0.08743     lr 3.00e-04  15s  patience 1/15
2026-08-15 23:45:35,817 │ INFO    │   e 11  train 0.10379  val 0.08595  ★  lr 3.00e-04  15s  patience 0/15
2026-08-15 23:45:50,753 │ INFO    │   e 12  train 0.10347  val 0.09024     lr 3.00e-04  15s  patience 1/15
2026-08-15 23:46:05,687 │ INFO    │   e 13  train 0.10331  val 0.08728     lr 3.00e-04  15s  patience 2/15
2026-08-15 23:46:20,700 │ INFO    │   e 14  train 0.10151  val 0.08448  ★  lr 3.00e-04  15s  patience 0/15
2026-08-15 23:46:35,639 │ INFO    │   e 15  train 0.10246  val 0.08612     lr 3.00e-04  15s  patience 1/15
2026-08-15 23:46:50,581 │ INFO    │   e 16  train 0.10119  val 0.08642     lr 3.00e-04  15s  patience 2/15
2026-08-15 23:47:05,535 │ INFO    │   e 17  train 0.10087  val 0.08566     lr 3.00e-04  15s  patience 3/15
2026-08-15 23:47:20,586 │ INFO    │   e 18  train 0.10075  val 0.08259  ★  lr 3.00e-04  15s  patience 0/15
2026-08-15 23:47:35,566 │ INFO    │   e 19  train 0.10086  val 0.08437     lr 3.00e-04  15s  patience 1/15
2026-08-15 23:47:50,549 │ INFO    │   e 20  train 0.10017  val 0.08506     lr 3.00e-04  15s  patience 2/15
2026-08-15 23:48:05,545 │ INFO    │   e 21  train 0.09951  val 0.08347     lr 3.00e-04  15s  patience 3/15
2026-08-15 23:48:20,604 │ INFO    │   e 22  train 0.10003  val 0.08091  ★  lr 3.00e-04  15s  patience 0/15
2026-08-15 23:48:35,607 │ INFO    │   e 23  train 0.09940  val 0.08485     lr 3.00e-04  15s  patience 1/15
2026-08-15 23:48:50,615 │ INFO    │   e 24  train 0.09885  val 0.08374     lr 3.00e-04  15s  patience 2/15
2026-08-15 23:49:05,618 │ INFO    │   e 25  train 0.09865  val 0.08319     lr 3.00e-04  15s  patience 3/15
2026-08-15 23:49:20,620 │ INFO    │   e 26  train 0.09837  val 0.08198     lr 3.00e-04  15s  patience 4/15
2026-08-15 23:49:35,634 │ INFO    │   e 27  train 0.09843  val 0.08117     lr 3.00e-04  15s  patience 5/15
2026-08-15 23:49:50,637 │ INFO    │   e 28  train 0.09868  val 0.08254     lr 3.00e-04  15s  patience 6/15
2026-08-15 23:50:05,757 │ INFO    │   e 29  train 0.09764  val 0.07994  ★  lr 3.00e-04  15s  patience 0/15
2026-08-15 23:50:20,753 │ INFO    │   e 30  train 0.09784  val 0.08713     lr 3.00e-04  15s  patience 1/15
2026-08-15 23:50:35,748 │ INFO    │   e 31  train 0.09750  val 0.08000     lr 3.00e-04  15s  patience 2/15
2026-08-15 23:50:50,752 │ INFO    │   e 32  train 0.09718  val 0.08102     lr 3.00e-04  15s  patience 3/15
2026-08-15 23:51:05,813 │ INFO    │   e 33  train 0.09701  val 0.07929  ★  lr 3.00e-04  15s  patience 0/15
2026-08-15 23:51:20,812 │ INFO    │   e 34  train 0.09726  val 0.08209     lr 3.00e-04  15s  patience 1/15
2026-08-15 23:51:35,803 │ INFO    │   e 35  train 0.09731  val 0.08185     lr 3.00e-04  15s  patience 2/15
2026-08-15 23:51:50,796 │ INFO    │   e 36  train 0.09671  val 0.08092     lr 3.00e-04  15s  patience 3/15
2026-08-15 23:52:05,816 │ INFO    │   e 37  train 0.09670  val 0.07961     lr 3.00e-04  15s  patience 4/15
2026-08-15 23:52:20,797 │ INFO    │   e 38  train 0.09620  val 0.08556     lr 3.00e-04  15s  patience 5/15
2026-08-15 23:52:35,856 │ INFO    │   e 39  train 0.09641  val 0.07874  ★  lr 3.00e-04  15s  patience 0/15
2026-08-15 23:52:50,860 │ INFO    │   e 40  train 0.09576  val 0.08102     lr 3.00e-04  15s  patience 1/15
2026-08-15 23:53:05,910 │ INFO    │   e 41  train 0.09569  val 0.07821  ★  lr 3.00e-04  15s  patience 0/15
2026-08-15 23:53:20,915 │ INFO    │   e 42  train 0.09626  val 0.07902     lr 3.00e-04  15s  patience 1/15
2026-08-15 23:53:35,937 │ INFO    │   e 43  train 0.09553  val 0.07899     lr 3.00e-04  15s  patience 2/15
2026-08-15 23:53:50,974 │ INFO    │   e 44  train 0.09520  val 0.07900     lr 3.00e-04  15s  patience 3/15
2026-08-15 23:54:05,987 │ INFO    │   e 45  train 0.09554  val 0.08013     lr 3.00e-04  15s  patience 4/15
2026-08-15 23:54:21,074 │ INFO    │   e 46  train 0.09505  val 0.07676  ★  lr 3.00e-04  15s  patience 0/15
2026-08-15 23:54:36,087 │ INFO    │   e 47  train 0.09514  val 0.07947     lr 3.00e-04  15s  patience 1/15
2026-08-15 23:54:51,110 │ INFO    │   e 48  train 0.09489  val 0.07717     lr 3.00e-04  15s  patience 2/15
2026-08-15 23:55:06,131 │ INFO    │   e 49  train 0.09485  val 0.07905     lr 3.00e-04  15s  patience 3/15
2026-08-15 23:55:21,138 │ INFO    │   e 50  train 0.09472  val 0.07968     lr 3.00e-04  15s  patience 4/15
2026-08-15 23:55:36,211 │ INFO    │   e 51  train 0.09464  val 0.07665  ★  lr 3.00e-04  15s  patience 0/15
2026-08-15 23:55:51,282 │ INFO    │   e 52  train 0.09431  val 0.07630  ★  lr 3.00e-04  15s  patience 0/15
2026-08-15 23:56:06,311 │ INFO    │   e 53  train 0.09437  val 0.08019     lr 3.00e-04  15s  patience 1/15
2026-08-15 23:56:21,318 │ INFO    │   e 54  train 0.09439  val 0.07752     lr 3.00e-04  15s  patience 2/15
2026-08-15 23:56:36,331 │ INFO    │   e 55  train 0.09515  val 0.07818     lr 3.00e-04  15s  patience 3/15
2026-08-15 23:56:51,343 │ INFO    │   e 56  train 0.09437  val 0.07779     lr 3.00e-04  15s  patience 4/15
2026-08-15 23:57:06,365 │ INFO    │   e 57  train 0.09405  val 0.07763     lr 3.00e-04  15s  patience 5/15
2026-08-15 23:57:21,379 │ INFO    │   e 58  train 0.09387  val 0.08046     lr 3.00e-04  15s  patience 6/15
2026-08-15 23:57:36,388 │ INFO    │   e 59  train 0.09373  val 0.07746     lr 1.50e-04  15s  patience 7/15
2026-08-15 23:57:51,385 │ INFO    │   e 60  train 0.09320  val 0.07713     lr 1.50e-04  15s  patience 8/15
2026-08-15 23:58:06,468 │ INFO    │   e 61  train 0.09289  val 0.07611  ★  lr 1.50e-04  15s  patience 0/15
2026-08-15 23:58:21,533 │ INFO    │   e 62  train 0.09311  val 0.07556  ★  lr 1.50e-04  15s  patience 0/15
2026-08-15 23:58:36,542 │ INFO    │   e 63  train 0.09291  val 0.07855     lr 1.50e-04  15s  patience 1/15
2026-08-15 23:58:51,537 │ INFO    │   e 64  train 0.09297  val 0.07680     lr 1.50e-04  15s  patience 2/15
2026-08-15 23:59:06,519 │ INFO    │   e 65  train 0.09280  val 0.07638     lr 1.50e-04  15s  patience 3/15
2026-08-15 23:59:21,535 │ INFO    │   e 66  train 0.09292  val 0.07670     lr 1.50e-04  15s  patience 4/15
2026-08-15 23:59:36,545 │ INFO    │   e 67  train 0.09288  val 0.08076     lr 1.50e-04  15s  patience 5/15
2026-08-15 23:59:51,544 │ INFO    │   e 68  train 0.09293  val 0.07674     lr 1.50e-04  15s  patience 6/15
2026-08-16 00:00:06,557 │ INFO    │   e 69  train 0.09251  val 0.07748     lr 7.50e-05  15s  patience 7/15
2026-08-16 00:00:21,581 │ INFO    │   e 70  train 0.09220  val 0.07673     lr 7.50e-05  15s  patience 8/15
2026-08-16 00:00:36,621 │ INFO    │   e 71  train 0.09216  val 0.07605     lr 7.50e-05  15s  patience 9/15
2026-08-16 00:00:51,631 │ INFO    │   e 72  train 0.09208  val 0.07620     lr 7.50e-05  15s  patience 10/15
2026-08-16 00:01:06,667 │ INFO    │   e 73  train 0.09212  val 0.07605     lr 7.50e-05  15s  patience 11/15
2026-08-16 00:01:21,690 │ INFO    │   e 74  train 0.09210  val 0.07679     lr 7.50e-05  15s  patience 12/15
2026-08-16 00:01:36,720 │ INFO    │   e 75  train 0.09199  val 0.07731     lr 7.50e-05  15s  patience 13/15
2026-08-16 00:01:51,772 │ INFO    │   e 76  train 0.09219  val 0.07767     lr 3.75e-05  15s  patience 14/15
2026-08-16 00:02:06,810 │ INFO    │   e 77  train 0.09184  val 0.07557     lr 3.75e-05  15s  patience 15/15
2026-08-16 00:02:06,895 │ INFO    │   ⏹ early stop at epoch 78 (best 0.07556 @ epoch 62)
2026-08-16 00:02:06,983 │ INFO    │ ✔ finished [MC-Dropout] best_val=0.07556 @ epoch 62
2026-08-16 00:04:02,657 │ INFO    │ ▶ training [Quantile Reg.] — 3,640 train / 364 tune windows, 114 batches/epoch, from epoch 0
2026-08-16 00:04:17,571 │ INFO    │   e  0  train 0.25802  val 0.16540  ★  lr 3.00e-04  15s  patience 0/15
2026-08-16 00:04:32,668 │ INFO    │   e  1  train 0.16385  val 0.13232  ★  lr 3.00e-04  15s  patience 0/15
2026-08-16 00:04:47,823 │ INFO    │   e  2  train 0.14816  val 0.12770  ★  lr 3.00e-04  15s  patience 0/15
2026-08-16 00:05:02,963 │ INFO    │   e  3  train 0.14201  val 0.11973  ★  lr 3.00e-04  15s  patience 0/15
2026-08-16 00:05:18,074 │ INFO    │   e  4  train 0.13870  val 0.11942  ★  lr 3.00e-04  15s  patience 0/15
2026-08-16 00:05:33,189 │ INFO    │   e  5  train 0.13574  val 0.11371  ★  lr 3.00e-04  15s  patience 0/15
2026-08-16 00:05:48,268 │ INFO    │   e  6  train 0.13455  val 0.11246  ★  lr 3.00e-04  15s  patience 0/15
2026-08-16 00:06:03,279 │ INFO    │   e  7  train 0.13288  val 0.11475     lr 3.00e-04  15s  patience 1/15
2026-08-16 00:06:18,328 │ INFO    │   e  8  train 0.13113  val 0.10992  ★  lr 3.00e-04  15s  patience 0/15
2026-08-16 00:06:33,388 │ INFO    │   e  9  train 0.13020  val 0.10740  ★  lr 3.00e-04  15s  patience 0/15
2026-08-16 00:06:48,382 │ INFO    │   e 10  train 0.12943  val 0.10920     lr 3.00e-04  15s  patience 1/15
2026-08-16 00:07:03,454 │ INFO    │   e 11  train 0.12875  val 0.10675  ★  lr 3.00e-04  15s  patience 0/15
2026-08-16 00:07:18,464 │ INFO    │   e 12  train 0.12830  val 0.11228     lr 3.00e-04  15s  patience 1/15
2026-08-16 00:07:33,489 │ INFO    │   e 13  train 0.12775  val 0.10923     lr 3.00e-04  15s  patience 2/15
2026-08-16 00:07:48,579 │ INFO    │   e 14  train 0.12597  val 0.10607  ★  lr 3.00e-04  15s  patience 0/15
2026-08-16 00:08:03,696 │ INFO    │   e 15  train 0.12665  val 0.10592  ★  lr 3.00e-04  15s  patience 0/15
2026-08-16 00:08:18,740 │ INFO    │   e 16  train 0.12510  val 0.10778     lr 3.00e-04  15s  patience 1/15
2026-08-16 00:08:33,795 │ INFO    │   e 17  train 0.12485  val 0.10728     lr 3.00e-04  15s  patience 2/15
2026-08-16 00:08:48,924 │ INFO    │   e 18  train 0.12512  val 0.10573  ★  lr 3.00e-04  15s  patience 0/15
2026-08-16 00:09:04,056 │ INFO    │   e 19  train 0.12491  val 0.10535  ★  lr 3.00e-04  15s  patience 0/15
2026-08-16 00:09:19,119 │ INFO    │   e 20  train 0.12391  val 0.10633     lr 3.00e-04  15s  patience 1/15
2026-08-16 00:09:34,268 │ INFO    │   e 21  train 0.12348  val 0.10347  ★  lr 3.00e-04  15s  patience 0/15
2026-08-16 00:09:49,404 │ INFO    │   e 22  train 0.12381  val 0.10222  ★  lr 3.00e-04  15s  patience 0/15
2026-08-16 00:10:04,470 │ INFO    │   e 23  train 0.12315  val 0.10432     lr 3.00e-04  15s  patience 1/15
2026-08-16 00:10:19,550 │ INFO    │   e 24  train 0.12237  val 0.10355     lr 3.00e-04  15s  patience 2/15
2026-08-16 00:10:34,631 │ INFO    │   e 25  train 0.12239  val 0.10272     lr 3.00e-04  15s  patience 3/15
2026-08-16 00:10:49,776 │ INFO    │   e 26  train 0.12187  val 0.10093  ★  lr 3.00e-04  15s  patience 0/15
2026-08-16 00:11:04,844 │ INFO    │   e 27  train 0.12186  val 0.10249     lr 3.00e-04  15s  patience 1/15
2026-08-16 00:11:19,924 │ INFO    │   e 28  train 0.12175  val 0.10211     lr 3.00e-04  15s  patience 2/15
2026-08-16 00:11:35,084 │ INFO    │   e 29  train 0.12109  val 0.09868  ★  lr 3.00e-04  15s  patience 0/15
2026-08-16 00:11:50,162 │ INFO    │   e 30  train 0.12099  val 0.10760     lr 3.00e-04  15s  patience 1/15
2026-08-16 00:12:05,231 │ INFO    │   e 31  train 0.12069  val 0.10098     lr 3.00e-04  15s  patience 2/15
2026-08-16 00:12:20,306 │ INFO    │   e 32  train 0.12020  val 0.10129     lr 3.00e-04  15s  patience 3/15
2026-08-16 00:12:35,407 │ INFO    │   e 33  train 0.11985  val 0.09909     lr 3.00e-04  15s  patience 4/15
2026-08-16 00:12:50,466 │ INFO    │   e 34  train 0.12000  val 0.10187     lr 3.00e-04  15s  patience 5/15
2026-08-16 00:13:05,531 │ INFO    │   e 35  train 0.12018  val 0.10171     lr 3.00e-04  15s  patience 6/15
2026-08-16 00:13:20,626 │ INFO    │   e 36  train 0.11991  val 0.09962     lr 1.50e-04  15s  patience 7/15
2026-08-16 00:13:35,696 │ INFO    │   e 37  train 0.11816  val 0.09910     lr 1.50e-04  15s  patience 8/15
2026-08-16 00:13:50,795 │ INFO    │   e 38  train 0.11797  val 0.10094     lr 1.50e-04  15s  patience 9/15
2026-08-16 00:14:05,973 │ INFO    │   e 39  train 0.11808  val 0.09855  ★  lr 1.50e-04  15s  patience 0/15
2026-08-16 00:14:21,139 │ INFO    │   e 40  train 0.11785  val 0.09806  ★  lr 1.50e-04  15s  patience 0/15
2026-08-16 00:14:36,346 │ INFO    │   e 41  train 0.11755  val 0.09758  ★  lr 1.50e-04  15s  patience 0/15
2026-08-16 00:14:51,506 │ INFO    │   e 42  train 0.11819  val 0.09758  ★  lr 1.50e-04  15s  patience 0/15
2026-08-16 00:15:06,675 │ INFO    │   e 43  train 0.11736  val 0.09666  ★  lr 1.50e-04  15s  patience 0/15
2026-08-16 00:15:21,741 │ INFO    │   e 44  train 0.11734  val 0.09967     lr 1.50e-04  15s  patience 1/15
2026-08-16 00:15:36,867 │ INFO    │   e 45  train 0.11712  val 0.09694     lr 1.50e-04  15s  patience 2/15
2026-08-16 00:15:51,946 │ INFO    │   e 46  train 0.11673  val 0.09752     lr 1.50e-04  15s  patience 3/15
2026-08-16 00:16:07,034 │ INFO    │   e 47  train 0.11700  val 0.09727     lr 1.50e-04  15s  patience 4/15
2026-08-16 00:16:22,170 │ INFO    │   e 48  train 0.11676  val 0.09554  ★  lr 1.50e-04  15s  patience 0/15
2026-08-16 00:16:37,224 │ INFO    │   e 49  train 0.11691  val 0.09785     lr 1.50e-04  15s  patience 1/15
2026-08-16 00:16:52,302 │ INFO    │   e 50  train 0.11656  val 0.09780     lr 1.50e-04  15s  patience 2/15
2026-08-16 00:17:07,371 │ INFO    │   e 51  train 0.11663  val 0.09732     lr 1.50e-04  15s  patience 3/15
2026-08-16 00:17:22,435 │ INFO    │   e 52  train 0.11641  val 0.09725     lr 1.50e-04  15s  patience 4/15
2026-08-16 00:17:37,497 │ INFO    │   e 53  train 0.11641  val 0.09603     lr 1.50e-04  15s  patience 5/15
2026-08-16 00:17:52,566 │ INFO    │   e 54  train 0.11657  val 0.10079     lr 1.50e-04  15s  patience 6/15
2026-08-16 00:18:07,709 │ INFO    │   e 55  train 0.11652  val 0.09529  ★  lr 1.50e-04  15s  patience 0/15
2026-08-16 00:18:22,783 │ INFO    │   e 56  train 0.11632  val 0.09972     lr 1.50e-04  15s  patience 1/15
2026-08-16 00:18:37,866 │ INFO    │   e 57  train 0.11564  val 0.09598     lr 1.50e-04  15s  patience 2/15
2026-08-16 00:18:52,920 │ INFO    │   e 58  train 0.11577  val 0.09688     lr 1.50e-04  15s  patience 3/15
2026-08-16 00:19:07,985 │ INFO    │   e 59  train 0.11590  val 0.09697     lr 1.50e-04  15s  patience 4/15
2026-08-16 00:19:23,075 │ INFO    │   e 60  train 0.11609  val 0.09558     lr 1.50e-04  15s  patience 5/15
2026-08-16 00:19:38,154 │ INFO    │   e 61  train 0.11551  val 0.09543     lr 1.50e-04  15s  patience 6/15
2026-08-16 00:19:53,235 │ INFO    │   e 62  train 0.11593  val 0.09657     lr 7.50e-05  15s  patience 7/15
2026-08-16 00:20:08,292 │ INFO    │   e 63  train 0.11492  val 0.09623     lr 7.50e-05  15s  patience 8/15
2026-08-16 00:20:23,415 │ INFO    │   e 64  train 0.11488  val 0.09442  ★  lr 7.50e-05  15s  patience 0/15
2026-08-16 00:20:38,462 │ INFO    │   e 65  train 0.11511  val 0.09491     lr 7.50e-05  15s  patience 1/15
2026-08-16 00:20:53,540 │ INFO    │   e 66  train 0.11484  val 0.09446     lr 7.50e-05  15s  patience 2/15
2026-08-16 00:21:08,599 │ INFO    │   e 67  train 0.11482  val 0.09502     lr 7.50e-05  15s  patience 3/15
2026-08-16 00:21:23,733 │ INFO    │   e 68  train 0.11468  val 0.09386  ★  lr 7.50e-05  15s  patience 0/15
2026-08-16 00:21:38,804 │ INFO    │   e 69  train 0.11466  val 0.09402     lr 7.50e-05  15s  patience 1/15
2026-08-16 00:21:53,865 │ INFO    │   e 70  train 0.11458  val 0.09555     lr 7.50e-05  15s  patience 2/15
2026-08-16 00:22:08,930 │ INFO    │   e 71  train 0.11464  val 0.09566     lr 7.50e-05  15s  patience 3/15
2026-08-16 00:22:24,006 │ INFO    │   e 72  train 0.11459  val 0.09552     lr 7.50e-05  15s  patience 4/15
2026-08-16 00:22:39,057 │ INFO    │   e 73  train 0.11460  val 0.09459     lr 7.50e-05  15s  patience 5/15
2026-08-16 00:22:54,134 │ INFO    │   e 74  train 0.11456  val 0.09596     lr 7.50e-05  15s  patience 6/15
2026-08-16 00:23:09,210 │ INFO    │   e 75  train 0.11431  val 0.09632     lr 3.75e-05  15s  patience 7/15
2026-08-16 00:23:24,309 │ INFO    │   e 76  train 0.11429  val 0.09558     lr 3.75e-05  15s  patience 8/15
2026-08-16 00:23:39,403 │ INFO    │   e 77  train 0.11414  val 0.09393     lr 3.75e-05  15s  patience 9/15
2026-08-16 00:23:54,467 │ INFO    │   e 78  train 0.11409  val 0.09475     lr 3.75e-05  15s  patience 10/15
2026-08-16 00:24:09,536 │ INFO    │   e 79  train 0.11398  val 0.09538     lr 3.75e-05  15s  patience 11/15
2026-08-16 00:24:09,752 │ INFO    │ ✔ finished [Quantile Reg.] best_val=0.09386 @ epoch 68
2026-08-16 00:24:16,603 │ INFO    │ ✓ cached  [Deep Ensemble]
2026-08-16 00:24:30,092 │ INFO    │ 🖼  figure  [F20] Training convergence and loss curves → F20_fig_training_curves.png
2026-08-16 00:24:32,700 │ INFO    │ 🖼  figure  [F21] Benchmark comparison across all six accuracy metrics → F21_fig_metric_comparison.png
2026-08-16 00:24:34,142 │ INFO    │ 🖼  figure  [F22] Accuracy decomposed by flow direction → F22_fig_channel_breakdown.png
2026-08-16 00:24:34,189 │ INFO    │ F23 horizon RMSE (CALM-Net): 31.2155, 31.7228, 31.4691, 33.8894, 34.9056, 35.3947  → degradation +13.39%
2026-08-16 00:24:36,065 │ INFO    │ 🖼  figure  [F23] Error growth over the forecast horizon → F23_fig_horizon_degradation.png
2026-08-16 00:24:39,721 │ INFO    │ 🖼  figure  [F24] Observed versus predicted flow at representative stations → F24_fig_prediction_traces.png
2026-08-16 00:24:41,212 │ INFO    │ 🖼  figure  [F25] Event-window behaviour and peak forecasting resilience → F25_fig_event_zoom.png
2026-08-16 00:24:42,225 │ INFO    │ 🖼  figure  [F26] Ablation of the four CALM-Net modules → F26_fig_ablation.png
2026-08-16 00:24:44,657 │ INFO    │ 🖼  figure  [F28] Residual diagnostics and per-station error → F28_fig_residuals.png
2026-08-16 00:24:46,268 │ INFO    │ 🖼  figure  [F29] Coverage calibration against the nominal level → F29_fig_calibration.png
2026-08-16 00:24:47,398 │ INFO    │ 🖼  figure  [F30] Conditional coverage inside each Mondrian bin → F30_fig_conditional_coverage.png
2026-08-16 00:24:49,060 │ INFO    │ 🖼  figure  [F31] Peak containment on event days → F31_fig_peak_containment.png
2026-08-16 00:24:50,484 │ INFO    │ 🖼  figure  [F32] Prediction intervals through an event day → F32_fig_interval_fan.png
2026-08-16 00:24:50,591 │ INFO    │ CALM-Net restored from best.pt
2026-08-16 00:24:53,393 │ INFO    │ 🖼  figure  [F33] Context-driven graph reorganisation across operating regimes → F33_fig_cdg_regimes.png
2026-08-16 00:24:53,494 │ INFO    │ CALM-Net restored from best.pt
2026-08-16 00:24:56,410 │ INFO    │ 🖼  figure  [F34] Hour-by-hour reorganisation of network connectivity → F34_fig_graph_per_hour.png
2026-08-16 00:24:57,514 │ INFO    │ 🖼  figure  [F27] Delay-kernel order ablation and the learned weights → F27_fig_kernel_ablation.png
2026-08-16 00:24:57,517 │ INFO    │ Result figures rendered/verified: 15/15
2026-08-16 00:24:57,628 │ INFO    │ CALM-Net restored from best.pt
2026-08-16 00:25:02,594 │ INFO    │ PIPELINE COMPLETE - CALM-Net.
2026-08-16 00:47:14,273 │ INFO    │ ✓ figure  [F20] exists — skipping (force=True to redraw)
2026-08-16 00:47:14,277 │ INFO    │ ✓ figure  [F21] exists — skipping (force=True to redraw)
2026-08-16 00:47:14,282 │ INFO    │ ✓ figure  [F22] exists — skipping (force=True to redraw)
2026-08-16 00:47:14,286 │ INFO    │ ✓ figure  [F23] exists — skipping (force=True to redraw)
2026-08-16 00:47:14,288 │ INFO    │ ✓ figure  [F24] exists — skipping (force=True to redraw)
2026-08-16 00:47:14,289 │ INFO    │ ✓ figure  [F25] exists — skipping (force=True to redraw)
2026-08-16 00:47:14,291 │ INFO    │ ✓ figure  [F26] exists — skipping (force=True to redraw)
2026-08-16 00:47:14,292 │ INFO    │ ✓ figure  [F28] exists — skipping (force=True to redraw)
2026-08-16 00:47:14,294 │ INFO    │ ✓ figure  [F29] exists — skipping (force=True to redraw)
2026-08-16 00:47:14,296 │ INFO    │ ✓ figure  [F30] exists — skipping (force=True to redraw)
2026-08-16 00:47:14,297 │ INFO    │ ✓ figure  [F31] exists — skipping (force=True to redraw)
2026-08-16 00:47:14,299 │ INFO    │ ✓ figure  [F32] exists — skipping (force=True to redraw)
2026-08-16 00:47:14,301 │ INFO    │ ✓ figure  [F33] exists — skipping (force=True to redraw)
2026-08-16 00:47:14,303 │ INFO    │ ✓ figure  [F34] exists — skipping (force=True to redraw)
2026-08-16 00:47:14,304 │ INFO    │ ✓ figure  [F27] exists — skipping (force=True to redraw)
2026-08-16 00:47:14,306 │ INFO    │ Result figures rendered/verified: 15/15
2026-08-16 00:47:22,273 │ INFO    │ CALM-Net restored from best.pt
2026-08-16 00:47:39,158 │ INFO    │ PIPELINE COMPLETE - CALM-Net.
